datetime,Konstanz SW mean,Konstanz SW max,Konstanz SW min,Konstanz SW 3s max,Konstanz SW q25,Konstanz SW q75,Konstanz SW direction,Konstanz GEFS-c00 mean,Konstanz GEFS-c00 max,Konstanz GEFS-c00 direction,Konstanz GEFS-p01 mean,Konstanz GEFS-p01 max,Konstanz GEFS-p01 direction,Konstanz GEFS-p02 mean,Konstanz GEFS-p02 max,Konstanz GEFS-p02 direction,Konstanz GEFS-p03 mean,Konstanz GEFS-p03 max,Konstanz GEFS-p03 direction,Konstanz GEFS-p04 mean,Konstanz GEFS-p04 max,Konstanz GEFS-p04 direction,Konstanz GFS mean,Konstanz GFS max,Konstanz GFS direction,Konstanz ICON-EU mean,Konstanz ICON-EU max,Konstanz ICON-EU direction,Konstanz ICON-D2 mean,Konstanz ICON-D2 max,Konstanz ICON-D2 direction,Konstanz MOSMIX mean,Konstanz MOSMIX max,Konstanz MOSMIX direction,Konstanz mean,Konstanz max,Konstanz min,Konstanz 3s max,Konstanz direction
2026-10-09 01:00,1.80,2.94,0.85,2.01,2.60,1.15,343.80,1.10,1.42,332.05,0.56,0.74,350.84,1.16,1.53,310.16,0.82,1.11,317.05,1.58,2.30,333.08,1.60,2.41,335.19,,,,1.36,0.00,280.12,2.06,4.63,243.00,1.30,1.80,0.80,1.30,50.00
2026-10-09 01:10,1.79,2.92,0.85,2.00,2.58,1.15,343.41,1.10,1.42,332.05,0.56,0.74,350.84,1.16,1.53,310.16,0.82,1.11,317.05,1.58,2.30,333.08,1.60,2.41,335.19,,,,1.36,0.00,280.12,2.06,4.63,243.00,1.20,2.10,0.60,1.30,10.00
2026-10-09 01:20,1.79,2.92,0.85,2.00,2.60,1.13,343.56,1.10,1.42,332.05,0.56,0.74,350.84,1.16,1.53,310.16,0.82,1.11,317.05,1.58,2.30,333.08,1.60,2.41,335.19,,,,1.36,0.00,280.12,2.06,4.63,243.00,1.90,2.50,1.20,1.90,330.00
2026-10-09 01:30,1.78,2.91,0.85,1.99,2.57,1.18,343.98,1.10,1.42,332.05,0.56,0.74,350.84,1.16,1.53,310.16,0.82,1.11,317.05,1.58,2.30,333.08,1.60,2.41,335.19,,,,1.36,0.00,280.12,2.06,4.63,243.00,1.90,2.50,1.30,1.90,340.00
2026-10-09 01:40,1.77,2.88,0.84,1.97,2.51,1.14,344.56,1.10,1.42,332.05,0.56,0.74,350.84,1.16,1.53,310.16,0.82,1.11,317.05,1.58,2.30,333.08,1.60,2.41,335.19,,,,1.36,0.00,280.12,2.06,4.63,243.00,1.70,2.20,1.20,1.90,340.00
2026-10-09 01:50,1.74,2.84,0.83,1.95,2.52,1.13,345.24,1.10,1.42,332.05,0.56,0.74,350.84,1.16,1.53,310.16,0.82,1.11,317.05,1.58,2.30,333.08,1.60,2.41,335.19,,,,1.36,0.00,280.12,2.06,4.63,243.00,1.60,2.20,0.90,1.80,340.00
2026-10-09 02:00,1.72,2.79,0.82,1.92,2.49,1.10,346.01,1.10,1.42,332.05,0.56,0.74,350.84,1.16,1.53,310.16,0.82,1.11,317.05,1.58,2.30,333.08,1.60,2.41,335.19,,,,1.36,0.00,280.12,2.06,4.63,243.00,0.80,1.20,0.50,1.60,10.00
2026-10-09 02:10,1.68,2.74,0.81,1.88,2.38,1.07,346.88,1.11,1.43,333.24,0.60,0.79,332.34,1.16,1.52,311.98,0.85,1.14,318.52,1.54,2.24,333.58,1.47,2.14,280.54,,,,1.36,0.00,280.12,2.06,4.63,243.00,1.30,1.80,0.80,1.30,350.00
2026-10-09 02:20,1.66,2.71,0.79,1.86,2.41,1.04,347.86,1.13,1.44,334.43,0.65,0.83,313.85,1.16,1.52,313.80,0.88,1.17,320.00,1.51,2.18,334.07,1.33,1.87,225.88,,,,1.36,0.00,280.12,2.06,4.63,243.00,2.10,2.60,1.60,2.10,340.00
2026-10-09 02:30,1.64,2.68,0.78,1.84,2.41,1.04,348.96,1.15,1.46,335.62,0.69,0.88,295.35,1.17,1.51,315.63,0.91,1.19,321.47,1.48,2.12,334.57,1.19,1.61,171.23,,,,1.36,0.00,280.12,2.06,4.63,243.00,2.10,2.70,1.50,2.30,340.00
2026-10-09 02:40,1.62,2.65,0.76,1.82,2.31,1.02,350.15,1.16,1.47,336.81,0.73,0.93,276.85,1.17,1.51,317.45,0.94,1.22,322.94,1.45,2.06,335.06,1.05,1.34,116.58,,,,1.36,0.00,280.12,2.06,4.63,243.00,2.00,2.50,1.60,2.10,340.00
2026-10-09 02:50,1.60,2.61,0.75,1.79,2.38,0.98,351.39,1.18,1.48,338.00,0.77,0.98,258.35,1.17,1.50,319.28,0.98,1.25,324.41,1.41,2.00,335.55,0.92,1.07,61.93,,,,1.36,0.00,280.12,2.06,4.63,243.00,2.00,2.60,1.60,2.00,340.00
2026-10-09 03:00,1.58,2.58,0.73,1.77,2.26,0.94,352.70,1.20,1.49,339.19,0.82,1.03,239.86,1.18,1.50,321.10,1.01,1.28,325.89,1.38,1.93,336.05,0.78,0.80,7.28,,,,1.36,0.00,280.12,2.06,4.63,243.00,2.10,2.60,1.60,2.20,350.00
2026-10-09 03:10,1.56,2.56,0.72,1.75,2.28,0.94,354.15,1.21,1.51,340.38,0.86,1.08,221.36,1.18,1.49,322.93,1.04,1.31,327.36,1.35,1.87,336.54,0.72,0.73,13.37,,,,1.36,0.00,280.12,2.06,4.63,243.00,1.60,2.40,0.90,2.10,350.00
2026-10-09 03:20,1.52,2.50,0.70,1.71,2.26,0.94,355.81,1.23,1.52,341.58,0.90,1.12,202.86,1.18,1.49,324.75,1.07,1.33,328.83,1.32,1.81,337.03,0.66,0.67,19.47,,,,1.36,0.00,280.12,2.06,4.63,243.00,1.60,2.50,1.10,1.60,350.00
2026-10-09 03:30,1.48,2.44,0.67,1.67,2.22,0.87,357.36,1.25,1.53,342.77,0.95,1.17,184.36,1.19,1.48,326.57,1.10,1.36,330.30,1.28,1.75,337.53,0.60,0.60,25.56,,,,1.36,0.00,280.12,2.06,4.63,243.00,2.10,2.40,1.20,2.10,350.00
2026-10-09 03:40,1.43,2.35,0.65,1.62,2.13,0.87,358.70,1.26,1.54,343.96,0.99,1.22,165.87,1.19,1.47,328.40,1.13,1.39,331.77,1.25,1.69,338.02,0.54,0.53,31.65,,,,1.36,0.00,280.12,2.06,4.63,243.00,1.80,2.30,1.00,2.10,340.00
2026-10-09 03:50,1.39,2.29,0.63,1.57,2.07,0.85,180.21,1.28,1.56,345.15,1.03,1.27,147.37,1.19,1.47,330.22,1.17,1.42,333.25,1.22,1.63,338.52,0.47,0.47,37.75,,,,1.36,0.00,280.12,2.06,4.63,243.00,2.00,2.20,1.50,2.00,340.00
2026-10-09 04:00,1.35,2.22,0.60,1.53,2.00,0.84,1.72,1.30,1.57,346.34,1.08,1.32,128.87,1.20,1.46,332.05,1.20,1.44,334.72,1.19,1.57,339.01,0.41,0.40,43.84,,,,1.36,0.00,280.12,2.06,4.63,243.00,1.80,2.10,1.20,2.00,350.00
2026-10-09 04:10,1.33,2.18,0.59,1.50,1.91,0.81,2.64,1.31,1.58,347.53,1.12,1.37,110.37,1.20,1.46,333.87,1.23,1.47,336.19,1.16,1.51,339.50,0.49,0.47,37.51,,,,1.36,0.00,280.12,2.06,4.63,243.00,1.70,2.10,1.10,1.80,340.00
2026-10-09 04:20,1.33,2.18,0.59,1.50,1.99,0.83,3.25,1.33,1.59,348.72,1.16,1.41,91.87,1.20,1.45,335.70,1.26,1.50,337.66,1.12,1.45,340.00,0.57,0.54,31.17,,,,1.36,0.00,280.12,2.06,4.63,243.00,1.60,2.00,1.20,1.80,350.00
2026-10-09 04:30,1.33,2.18,0.60,1.51,1.99,0.81,3.90,1.34,1.61,349.91,1.20,1.46,73.38,1.20,1.45,337.52,1.29,1.53,339.14,1.09,1.39,340.49,0.66,0.60,24.83,,,,1.36,0.00,280.12,2.06,4.63,243.00,1.40,2.30,1.10,1.50,350.00
2026-10-09 04:40,1.34,2.19,0.60,1.51,1.98,0.79,4.58,1.36,1.62,351.10,1.25,1.51,54.88,1.21,1.44,339.34,1.32,1.56,340.61,1.06,1.32,340.98,0.74,0.67,18.50,,,,1.36,0.00,280.12,2.06,4.63,243.00,1.30,2.40,0.30,1.60,360.00
2026-10-09 04:50,1.35,2.21,0.61,1.52,2.02,0.81,5.32,1.38,1.63,352.29,1.29,1.56,36.38,1.21,1.43,341.17,1.36,1.58,342.08,1.03,1.26,341.48,0.82,0.74,12.16,,,,1.36,0.00,280.12,2.06,4.63,243.00,0.60,1.30,0.10,1.30,60.00
2026-10-09 05:00,1.36,2.22,0.62,1.54,2.00,0.82,6.20,1.39,1.64,353.48,1.33,1.61,17.88,1.21,1.43,342.99,1.39,1.61,343.55,0.99,1.20,341.97,0.90,0.81,5.83,,,,1.36,0.00,280.12,2.06,4.63,243.00,,,,,
2026-10-09 05:10,1.38,2.25,0.63,1.55,2.11,0.85,7.17,1.33,1.57,344.44,1.30,1.57,17.60,1.16,1.37,331.91,1.33,1.54,340.31,0.98,1.19,334.62,0.87,0.79,6.94,,,,1.36,0.00,280.12,2.06,4.63,243.00,,,,,
2026-10-09 05:20,1.38,2.25,0.63,1.56,2.04,0.85,8.56,1.26,1.50,335.41,1.27,1.53,17.31,1.10,1.32,320.82,1.26,1.47,337.06,0.97,1.19,327.27,0.84,0.78,8.05,,,,1.36,0.00,280.12,2.06,4.63,243.00,,,,,
2026-10-09 05:30,1.39,2.26,0.64,1.57,2.05,0.82,10.53,1.19,1.42,326.38,1.24,1.50,17.03,1.04,1.27,309.74,1.20,1.40,333.82,0.95,1.18,319.92,0.82,0.76,9.17,,,,1.36,0.00,280.12,2.06,4.63,243.00,,,,,
2026-10-09 05:40,1.40,2.28,0.65,1.58,2.07,0.84,13.14,1.12,1.35,317.34,1.21,1.46,16.74,0.98,1.21,298.65,1.14,1.32,330.57,0.94,1.17,312.57,0.79,0.75,10.28,,,,1.36,0.00,280.12,2.06,4.63,243.00,,,,,
2026-10-09 05:50,1.42,2.30,0.66,1.59,2.10,0.87,16.22,1.05,1.28,308.31,1.18,1.43,16.46,0.93,1.16,287.56,1.08,1.25,327.32,0.92,1.16,305.22,0.76,0.73,11.40,,,,1.36,0.00,280.12,2.06,4.63,243.00,,,,,
2026-10-09 06:00,1.43,2.31,0.67,1.61,2.11,0.90,19.36,0.98,1.20,299.28,1.15,1.39,16.18,0.87,1.10,276.48,1.02,1.18,324.08,0.91,1.15,297.87,0.73,0.72,12.51,,,,1.36,0.00,280.12,2.06,4.63,243.00,,,,,
2026-10-09 06:10,1.44,2.32,0.68,1.62,2.14,0.90,22.04,0.91,1.13,290.25,1.12,1.35,15.89,0.81,1.05,265.39,0.95,1.11,320.83,0.90,1.14,290.52,0.79,0.77,69.76,,,,1.36,0.00,280.12,2.06,4.63,243.00,,,,,
2026-10-09 06:20,1.45,2.33,0.69,1.63,2.17,0.90,24.73,0.85,1.06,281.21,1.09,1.32,15.61,0.75,1.00,254.31,0.89,1.04,317.59,0.88,1.14,283.17,0.85,0.81,127.00,,,,1.36,0.00,280.12,2.06,4.63,243.00,,,,,
2026-10-09 06:30,1.45,2.33,0.70,1.63,2.19,0.90,26.66,0.78,0.98,272.18,1.06,1.28,15.32,0.70,0.94,243.22,0.83,0.97,314.34,0.87,1.13,275.82,0.91,0.86,184.25,,,,1.36,0.00,280.12,2.06,4.63,243.00,,,,,
2026-10-09 06:40,1.45,2.33,0.70,1.63,2.16,0.95,28.11,0.71,0.91,263.15,1.02,1.24,15.04,0.64,0.89,232.13,0.77,0.89,311.09,0.85,1.12,268.47,0.97,0.91,241.50,,,,1.36,0.00,280.12,2.06,4.63,243.00,,,,,
2026-10-09 06:50,1.45,2.32,0.70,1.63,2.15,0.92,29.16,0.64,0.84,254.11,0.99,1.21,14.75,0.58,0.83,221.05,0.71,0.82,307.85,0.84,1.11,261.12,1.02,0.96,298.74,,,,1.36,0.00,280.12,2.06,4.63,243.00,,,,,
2026-10-09 07:00,1.44,2.30,0.70,1.62,2.09,0.93,29.98,0.57,0.76,245.08,0.96,1.17,14.47,0.52,0.78,209.96,0.64,0.75,304.60,0.83,1.10,253.77,1.08,1.01,355.99,,,,1.36,0.00,280.12,2.06,4.63,243.00,,,,,
2026-10-09 07:10,1.43,2.28,0.70,1.60,2.11,0.84,30.67,0.50,0.69,236.05,0.93,1.13,14.18,0.47,0.73,198.88,0.58,0.68,301.36,0.81,1.09,246.42,1.03,0.96,355.97,,,,1.36,0.00,280.12,2.06,4.63,243.00,,,,,
2026-10-09 07:20,1.42,2.26,0.69,1.59,2.13,0.90,31.19,0.43,0.61,227.02,0.90,1.10,13.90,0.41,0.67,187.79,0.52,0.61,298.11,0.80,1.09,239.06,0.98,0.91,355.94,,,,1.36,0.00,280.12,2.06,4.63,243.00,,,,,
2026-10-09 07:30,1.41,2.25,0.69,1.58,2.09,0.83,31.58,0.37,0.54,217.98,0.87,1.06,13.61,0.35,0.62,176.70,0.46,0.53,294.86,0.78,1.08,231.71,0.93,0.85,355.92,,,,1.36,0.00,280.12,2.06,4.63,243.00,,,,,
2026-10-09 07:40,1.40,2.23,0.68,1.57,2.07,0.86,31.82,0.30,0.47,208.95,0.84,1.02,13.33,0.29,0.56,165.62,0.40,0.46,291.62,0.77,1.07,224.36,0.88,0.80,355.90,,,,1.36,0.00,280.12,2.06,4.63,243.00,,,,,
2026-10-09 07:50,1.39,2.22,0.67,1.56,2.04,0.89,32.05,0.23,0.39,199.92,0.81,0.99,13.04,0.24,0.51,154.53,0.33,0.39,288.37,0.76,1.06,217.01,0.82,0.75,355.88,,,,1.36,0.00,280.12,2.06,4.63,243.00,,,,,
2026-10-09 08:00,1.38,2.20,0.66,1.55,2.05,0.84,32.09,0.16,0.32,190.89,0.78,0.95,12.76,0.18,0.45,143.45,0.27,0.32,285.13,0.74,1.05,209.66,0.77,0.70,355.86,,,,1.36,0.00,280.12,2.06,4.63,243.00,,,,,
2026-10-09 08:10,1.37,2.19,0.66,1.54,2.06,0.84,31.42,0.23,0.43,193.90,0.77,0.95,28.30,0.25,0.58,149.51,0.34,0.42,281.83,0.82,1.20,211.15,0.76,0.72,351.41,,,,1.36,0.00,280.12,2.06,4.63,243.00,,,,,
2026-10-09 08:20,1.36,2.17,0.65,1.53,2.00,0.83,29.95,0.29,0.53,196.91,0.77,0.94,43.84,0.33,0.71,155.58,0.40,0.53,278.53,0.90,1.35,212.63,0.75,0.74,346.97,,,,1.36,0.00,280.12,2.06,4.63,243.00,,,,,
2026-10-09 08:30,1.35,2.16,0.64,1.52,1.99,0.80,27.94,0.36,0.64,199.93,0.76,0.93,59.39,0.41,0.83,161.65,0.47,0.63,275.23,0.98,1.50,214.11,0.74,0.77,342.53,,,,1.36,0.00,280.12,2.06,4.63,243.00,,,,,
2026-10-09 08:40,1.34,2.14,0.63,1.50,1.94,0.81,25.27,0.42,0.75,202.94,0.76,0.93,74.93,0.48,0.96,167.72,0.53,0.74,271.93,1.05,1.64,215.60,0.73,0.79,338.09,,,,1.36,0.00,280.12,2.06,4.63,243.00,,,,,
2026-10-09 08:50,1.33,2.13,0.63,1.49,1.99,0.80,21.84,0.49,0.85,205.96,0.75,0.92,90.47,0.56,1.08,173.78,0.60,0.85,268.63,1.13,1.79,217.08,0.71,0.81,333.64,,,,1.36,0.00,280.12,2.06,4.63,243.00,,,,,
2026-10-09 09:00,1.32,2.13,0.62,1.49,2.00,0.78,17.46,0.55,0.96,208.97,0.75,0.92,106.01,0.63,1.21,179.85,0.66,0.95,265.33,1.21,1.94,218.56,0.70,0.83,329.20,,,,1.36,0.00,280.12,2.06,4.63,243.00,,,,,
2026-10-09 09:10,1.34,2.17,0.61,1.51,2.02,0.80,9.62,0.62,1.07,211.99,0.74,0.91,121.56,0.71,1.33,185.92,0.73,1.06,262.03,1.29,2.09,220.05,0.68,0.83,315.17,,,,1.36,0.00,280.12,2.06,4.63,243.00,,,,,
2026-10-09 09:20,1.35,2.21,0.61,1.52,2.04,0.82,1.79,0.68,1.17,215.00,0.74,0.91,137.10,0.78,1.46,191.98,0.79,1.16,258.73,1.37,2.24,221.53,0.66,0.82,301.13,,,,1.36,0.00,280.12,2.06,4.63,243.00,,,,,
2026-10-09 09:30,1.38,2.28,0.61,1.55,2.08,0.78,347.81,0.75,1.28,218.02,0.73,0.90,152.64,0.86,1.58,198.05,0.85,1.27,255.43,1.44,2.38,223.01,0.64,0.82,287.10,,,,1.36,0.00,280.12,2.06,4.63,243.00,,,,,
2026-10-09 09:40,1.42,2.36,0.61,1.59,2.25,0.83,331.56,0.81,1.39,221.03,0.72,0.90,168.18,0.93,1.71,204.12,0.92,1.37,252.14,1.52,2.53,224.50,0.62,0.82,273.06,,,,1.36,0.00,280.12,2.06,4.63,243.00,,,,,
2026-10-09 09:50,1.47,2.45,0.62,1.64,2.27,0.86,316.12,0.88,1.49,224.05,0.72,0.89,183.73,1.01,1.84,210.19,0.98,1.48,248.84,1.60,2.68,225.98,0.60,0.81,259.03,,,,1.36,0.00,280.12,2.06,4.63,243.00,,,,,
2026-10-09 10:00,1.51,2.53,0.63,1.69,2.32,0.92,304.22,0.94,1.60,227.06,0.71,0.88,199.27,1.09,1.96,216.25,1.05,1.58,245.54,1.68,2.83,227.46,0.58,0.81,245.00,,,,1.36,0.00,280.12,2.06,4.63,243.00,,,,,
2026-10-09 10:10,1.56,2.62,0.66,1.75,2.37,0.91,295.05,1.01,1.71,230.07,0.71,0.88,214.81,1.16,2.09,222.32,1.11,1.69,242.24,1.76,2.98,228.95,0.72,1.04,241.24,,,,1.36,0.00,280.12,2.06,4.63,243.00,,,,,
2026-10-09 10:20,1.63,2.74,0.68,1.82,2.52,1.02,286.95,1.08,1.81,233.09,0.70,0.87,230.35,1.24,2.21,228.39,1.18,1.79,238.94,1.83,3.13,230.43,0.86,1.28,237.48,,,,1.36,0.00,280.12,2.06,4.63,243.00,,,,,
2026-10-09 10:30,1.70,2.87,0.71,1.89,2.67,1.00,280.10,1.14,1.92,236.10,0.70,0.87,245.90,1.31,2.34,234.46,1.24,1.90,235.64,1.91,3.27,231.91,1.00,1.51,233.72,,,,1.36,0.00,280.12,2.06,4.63,243.00,,,,,
2026-10-09 10:40,1.78,3.01,0.75,1.98,2.73,1.03,274.25,1.21,2.03,239.12,0.69,0.86,261.44,1.39,2.46,240.52,1.31,2.00,232.34,1.99,3.42,233.40,1.14,1.74,229.97,,,,1.36,0.00,280.12,2.06,4.63,243.00,,,,,
2026-10-09 10:50,1.87,3.16,0.79,2.07,2.82,1.10,269.58,1.27,2.14,242.13,0.69,0.86,276.98,1.46,2.59,246.59,1.37,2.11,229.04,2.07,3.57,234.88,1.27,1.97,226.21,,,,1.36,0.00,280.12,2.06,4.63,243.00,,,,,
2026-10-09 11:00,1.94,3.29,0.82,2.15,2.89,1.13,265.83,1.34,2.24,245.15,0.68,0.85,292.53,1.54,2.71,252.66,1.44,2.21,225.74,2.15,3.72,236.36,1.41,2.21,222.45,,,,1.36,0.00,280.12,2.06,4.63,243.00,,,,,
2026-10-09 11:10,2.01,3.42,0.85,2.23,3.00,1.23,262.98,1.46,2.40,244.99,0.79,0.99,288.96,1.68,2.91,252.22,1.55,2.35,226.16,2.28,3.87,236.17,1.55,2.40,223.94,,,,1.43,0.68,278.20,2.06,4.63,243.00,,,,,
2026-10-09 11:20,2.09,3.55,0.88,2.31,3.13,1.28,260.70,1.59,2.55,244.84,0.89,1.13,285.39,1.82,3.10,251.79,1.67,2.49,226.58,2.42,4.03,235.97,1.68,2.60,225.44,,,,1.50,1.35,276.27,2.06,4.63,243.00,,,,,
2026-10-09 11:30,2.16,3.69,0.90,2.39,3.23,1.37,258.60,1.71,2.70,244.68,1.00,1.27,281.83,1.96,3.29,251.36,1.78,2.63,226.99,2.55,4.18,235.78,1.82,2.80,226.93,,,,1.58,2.03,274.34,2.06,4.63,243.00,,,,,
2026-10-09 11:40,2.24,3.83,0.92,2.47,3.34,1.37,256.51,1.83,2.86,244.53,1.10,1.41,278.26,2.10,3.48,250.92,1.90,2.77,227.41,2.69,4.34,235.58,1.95,3.00,228.42,,,,1.65,2.70,272.41,2.06,4.63,243.00,,,,,
2026-10-09 11:50,2.32,3.98,0.93,2.56,3.57,1.46,254.52,1.96,3.01,244.37,1.21,1.55,274.69,2.24,3.67,250.49,2.01,2.91,227.83,2.82,4.49,235.39,2.09,3.20,229.92,,,,1.73,3.38,270.49,2.06,4.63,243.00,,,,,
2026-10-09 12:00,2.50,4.26,1.03,2.75,3.74,1.49,251.57,2.08,3.16,244.22,1.31,1.69,271.13,2.38,3.86,250.05,2.12,3.05,228.24,2.96,4.65,235.20,2.22,3.40,231.41,,,,1.80,4.05,268.56,2.06,4.63,243.00,,,,,
2026-10-09 12:10,2.78,4.75,1.12,3.06,4.07,1.67,251.84,2.20,3.32,244.06,1.42,1.82,267.56,2.52,4.05,249.62,2.24,3.19,228.66,3.09,4.80,235.00,2.34,3.52,231.47,,,,1.92,4.27,267.51,2.23,4.72,242.17,,,,,
2026-10-09 12:20,2.85,4.89,1.13,3.14,4.39,1.73,252.58,2.33,3.47,243.91,1.53,1.96,264.00,2.66,4.24,249.19,2.35,3.33,229.08,3.23,4.96,234.81,2.46,3.64,231.52,,,,2.04,4.49,266.47,2.40,4.80,241.33,,,,,
2026-10-09 12:30,2.93,5.03,1.16,3.22,4.42,1.81,252.36,2.45,3.62,243.75,1.63,2.10,260.43,2.80,4.44,248.75,2.47,3.46,229.49,3.36,5.11,234.61,2.58,3.76,231.58,,,,2.16,4.71,265.42,2.57,4.89,240.50,,,,,
2026-10-09 12:40,3.00,5.17,1.18,3.30,4.51,1.80,251.88,2.58,3.78,243.60,1.74,2.24,256.86,2.95,4.63,248.32,2.58,3.60,229.91,3.50,5.27,234.42,2.70,3.88,231.63,,,,2.28,4.93,264.38,2.75,4.97,239.67,,,,,
2026-10-09 12:50,3.08,5.30,1.21,3.38,4.57,1.83,251.34,2.70,3.93,243.44,1.84,2.38,253.30,3.09,4.82,247.88,2.70,3.74,230.33,3.63,5.42,234.22,2.82,4.00,231.69,,,,2.39,5.15,263.33,2.92,5.05,238.83,,,,,
2026-10-09 13:00,3.14,5.41,1.24,3.45,4.78,1.94,250.83,2.82,4.09,243.29,1.95,2.52,249.73,3.23,5.01,247.45,2.81,3.88,230.74,3.77,5.58,234.03,2.94,4.12,231.74,,,,2.51,5.36,262.29,3.09,5.14,238.00,,,,,
2026-10-09 13:10,3.20,5.52,1.26,3.52,4.74,2.00,250.38,2.95,4.24,243.13,2.05,2.66,246.16,3.37,5.20,247.02,2.93,4.02,231.16,3.90,5.73,233.83,3.04,4.24,233.70,,,,2.68,5.69,261.79,3.17,5.31,238.17,,,,,
2026-10-09 13:20,3.29,5.67,1.29,3.60,4.88,2.04,249.99,3.07,4.39,242.98,2.16,2.80,242.60,3.51,5.39,246.58,3.04,4.16,231.57,4.04,5.89,233.64,3.14,4.35,235.65,,,,2.85,6.01,261.28,3.26,5.48,238.33,,,,,
2026-10-09 13:30,3.37,5.81,1.32,3.69,4.91,2.03,249.82,3.19,4.55,242.82,2.26,2.94,239.03,3.65,5.58,246.15,3.16,4.30,231.99,4.17,6.04,233.44,3.24,4.47,237.61,,,,3.02,6.33,260.78,3.34,5.65,238.50,,,,,
2026-10-09 13:40,3.45,5.95,1.36,3.78,5.19,2.19,249.75,3.32,4.70,242.67,2.37,3.07,235.47,3.79,5.77,245.71,3.27,4.44,232.41,4.31,6.20,233.25,3.34,4.59,239.56,,,,3.19,6.66,260.28,3.43,5.83,238.67,,,,,
2026-10-09 13:50,3.55,6.11,1.40,3.88,5.18,2.21,249.70,3.44,4.85,242.51,2.47,3.21,231.90,3.93,5.96,245.28,3.39,4.58,232.82,4.45,6.35,233.05,3.44,4.71,241.52,,,,3.36,6.98,259.77,3.51,6.00,238.83,,,,,
2026-10-09 14:00,3.65,6.28,1.46,3.99,5.39,2.25,249.68,3.57,5.01,242.36,2.58,3.35,228.33,4.07,6.16,244.85,3.50,4.71,233.24,4.58,6.50,232.86,3.54,4.83,243.48,,,,3.53,7.30,259.27,3.60,6.17,239.00,,,,,
2026-10-09 14:10,3.76,6.45,1.51,4.09,5.32,2.34,249.73,3.61,5.12,242.15,2.67,3.51,228.48,4.15,6.37,244.43,3.53,4.84,233.67,4.54,6.58,233.84,3.62,4.96,244.20,,,,3.55,7.36,257.26,3.69,6.26,239.17,,,,,
2026-10-09 14:20,3.82,6.55,1.54,4.16,5.43,2.42,249.91,3.66,5.24,241.94,2.76,3.67,228.64,4.23,6.59,244.00,3.57,4.97,234.10,4.51,6.66,234.82,3.71,5.09,244.92,,,,3.57,7.41,255.25,3.77,6.34,239.33,,,,,
2026-10-09 14:30,3.87,6.64,1.56,4.21,5.70,2.45,250.08,3.71,5.36,241.73,2.86,3.84,228.79,4.31,6.80,243.58,3.60,5.10,234.53,4.47,6.74,235.80,3.79,5.22,245.65,,,,3.59,7.47,253.24,3.86,6.43,239.50,,,,,
2026-10-09 14:40,3.92,6.73,1.59,4.27,5.67,2.55,250.18,3.76,5.47,241.52,2.95,4.00,228.94,4.39,7.02,243.16,3.63,5.23,234.96,4.43,6.82,236.78,3.87,5.35,246.37,,,,3.62,7.52,251.24,3.95,6.52,239.67,,,,,
2026-10-09 14:50,3.97,6.81,1.61,4.32,5.73,2.53,250.27,3.81,5.59,241.31,3.04,4.16,229.09,4.47,7.24,242.74,3.66,5.36,235.39,4.39,6.90,237.76,3.96,5.48,247.10,,,,3.64,7.57,249.23,4.03,6.60,239.83,,,,,
2026-10-09 15:00,4.02,6.89,1.64,4.37,5.76,2.67,250.46,3.86,5.71,241.10,3.14,4.32,229.24,4.55,7.45,242.32,3.70,5.49,235.82,4.36,6.98,238.74,4.04,5.61,247.82,,,,3.66,7.63,247.22,4.12,6.69,240.00,,,,,
2026-10-09 15:10,4.06,6.96,1.66,4.42,5.77,2.60,250.70,3.91,5.82,240.90,3.23,4.48,229.39,4.63,7.67,241.90,3.73,5.62,236.25,4.32,7.06,239.73,4.11,5.72,247.79,,,,3.68,7.70,249.33,4.12,6.78,240.67,,,,,
2026-10-09 15:20,4.10,7.02,1.68,4.46,6.05,2.68,250.96,3.96,5.94,240.69,3.32,4.64,229.54,4.71,7.88,241.48,3.76,5.74,236.68,4.28,7.14,240.71,4.17,5.84,247.75,,,,3.70,7.77,251.45,4.12,6.86,241.33,,,,,
2026-10-09 15:30,4.14,7.08,1.70,4.50,5.87,2.70,251.16,4.01,6.06,240.48,3.41,4.80,229.70,4.79,8.10,241.06,3.79,5.87,237.11,4.24,7.21,241.69,4.24,5.96,247.71,,,,3.72,7.84,253.57,4.12,6.94,242.00,,,,,
2026-10-09 15:40,4.19,7.16,1.73,4.55,5.97,2.71,251.20,4.06,6.17,240.27,3.51,4.97,229.85,4.87,8.32,240.64,3.83,6.00,237.54,4.21,7.29,242.67,4.31,6.07,247.67,,,,3.74,7.91,255.68,4.12,7.03,242.67,,,,,
2026-10-09 15:50,4.29,7.32,1.78,4.65,6.07,2.81,250.46,4.11,6.29,240.06,3.60,5.13,230.00,4.95,8.53,240.22,3.86,6.13,237.98,4.17,7.37,243.65,4.37,6.19,247.64,,,,3.75,7.98,257.80,4.12,7.11,243.33,,,,,
2026-10-09 16:00,4.39,7.47,1.83,4.74,6.17,2.91,249.71,4.16,6.40,239.85,3.69,5.29,230.15,5.03,8.75,239.80,3.89,6.26,238.41,4.13,7.45,244.63,4.44,6.31,247.60,,,,3.77,8.05,259.92,4.12,7.20,244.00,,,,,
2026-10-09 16:10,4.54,7.70,1.92,4.89,6.42,3.08,248.34,4.21,6.52,239.64,3.78,5.45,230.30,5.11,8.96,239.38,3.92,6.39,238.84,4.10,7.53,245.61,4.43,6.46,247.60,,,,3.78,8.02,260.39,4.12,7.11,244.33,,,,,
2026-10-09 16:20,4.64,7.86,1.99,4.99,6.52,3.15,247.57,4.26,6.64,239.43,3.88,5.61,230.45,5.19,9.18,238.96,3.95,6.52,239.27,4.06,7.61,246.59,4.42,6.61,247.60,,,,3.78,7.99,260.86,4.12,7.03,244.67,,,,,
2026-10-09 16:30,4.67,7.91,2.01,5.03,6.50,3.25,247.33,4.31,6.75,239.23,3.97,5.77,230.60,5.27,9.40,238.54,3.99,6.64,239.70,4.02,7.69,247.57,4.41,6.76,247.61,,,,3.78,7.96,261.34,4.12,6.94,245.00,,,,,
2026-10-09 16:40,4.68,7.93,2.02,5.04,6.66,3.23,247.27,4.35,6.87,239.02,4.06,5.93,230.76,5.35,9.61,238.12,4.02,6.77,240.13,3.98,7.77,248.55,4.40,6.92,247.61,,,,3.79,7.94,261.81,4.12,6.86,245.33,,,,,
2026-10-09 16:50,4.68,7.92,2.02,5.04,6.44,3.13,247.24,4.40,6.99,238.81,4.16,6.09,230.91,5.43,9.83,237.70,4.05,6.90,240.56,3.95,7.85,249.53,4.39,7.07,247.62,,,,3.79,7.91,262.29,4.12,6.78,245.67,,,,,
2026-10-09 17:00,4.67,7.91,2.01,5.03,6.70,3.31,247.22,4.45,7.10,238.60,4.25,6.26,231.06,5.51,10.05,237.28,4.08,7.03,240.99,3.91,7.93,250.51,4.38,7.22,247.62,,,,3.79,7.88,262.76,4.12,6.69,246.00,,,,,
2026-10-09 17:10,4.66,7.89,2.01,5.02,6.61,3.19,247.25,4.38,7.20,239.07,4.18,6.35,230.61,5.46,10.17,238.51,4.00,7.07,241.02,3.87,8.01,250.09,4.37,7.66,248.76,,,,3.73,7.84,262.74,4.12,6.69,245.67,,,,,
2026-10-09 17:20,4.62,7.83,1.99,4.98,6.55,3.12,247.34,4.30,7.29,239.54,4.11,6.45,230.17,5.41,10.30,239.74,3.91,7.11,241.05,3.84,8.10,249.67,4.36,8.09,249.90,,,,3.67,7.80,262.72,4.12,6.69,245.33,,,,,
2026-10-09 17:30,4.59,7.77,1.98,4.93,6.46,3.13,247.43,4.23,7.39,240.01,4.04,6.55,229.72,5.36,10.42,240.97,3.82,7.15,241.09,3.80,8.19,249.25,4.35,8.53,251.04,,,,3.62,7.75,262.70,4.12,6.69,245.00,,,,,
2026-10-09 17:40,4.55,7.70,1.96,4.89,6.23,3.13,247.51,4.15,7.48,240.47,3.98,6.65,229.28,5.31,10.55,242.20,3.73,7.19,241.12,3.77,8.28,248.83,4.34,8.97,252.18,,,,3.56,7.71,262.68,4.12,6.69,244.67,,,,,
2026-10-09 17:50,4.51,7.64,1.95,4.85,6.19,3.09,247.60,4.08,7.57,240.94,3.91,6.74,228.84,5.26,10.68,243.43,3.64,7.23,241.15,3.73,8.37,248.41,4.33,9.40,253.32,,,,3.50,7.67,262.66,4.12,6.69,244.33,,,,,
2026-10-09 18:00,4.47,7.58,1.94,4.81,6.17,3.07,247.68,4.00,7.67,241.41,3.84,6.84,228.39,5.22,10.80,244.66,3.56,7.27,241.18,3.69,8.46,247.99,4.32,9.84,254.46,,,,3.44,7.63,262.64,4.12,6.69,244.00,,,,,
2026-10-09 18:10,4.46,7.55,1.93,4.80,6.16,3.05,247.87,3.93,7.76,241.88,3.77,6.94,227.95,5.17,10.93,245.89,3.47,7.31,241.22,3.66,8.54,247.57,4.34,10.05,255.73,,,,3.37,7.47,262.28,4.03,6.60,243.00,,,,,
2026-10-09 18:20,4.45,7.52,1.93,4.78,6.15,3.03,248.06,3.85,7.86,242.35,3.71,7.04,227.50,5.12,11.06,247.12,3.38,7.36,241.25,3.62,8.63,247.16,4.36,10.26,256.99,,,,3.31,7.32,261.92,3.95,6.52,242.00,,,,,
2026-10-09 18:30,4.43,7.49,1.93,4.77,6.17,3.03,248.26,3.78,7.95,242.82,3.64,7.14,227.06,5.07,11.18,248.34,3.29,7.40,241.28,3.59,8.72,246.74,4.38,10.47,258.25,,,,3.24,7.17,261.55,3.86,6.43,241.00,,,,,
2026-10-09 18:40,4.41,7.46,1.93,4.75,6.10,3.05,248.48,3.70,8.05,243.29,3.57,7.23,226.61,5.02,11.31,249.57,3.20,7.44,241.31,3.55,8.81,246.32,4.40,10.68,259.51,,,,3.18,7.01,261.19,3.77,6.34,240.00,,,,,
2026-10-09 18:50,4.39,7.43,1.92,4.73,6.23,3.06,248.70,3.63,8.14,243.76,3.50,7.33,226.17,4.98,11.43,250.80,3.12,7.48,241.35,3.52,8.90,245.90,4.42,10.90,260.77,,,,3.11,6.86,260.83,3.69,6.26,239.00,,,,,
2026-10-09 19:00,4.38,7.40,1.92,4.71,6.07,3.06,248.85,3.55,8.24,244.23,3.43,7.43,225.72,4.93,11.56,252.03,3.03,7.52,241.38,3.48,8.99,245.48,4.44,11.11,262.03,,,,3.04,6.71,260.46,3.60,6.17,238.00,,,,,
2026-10-09 19:10,4.34,7.35,1.90,4.68,6.00,3.10,248.82,3.48,8.33,244.69,3.37,7.53,225.28,4.88,11.69,253.26,2.94,7.56,241.41,3.44,9.07,245.06,4.30,11.17,263.25,,,,3.04,6.61,260.87,3.51,6.17,237.67,,,,,
2026-10-09 19:20,4.31,7.28,1.89,4.64,6.06,3.13,248.77,3.40,8.43,245.16,3.30,7.62,224.83,4.83,11.81,254.49,2.85,7.60,241.44,3.41,9.16,244.64,4.16,11.24,264.47,,,,3.04,6.51,261.27,3.43,6.17,237.33,,,,,
2026-10-09 19:30,4.28,7.23,1.88,4.61,5.86,3.01,248.70,3.33,8.52,245.63,3.23,7.72,224.39,4.78,11.94,255.72,2.76,7.64,241.48,3.37,9.25,244.22,4.01,11.31,265.69,,,,3.03,6.41,261.68,3.34,6.17,237.00,,,,,
2026-10-09 19:40,4.25,7.18,1.87,4.58,5.84,3.00,248.64,3.25,8.61,246.10,3.16,7.82,223.94,4.73,12.07,256.95,2.68,7.68,241.51,3.34,9.34,243.80,3.87,11.37,266.90,,,,3.03,6.31,262.09,3.26,6.17,236.67,,,,,
2026-10-09 19:50,4.22,7.13,1.86,4.56,5.82,2.99,248.57,3.18,8.71,246.57,3.10,7.92,223.50,4.69,12.19,258.18,2.59,7.72,241.54,3.30,9.43,243.38,3.73,11.44,268.12,,,,3.02,6.21,262.49,3.17,6.17,236.33,,,,,
2026-10-09 20:00,4.19,7.07,1.85,4.52,5.85,2.87,248.49,3.10,8.80,247.04,3.03,8.01,223.05,4.64,12.32,259.41,2.50,7.76,241.57,3.27,9.52,242.96,3.58,11.50,269.34,,,,3.02,6.11,262.90,3.09,6.17,236.00,,,,,
2026-10-09 20:10,4.14,6.99,1.83,4.47,5.68,2.79,248.35,3.05,8.83,245.72,3.01,7.99,222.93,4.59,12.24,257.67,2.48,7.73,240.30,3.22,9.48,242.61,3.45,11.52,266.92,,,,3.00,6.11,262.25,3.09,6.17,235.83,,,,,
2026-10-09 20:20,4.10,6.93,1.81,4.43,5.73,2.82,248.03,3.00,8.86,244.41,2.99,7.97,222.80,4.54,12.15,255.92,2.46,7.69,239.03,3.18,9.44,242.27,3.31,11.54,264.50,,,,2.97,6.12,261.59,3.09,6.17,235.67,,,,,
2026-10-09 20:30,4.06,6.86,1.79,4.38,5.68,2.84,247.71,2.94,8.89,243.09,2.98,7.95,222.68,4.49,12.07,254.18,2.44,7.66,237.76,3.14,9.40,241.92,3.17,11.55,262.08,,,,2.95,6.12,260.94,3.09,6.17,235.50,,,,,
2026-10-09 20:40,4.01,6.78,1.76,4.33,5.59,2.80,247.39,2.89,8.92,241.77,2.96,7.93,222.55,4.44,11.99,252.43,2.42,7.63,236.49,3.09,9.36,241.57,3.03,11.57,259.66,,,,2.93,6.12,260.29,3.09,6.17,235.33,,,,,
2026-10-09 20:50,3.95,6.68,1.73,4.27,5.60,2.75,247.08,2.83,8.95,240.45,2.94,7.91,222.42,4.39,11.90,250.69,2.40,7.59,235.22,3.05,9.32,241.23,2.89,11.59,257.25,,,,2.91,6.12,259.64,3.09,6.17,235.17,,,,,
2026-10-09 21:00,3.90,6.59,1.71,4.21,5.51,2.65,246.81,2.78,8.98,239.14,2.92,7.89,222.30,4.34,11.82,248.94,2.38,7.56,233.95,3.01,9.29,240.88,2.75,11.60,254.83,,,,2.89,6.13,258.99,3.09,6.17,235.00,,,,,
2026-10-09 21:10,3.84,6.50,1.68,4.16,5.44,2.59,246.62,2.72,9.01,237.82,2.91,7.87,222.17,4.28,11.74,247.20,2.36,7.53,232.68,2.96,9.25,240.53,2.56,11.32,250.33,,,,2.87,6.04,259.49,3.09,6.09,235.00,,,,,
2026-10-09 21:20,3.79,6.40,1.66,4.10,5.36,2.53,246.44,2.67,9.03,236.50,2.89,7.85,222.04,4.23,11.65,245.45,2.34,7.49,231.41,2.92,9.21,240.19,2.37,11.04,245.84,,,,2.85,5.96,259.99,3.09,6.00,235.00,,,,,
2026-10-09 21:30,3.73,6.31,1.64,4.04,5.34,2.55,246.26,2.61,9.06,235.19,2.87,7.83,221.92,4.18,11.57,243.71,2.32,7.46,230.14,2.88,9.17,239.84,2.18,10.75,241.34,,,,2.83,5.87,260.50,3.09,5.91,235.00,,,,,
2026-10-09 21:40,3.68,6.21,1.62,3.98,5.28,2.47,246.07,2.56,9.09,233.87,2.85,7.81,221.79,4.13,11.49,241.96,2.30,7.43,228.87,2.83,9.13,239.49,1.99,10.47,236.85,,,,2.81,5.79,261.00,3.09,5.83,235.00,,,,,
2026-10-09 21:50,3.63,6.13,1.60,3.93,5.13,2.42,245.82,2.51,9.12,232.55,2.84,7.79,221.67,4.08,11.41,240.22,2.28,7.39,227.60,2.79,9.09,239.15,1.80,10.18,232.35,,,,2.79,5.70,261.50,3.09,5.74,235.00,,,,,
2026-10-09 22:00,3.58,6.05,1.58,3.88,5.04,2.49,245.58,2.45,9.15,231.24,2.82,7.77,221.54,4.03,11.32,238.48,2.26,7.36,226.33,2.75,9.05,238.80,1.61,9.90,227.86,,,,2.77,5.62,262.01,3.09,5.66,235.00,,,,,
2026-10-09 22:10,3.53,5.94,1.56,3.82,4.92,2.42,245.43,2.40,9.18,229.92,2.80,7.75,221.41,3.98,11.24,236.73,2.24,7.33,225.06,2.70,9.02,238.45,1.51,8.95,224.11,,,,2.69,5.60,259.81,3.09,5.74,234.67,,,,,
2026-10-09 22:20,3.47,5.84,1.54,3.75,4.86,2.40,245.34,2.34,9.21,228.60,2.78,7.73,221.29,3.93,11.16,234.99,2.22,7.29,223.79,2.66,8.98,238.11,1.41,8.01,220.37,,,,2.60,5.58,257.62,3.09,5.83,234.33,,,,,
2026-10-09 22:30,3.41,5.73,1.52,3.69,4.71,2.26,245.25,2.29,9.24,227.29,2.77,7.71,221.16,3.88,11.07,233.24,2.20,7.26,222.52,2.62,8.94,237.76,1.31,7.06,216.62,,,,2.52,5.56,255.42,3.09,5.91,234.00,,,,,
2026-10-09 22:40,3.35,5.62,1.50,3.63,4.64,2.25,245.19,2.23,9.27,225.97,2.75,7.69,221.03,3.83,10.99,231.50,2.18,7.23,221.25,2.57,8.90,237.41,1.21,6.12,212.87,,,,2.43,5.54,253.22,3.09,6.00,233.67,,,,,
2026-10-09 22:50,3.28,5.52,1.48,3.56,4.63,2.24,245.14,2.18,9.29,224.65,2.73,7.67,220.91,3.78,10.91,229.75,2.16,7.19,219.98,2.53,8.86,237.07,1.11,5.17,209.13,,,,2.34,5.52,251.03,3.09,6.09,233.33,,,,,
2026-10-09 23:00,3.21,5.38,1.46,3.48,4.43,2.23,245.03,2.12,9.32,223.34,2.71,7.65,220.78,3.73,10.82,228.01,2.14,7.16,218.71,2.49,8.82,236.72,1.01,4.22,205.38,,,,2.26,5.50,248.83,3.09,6.17,233.00,,,,,
2026-10-09 23:10,3.16,5.29,1.44,3.42,4.39,2.15,244.89,2.14,9.18,222.29,2.72,7.77,220.41,3.65,10.56,227.35,2.16,7.21,218.78,2.48,8.70,236.58,1.04,3.84,202.22,,,,2.16,5.31,250.87,3.09,6.09,232.67,,,,,
2026-10-09 23:20,3.11,5.22,1.43,3.38,4.21,2.19,244.79,2.15,9.04,221.24,2.73,7.89,220.03,3.56,10.30,226.69,2.18,7.27,218.85,2.48,8.58,236.45,1.08,3.45,199.05,,,,2.05,5.12,252.90,3.09,6.00,232.33,,,,,
2026-10-09 23:30,3.07,5.15,1.41,3.33,4.22,2.17,244.72,2.17,8.89,220.19,2.73,8.01,219.65,3.48,10.04,226.02,2.20,7.33,218.92,2.47,8.46,236.31,1.12,3.06,195.89,,,,1.95,4.92,254.93,3.09,5.91,232.00,,,,,
2026-10-09 23:40,3.03,5.08,1.40,3.29,4.21,2.13,244.70,2.18,8.75,219.15,2.74,8.13,219.28,3.40,9.77,225.36,2.23,7.38,218.99,2.47,8.34,236.17,1.16,2.68,192.73,,,,1.85,4.73,256.97,3.09,5.83,231.67,,,,,
2026-10-09 23:50,3.00,5.01,1.39,3.25,4.10,2.11,244.72,2.19,8.61,218.10,2.75,8.25,218.90,3.32,9.51,224.70,2.25,7.44,219.07,2.46,8.22,236.03,1.19,2.29,189.56,,,,1.75,4.54,259.00,3.09,5.74,231.33,,,,,
2026-10-10 00:00,2.98,4.98,1.39,3.23,4.08,2.12,244.81,2.21,8.46,217.05,2.75,8.37,218.52,3.23,9.25,224.04,2.27,7.49,219.14,2.46,8.10,235.89,1.23,1.90,186.40,,,,1.65,4.34,261.04,3.09,5.66,231.00,,,,,
2026-10-10 00:10,2.97,4.96,1.40,3.22,4.05,2.14,245.18,2.22,8.32,216.01,2.76,8.49,218.15,3.15,8.99,223.38,2.29,7.55,219.21,2.45,7.98,235.76,1.20,1.82,189.50,,,,1.60,4.17,260.70,3.09,5.74,230.83,,,,,
2026-10-10 00:20,2.96,4.93,1.40,3.21,4.01,2.14,245.31,2.24,8.18,214.96,2.76,8.61,217.77,3.07,8.72,222.72,2.31,7.60,219.28,2.45,7.86,235.62,1.17,1.74,192.61,,,,1.55,4.00,260.37,3.09,5.83,230.67,,,,,
2026-10-10 00:30,2.94,4.90,1.41,3.19,3.96,2.13,245.45,2.25,8.03,213.91,2.77,8.73,217.39,2.98,8.46,222.06,2.33,7.66,219.35,2.44,7.74,235.48,1.14,1.66,195.71,,,,1.50,3.83,260.03,3.09,5.91,230.50,,,,,
2026-10-10 00:40,2.89,4.81,1.38,3.13,3.90,2.10,244.85,2.27,7.89,212.86,2.78,8.85,217.02,2.90,8.20,221.39,2.35,7.71,219.42,2.44,7.62,235.34,1.11,1.58,198.82,,,,1.45,3.65,259.70,3.09,6.00,230.33,,,,,
2026-10-10 00:50,2.79,4.65,1.33,3.03,3.72,2.04,243.93,2.28,7.75,211.82,2.78,8.97,216.64,2.82,7.94,220.73,2.37,7.77,219.49,2.43,7.50,235.21,1.08,1.49,201.92,,,,1.41,3.48,259.36,3.09,6.09,230.17,,,,,
2026-10-10 01:00,2.71,4.54,1.29,2.95,3.65,1.95,242.88,2.29,7.61,210.77,2.79,9.09,216.26,2.74,7.67,220.07,2.39,7.83,219.57,2.43,7.38,235.07,1.05,1.41,205.03,,,,1.36,3.31,259.03,3.09,6.17,230.00,,,,,
2026-10-10 01:10,2.69,4.52,1.28,2.94,3.66,1.89,242.14,2.31,7.46,209.72,2.80,9.21,215.89,2.65,7.41,219.41,2.41,7.88,219.64,2.42,7.26,234.93,1.08,1.51,206.22,,,,1.46,3.40,257.96,3.09,6.17,229.67,,,,,
2026-10-10 01:20,2.71,4.54,1.28,2.95,3.69,1.91,241.71,2.32,7.32,208.67,2.80,9.34,215.51,2.57,7.15,218.75,2.43,7.94,219.71,2.42,7.14,234.79,1.12,1.61,207.40,,,,1.56,3.49,256.89,3.09,6.17,229.33,,,,,
2026-10-10 01:30,2.74,4.60,1.30,2.99,3.78,2.00,241.54,2.34,7.18,207.63,2.81,9.46,215.14,2.49,6.89,218.09,2.45,7.99,219.78,2.41,7.02,234.65,1.16,1.71,208.59,,,,1.66,3.58,255.81,3.09,6.17,229.00,,,,,
2026-10-10 01:40,2.80,4.71,1.33,3.06,3.83,1.96,241.67,2.35,7.03,206.58,2.82,9.58,214.76,2.41,6.63,217.43,2.47,8.05,219.85,2.41,6.90,234.52,1.20,1.81,209.78,,,,1.76,3.67,254.74,3.09,6.17,228.67,,,,,
2026-10-10 01:50,2.85,4.79,1.35,3.11,3.93,1.98,242.09,2.36,6.89,205.53,2.82,9.70,214.38,2.32,6.36,216.76,2.49,8.10,219.92,2.40,6.78,234.38,1.24,1.90,210.96,,,,1.86,3.76,253.67,3.09,6.17,228.33,,,,,
2026-10-10 02:00,2.90,4.87,1.38,3.16,4.03,2.01,242.51,2.38,6.75,204.49,2.83,9.82,214.01,2.24,6.10,216.10,2.51,8.16,219.99,2.40,6.66,234.24,1.28,2.00,212.15,,,,1.97,3.85,252.60,3.09,6.17,228.00,,,,,
2026-10-10 02:10,2.92,4.90,1.39,3.18,3.97,2.01,242.97,2.36,6.64,205.93,2.80,9.64,215.27,2.25,6.26,216.77,2.51,8.14,220.58,2.49,6.90,233.73,1.28,2.14,214.09,,,,1.91,3.88,253.43,3.17,6.17,228.33,,,,,
2026-10-10 02:20,2.93,4.92,1.39,3.20,4.03,2.00,243.44,2.34,6.53,207.38,2.78,9.45,216.53,2.26,6.41,217.44,2.51,8.11,221.17,2.58,7.14,233.22,1.27,2.27,216.04,,,,1.86,3.92,254.26,3.26,6.17,228.67,,,,,
2026-10-10 02:30,2.95,4.95,1.40,3.22,4.01,2.08,243.95,2.32,6.42,208.82,2.75,9.27,217.79,2.27,6.57,218.10,2.51,8.09,221.76,2.68,7.38,232.70,1.27,2.40,217.98,,,,1.81,3.96,255.08,3.34,6.17,229.00,,,,,
2026-10-10 02:40,2.97,4.98,1.41,3.24,4.11,2.18,244.48,2.30,6.30,210.26,2.73,9.09,219.06,2.29,6.72,218.77,2.51,8.07,222.35,2.77,7.63,232.19,1.26,2.54,219.93,,,,1.76,4.00,255.91,3.43,6.17,229.33,,,,,
2026-10-10 02:50,3.04,5.11,1.45,3.33,4.21,2.15,245.10,2.28,6.19,211.71,2.71,8.91,220.32,2.30,6.88,219.44,2.51,8.04,222.94,2.87,7.87,231.68,1.26,2.67,221.87,,,,1.71,4.03,256.74,3.51,6.17,229.67,,,,,
2026-10-10 03:00,3.17,5.32,1.51,3.47,4.40,2.18,246.04,2.26,6.08,213.15,2.68,8.73,221.58,2.31,7.04,220.10,2.51,8.02,223.53,2.96,8.11,231.16,1.26,2.80,223.81,,,,1.66,4.07,257.57,3.60,6.17,230.00,,,,,
2026-10-10 03:10,3.27,5.48,1.56,3.58,4.45,2.35,247.11,2.24,5.97,214.60,2.66,8.55,222.84,2.32,7.19,220.77,2.51,8.00,224.12,3.05,8.35,230.65,1.27,2.68,229.43,,,,1.78,4.15,259.98,3.60,6.17,230.50,,,,,
2026-10-10 03:20,3.29,5.51,1.57,3.60,4.49,2.36,248.13,2.22,5.86,216.04,2.63,8.37,224.10,2.33,7.35,221.44,2.51,7.97,224.71,3.15,8.60,230.14,1.29,2.57,235.05,,,,1.89,4.23,262.40,3.60,6.17,231.00,,,,,
2026-10-10 03:30,3.30,5.53,1.58,3.62,4.54,2.36,249.15,2.20,5.75,217.49,2.61,8.19,225.37,2.34,7.50,222.11,2.51,7.95,225.30,3.24,8.84,229.63,1.30,2.45,240.67,,,,2.01,4.30,264.81,3.60,6.17,231.50,,,,,
2026-10-10 03:40,3.22,5.39,1.56,3.53,4.32,2.30,250.04,2.18,5.64,218.93,2.58,8.01,226.63,2.35,7.66,222.77,2.51,7.93,225.89,3.33,9.08,229.11,1.32,2.33,246.29,,,,2.13,4.38,267.23,3.60,6.17,232.00,,,,,
2026-10-10 03:50,3.16,5.27,1.54,3.46,4.34,2.26,250.50,2.16,5.53,220.38,2.56,7.82,227.89,2.36,7.82,223.44,2.51,7.90,226.48,3.43,9.33,228.60,1.34,2.22,251.91,,,,2.24,4.46,269.64,3.60,6.17,232.50,,,,,
2026-10-10 04:00,3.15,5.24,1.54,3.44,4.30,2.23,250.70,2.14,5.42,221.82,2.53,7.64,229.15,2.37,7.97,224.11,2.51,7.88,227.07,3.52,9.57,228.09,1.35,2.10,257.53,,,,2.36,4.53,272.05,3.60,6.17,233.00,,,,,
2026-10-10 04:10,3.24,5.38,1.58,3.53,4.43,2.32,250.69,2.12,5.31,223.27,2.51,7.46,230.42,2.39,8.13,224.77,2.51,7.86,227.66,3.62,9.81,227.58,1.53,3.46,254.90,,,,2.38,4.57,271.68,3.60,6.17,233.00,,,,,
2026-10-10 04:20,3.36,5.59,1.64,3.67,4.56,2.36,250.56,2.10,5.20,224.71,2.48,7.28,231.68,2.40,8.28,225.44,2.51,7.83,228.25,3.71,10.05,227.06,1.70,4.81,252.28,,,,2.40,4.62,271.31,3.60,6.17,233.00,,,,,
2026-10-10 04:30,3.52,5.85,1.72,3.83,4.75,2.50,250.33,2.08,5.09,226.16,2.46,7.10,232.94,2.41,8.44,226.11,2.51,7.81,228.84,3.80,10.30,226.55,1.87,6.17,249.66,,,,2.42,4.66,270.93,3.60,6.17,233.00,,,,,
2026-10-10 04:40,3.69,6.15,1.80,4.02,5.01,2.74,249.99,2.06,4.98,227.60,2.44,6.92,234.20,2.42,8.60,226.77,2.51,7.78,229.43,3.90,10.54,226.04,2.04,7.52,247.04,,,,2.44,4.70,270.56,3.60,6.17,233.00,,,,,
2026-10-10 04:50,3.82,6.37,1.87,4.15,5.20,2.82,249.75,2.04,4.87,229.04,2.41,6.74,235.47,2.43,8.75,227.44,2.51,7.76,230.02,3.99,10.78,225.52,2.22,8.88,244.42,,,,2.46,4.74,270.19,3.60,6.17,233.00,,,,,
2026-10-10 05:00,3.95,6.59,1.93,4.29,5.40,2.91,249.52,2.02,4.76,230.49,2.39,6.56,236.73,2.44,8.91,228.11,2.51,7.74,230.61,4.08,11.03,225.01,2.39,10.23,241.79,,,,2.48,4.78,269.82,3.60,6.17,233.00,,,,,
2026-10-10 05:10,3.98,6.63,1.94,4.32,5.41,2.86,249.39,2.10,5.11,230.20,2.48,6.76,236.13,2.51,9.03,227.59,2.59,7.96,230.14,4.04,11.02,224.66,2.34,10.25,239.01,,,,2.43,4.79,269.66,3.60,6.17,233.17,,,,,
2026-10-10 05:20,4.00,6.66,1.95,4.34,5.41,2.82,249.29,2.19,5.47,229.92,2.57,6.97,235.54,2.57,9.16,227.07,2.66,8.18,229.67,3.99,11.02,224.31,2.29,10.26,236.22,,,,2.38,4.81,269.51,3.60,6.17,233.33,,,,,
2026-10-10 05:30,4.01,6.68,1.95,4.35,5.41,2.88,249.21,2.28,5.82,229.63,2.66,7.18,234.94,2.64,9.28,226.55,2.74,8.40,229.20,3.94,11.02,223.97,2.24,10.28,233.43,,,,2.33,4.83,269.36,3.60,6.17,233.50,,,,,
2026-10-10 05:40,4.02,6.69,1.96,4.36,5.36,2.86,249.12,2.37,6.18,229.35,2.75,7.39,234.35,2.70,9.41,226.04,2.82,8.62,228.72,3.89,11.01,223.62,2.18,10.29,230.64,,,,2.28,4.84,269.21,3.60,6.17,233.67,,,,,
2026-10-10 05:50,4.02,6.70,1.96,4.36,5.57,2.84,249.02,2.46,6.53,229.06,2.84,7.60,233.75,2.76,9.53,225.52,2.90,8.84,228.25,3.84,11.01,223.27,2.13,10.31,227.85,,,,2.23,4.86,269.06,3.60,6.17,233.83,,,,,
2026-10-10 06:00,4.02,6.71,1.96,4.37,5.35,2.80,248.98,2.55,6.89,228.78,2.93,7.80,233.16,2.83,9.65,225.00,2.98,9.06,227.78,3.79,11.01,222.92,2.08,10.32,225.06,,,,2.18,4.87,268.91,3.60,6.17,234.00,,,,,
2026-10-10 06:10,4.03,6.72,1.96,4.38,5.44,2.89,249.03,2.64,7.24,228.49,3.03,8.01,232.56,2.89,9.78,224.48,3.06,9.29,227.31,3.74,11.00,222.57,2.08,10.29,226.84,,,,2.26,4.95,267.48,3.60,6.17,234.33,,,,,
2026-10-10 06:20,4.05,6.75,1.97,4.39,5.43,2.90,249.05,2.73,7.59,228.21,3.12,8.22,231.97,2.96,9.90,223.97,3.14,9.51,226.84,3.69,11.00,222.22,2.08,10.26,228.63,,,,2.34,5.03,266.05,3.60,6.17,234.67,,,,,
2026-10-10 06:30,4.06,6.77,1.98,4.41,5.42,2.91,249.07,2.82,7.95,227.92,3.21,8.43,231.37,3.02,10.03,223.45,3.22,9.73,226.37,3.64,11.00,221.87,2.07,10.23,230.41,,,,2.43,5.11,264.61,3.60,6.17,235.00,,,,,
2026-10-10 06:40,4.07,6.79,1.98,4.42,5.48,3.00,249.10,2.91,8.30,227.64,3.30,8.64,230.78,3.09,10.15,222.93,3.29,9.95,225.89,3.59,10.99,221.52,2.07,10.20,232.20,,,,2.51,5.18,263.18,3.60,6.17,235.33,,,,,
2026-10-10 06:50,4.08,6.81,1.99,4.44,5.52,2.97,249.13,3.00,8.66,227.35,3.39,8.85,230.18,3.15,10.28,222.41,3.37,10.17,225.42,3.54,10.99,221.18,2.07,10.17,233.98,,,,2.59,5.26,261.75,3.60,6.17,235.67,,,,,
2026-10-10 07:00,4.10,6.83,1.99,4.45,5.59,2.91,249.15,3.09,9.01,227.07,3.48,9.05,229.59,3.22,10.40,221.89,3.45,10.39,224.95,3.49,10.99,220.83,2.07,10.14,235.76,,,,2.68,5.34,260.31,3.60,6.17,236.00,,,,,
2026-10-10 07:10,4.11,6.86,2.00,4.46,5.60,2.95,249.16,3.17,9.37,226.78,3.58,9.26,228.99,3.28,10.52,221.38,3.53,10.61,224.48,3.44,10.98,220.48,2.14,10.30,237.19,,,,2.67,5.32,258.47,3.60,6.26,235.83,,,,,
2026-10-10 07:20,4.13,6.88,2.01,4.48,5.68,3.01,249.18,3.26,9.72,226.50,3.67,9.47,228.40,3.35,10.65,220.86,3.61,10.83,224.01,3.39,10.98,220.13,2.21,10.46,238.63,,,,2.66,5.30,256.62,3.60,6.34,235.67,,,,,
2026-10-10 07:30,4.14,6.90,2.01,4.49,5.54,2.99,249.19,3.35,10.07,226.21,3.76,9.68,227.80,3.41,10.77,220.34,3.69,11.05,223.54,3.35,10.98,219.78,2.28,10.62,240.06,,,,2.65,5.28,254.78,3.60,6.43,235.50,,,,,
2026-10-10 07:40,4.15,6.92,2.02,4.51,5.53,3.03,249.21,3.44,10.43,225.93,3.85,9.89,227.21,3.48,10.90,219.82,3.77,11.27,223.06,3.30,10.97,219.43,2.35,10.78,241.49,,,,2.64,5.26,252.93,3.60,6.52,235.33,,,,,
2026-10-10 07:50,4.16,6.94,2.02,4.52,5.68,3.05,249.24,3.53,10.78,225.64,3.94,10.09,226.61,3.54,11.02,219.31,3.84,11.50,222.59,3.25,10.97,219.08,2.42,10.94,242.92,,,,2.63,5.24,251.09,3.60,6.60,235.17,,,,,
2026-10-10 08:00,4.19,6.99,2.03,4.55,5.78,3.00,249.25,3.62,11.14,225.36,4.03,10.30,226.02,3.61,11.15,218.79,3.92,11.72,222.12,3.20,10.97,218.73,2.48,11.10,244.36,,,,2.62,5.22,249.24,3.60,6.69,235.00,,,,,
2026-10-10 08:10,4.22,7.05,2.04,4.58,5.74,3.02,249.26,3.68,11.12,225.09,4.05,10.28,226.20,3.65,11.17,219.06,3.90,11.75,222.27,3.29,10.98,219.27,2.61,11.19,243.54,,,,2.60,5.23,249.05,3.69,6.69,235.17,,,,,
2026-10-10 08:20,4.25,7.10,2.05,4.61,5.81,3.07,249.28,3.73,11.11,224.82,4.08,10.26,226.39,3.69,11.20,219.32,3.88,11.78,222.41,3.37,11.00,219.81,2.74,11.28,242.72,,,,2.59,5.23,248.85,3.77,6.69,235.33,,,,,
2026-10-10 08:30,4.28,7.15,2.06,4.64,5.72,3.05,249.28,3.79,11.10,224.56,4.10,10.23,226.58,3.73,11.23,219.59,3.86,11.82,222.56,3.46,11.01,220.34,2.86,11.37,241.89,,,,2.57,5.24,248.65,3.86,6.69,235.50,,,,,
2026-10-10 08:40,4.31,7.20,2.07,4.67,5.85,3.06,249.28,3.84,11.09,224.29,4.12,10.21,226.77,3.77,11.26,219.86,3.84,11.85,222.71,3.55,11.03,220.88,2.99,11.46,241.07,,,,2.56,5.25,248.45,3.95,6.69,235.67,,,,,
2026-10-10 08:50,4.33,7.24,2.07,4.69,5.89,3.11,249.26,3.90,11.07,224.02,4.14,10.18,226.96,3.81,11.29,220.13,3.82,11.88,222.85,3.64,11.05,221.41,3.11,11.54,240.25,,,,2.54,5.25,248.25,4.03,6.69,235.83,,,,,
2026-10-10 09:00,4.35,7.26,2.08,4.71,5.89,3.08,249.20,3.96,11.06,223.76,4.16,10.16,227.15,3.85,11.32,220.39,3.80,11.92,223.00,3.73,11.06,221.95,3.24,11.63,239.43,,,,2.53,5.26,248.05,4.12,6.69,236.00,,,,,
2026-10-10 09:10,4.35,7.28,2.08,4.72,5.93,3.04,249.15,4.01,11.05,223.49,4.18,10.14,227.34,3.89,11.35,220.66,3.78,11.95,223.14,3.81,11.08,222.48,3.29,11.55,238.85,,,,2.62,5.41,248.50,4.12,6.78,236.17,,,,,
2026-10-10 09:20,4.37,7.30,2.08,4.73,5.91,3.06,249.09,4.07,11.03,223.22,4.20,10.11,227.53,3.93,11.38,220.93,3.76,11.98,223.29,3.90,11.10,223.02,3.34,11.47,238.27,,,,2.72,5.56,248.94,4.12,6.86,236.33,,,,,
2026-10-10 09:30,4.38,7.32,2.09,4.74,6.14,3.19,249.03,4.12,11.02,222.96,4.22,10.09,227.72,3.97,11.41,221.20,3.74,12.01,223.43,3.99,11.11,223.55,3.39,11.38,237.69,,,,2.82,5.71,249.39,4.12,6.94,236.50,,,,,
2026-10-10 09:40,4.39,7.34,2.09,4.76,6.02,3.16,248.98,4.18,11.01,222.69,4.24,10.06,227.91,4.02,11.44,221.47,3.72,12.05,223.58,4.08,11.13,224.09,3.44,11.30,237.10,,,,2.92,5.86,249.84,4.12,7.03,236.67,,,,,
2026-10-10 09:50,4.41,7.37,2.10,4.77,6.01,3.18,248.92,4.23,10.99,222.42,4.27,10.04,228.10,4.06,11.47,221.73,3.70,12.08,223.73,4.17,11.15,224.63,3.49,11.21,236.52,,,,3.02,6.01,250.28,4.12,7.11,236.83,,,,,
2026-10-10 10:00,4.42,7.39,2.10,4.78,6.05,3.15,248.96,4.29,10.98,222.16,4.29,10.02,228.28,4.10,11.50,222.00,3.68,12.11,223.87,4.25,11.16,225.16,3.54,11.13,235.94,,,,3.11,6.16,250.73,4.12,7.20,237.00,,,,,
2026-10-10 10:10,4.43,7.41,2.11,4.80,6.00,3.20,249.04,4.35,10.97,221.89,4.31,9.99,228.47,4.14,11.52,222.27,3.66,12.15,224.02,4.34,11.18,225.70,3.49,11.01,235.72,,,,3.15,6.26,250.44,4.20,7.29,237.33,,,,,
2026-10-10 10:20,4.45,7.43,2.12,4.81,5.99,3.07,249.13,4.40,10.95,221.62,4.33,9.97,228.66,4.18,11.55,222.54,3.64,12.18,224.16,4.43,11.20,226.23,3.44,10.89,235.50,,,,3.18,6.36,250.15,4.29,7.37,237.67,,,,,
2026-10-10 10:30,4.46,7.46,2.13,4.83,6.15,3.18,249.24,4.46,10.94,221.36,4.35,9.94,228.85,4.22,11.58,222.80,3.62,12.21,224.31,4.52,11.21,226.77,3.39,10.77,235.29,,,,3.22,6.46,249.86,4.38,7.46,238.00,,,,,
2026-10-10 10:40,4.48,7.48,2.14,4.85,6.02,3.20,249.36,4.51,10.93,221.09,4.37,9.92,229.04,4.26,11.61,223.07,3.60,12.25,224.46,4.61,11.23,227.30,3.34,10.65,235.07,,,,3.26,6.56,249.57,4.46,7.55,238.33,,,,,
2026-10-10 10:50,4.51,7.53,2.15,4.88,6.11,3.23,249.51,4.57,10.92,220.83,4.39,9.90,229.23,4.30,11.64,223.34,3.58,12.28,224.60,4.69,11.25,227.84,3.30,10.53,234.85,,,,3.29,6.66,249.28,4.55,7.63,238.67,,,,,
2026-10-10 11:00,4.54,7.57,2.17,4.91,6.08,3.25,249.63,4.63,10.90,220.56,4.41,9.87,229.42,4.34,11.67,223.61,3.56,12.31,224.75,4.78,11.26,228.38,3.25,10.40,234.63,,,,3.33,6.76,248.99,4.63,7.72,239.00,,,,,
2026-10-10 11:10,4.57,7.62,2.19,4.94,6.14,3.32,249.73,4.64,10.82,221.28,4.45,9.78,230.66,4.39,11.60,224.69,3.60,12.07,225.86,4.82,11.16,229.95,3.25,10.45,235.66,,,,3.26,6.82,249.10,4.63,7.80,239.33,,,,,
2026-10-10 11:20,4.59,7.65,2.20,4.96,6.29,3.32,249.82,4.65,10.73,222.00,4.49,9.69,231.89,4.43,11.52,225.77,3.65,11.84,226.98,4.86,11.06,231.53,3.26,10.50,236.68,,,,3.19,6.87,249.22,4.63,7.89,239.67,,,,,
2026-10-10 11:30,4.61,7.67,2.20,4.98,6.34,3.29,249.89,4.66,10.64,222.72,4.52,9.60,233.13,4.48,11.45,226.86,3.69,11.60,228.09,4.89,10.96,233.10,3.26,10.55,237.71,,,,3.13,6.93,249.33,4.63,7.97,240.00,,,,,
2026-10-10 11:40,4.62,7.69,2.21,4.99,6.30,3.33,249.95,4.67,10.55,223.44,4.56,9.52,234.36,4.52,11.37,227.94,3.74,11.36,229.21,4.93,10.86,234.68,3.27,10.60,238.73,,,,3.06,6.99,249.45,4.63,8.06,240.33,,,,,
2026-10-10 11:50,4.62,7.69,2.21,4.99,6.31,3.33,250.01,4.68,10.47,224.15,4.60,9.43,235.60,4.56,11.30,229.02,3.78,11.12,230.32,4.97,10.75,236.25,3.27,10.65,239.76,,,,3.00,7.04,249.57,4.63,8.14,240.67,,,,,
2026-10-10 12:00,4.67,7.77,2.24,5.04,6.33,3.36,250.29,4.69,10.38,224.87,4.63,9.34,236.84,4.61,11.22,230.10,3.82,10.89,231.44,5.00,10.65,237.83,3.28,10.70,240.79,,,,2.93,7.10,249.68,4.63,8.23,241.00,,,,,
2026-10-10 12:10,4.71,7.83,2.26,5.09,6.39,3.45,250.57,4.70,10.29,225.59,4.67,9.25,238.07,4.65,11.15,231.19,3.87,10.65,232.55,5.04,10.55,239.41,3.32,10.67,241.07,,,,3.26,7.53,251.53,4.72,8.32,241.17,,,,,
2026-10-10 12:20,4.75,7.89,2.28,5.13,6.51,3.45,250.84,4.71,10.20,226.31,4.71,9.16,239.31,4.70,11.07,232.27,3.91,10.41,233.67,5.08,10.45,240.98,3.36,10.64,241.35,,,,3.58,7.97,253.38,4.80,8.40,241.33,,,,,
2026-10-10 12:30,4.79,7.95,2.29,5.17,6.54,3.43,251.09,4.72,10.12,227.03,4.75,9.07,240.54,4.74,11.00,233.35,3.96,10.17,234.78,5.11,10.35,242.56,3.40,10.61,241.63,,,,3.91,8.40,255.23,4.89,8.49,241.50,,,,,
2026-10-10 12:40,4.82,8.01,2.31,5.20,6.54,3.48,251.33,4.73,10.03,227.75,4.78,8.98,241.78,4.79,10.92,234.44,4.00,9.94,235.89,5.15,10.25,244.13,3.44,10.58,241.91,,,,4.23,8.83,257.08,4.97,8.58,241.67,,,,,
2026-10-10 12:50,4.86,8.06,2.32,5.24,6.54,3.54,251.57,4.74,9.94,228.47,4.82,8.89,243.02,4.83,10.85,235.52,4.04,9.70,237.01,5.19,10.14,245.71,3.48,10.55,242.19,,,,4.55,9.27,258.93,5.05,8.66,241.83,,,,,
2026-10-10 13:00,4.86,8.06,2.32,5.24,6.62,3.41,251.79,4.75,9.85,229.19,4.86,8.80,244.25,4.88,10.77,236.60,4.09,9.46,238.12,5.22,10.04,247.29,3.52,10.52,242.47,,,,4.88,9.70,260.78,5.14,8.75,242.00,,,,,
2026-10-10 13:10,4.86,8.06,2.32,5.24,6.67,3.49,252.00,4.76,9.77,229.91,4.89,8.71,245.49,4.92,10.70,237.69,4.13,9.22,239.24,5.26,9.94,248.86,3.57,10.38,242.75,,,,,,,5.14,8.66,242.00,,,,,
2026-10-10 13:20,4.86,8.07,2.32,5.24,6.71,3.47,252.23,4.77,9.68,230.63,4.93,8.62,246.72,4.96,10.62,238.77,4.18,8.99,240.35,5.30,9.84,250.44,3.62,10.25,243.03,,,,,,,5.14,8.58,242.00,,,,,
2026-10-10 13:30,4.87,8.07,2.32,5.25,6.55,3.52,252.46,4.78,9.59,231.35,4.97,8.54,247.96,5.01,10.55,239.85,4.22,8.75,241.47,5.33,9.74,252.01,3.67,10.12,243.31,,,,,,,5.14,8.49,242.00,,,,,
2026-10-10 13:40,4.87,8.08,2.32,5.25,6.65,3.50,252.69,4.79,9.50,232.07,5.00,8.45,249.20,5.05,10.48,240.94,4.27,8.51,242.58,5.37,9.64,253.59,3.72,9.98,243.58,,,,,,,5.14,8.40,242.00,,,,,
2026-10-10 13:50,4.87,8.08,2.32,5.25,6.62,3.41,252.91,4.80,9.42,232.79,5.04,8.36,250.43,5.10,10.40,242.02,4.31,8.27,243.70,5.41,9.53,255.17,3.77,9.85,243.86,,,,,,,5.14,8.32,242.00,,,,,
2026-10-10 14:00,4.86,8.06,2.31,5.24,6.60,3.45,253.06,4.81,9.33,233.50,5.08,8.27,251.67,5.14,10.33,243.10,4.35,8.04,244.81,5.44,9.43,256.74,3.81,9.72,244.14,,,,,,,5.14,8.23,242.00,,,,,
2026-10-10 14:10,4.85,8.04,2.30,5.23,6.49,3.46,253.21,4.78,9.26,234.64,5.08,8.32,251.03,5.09,10.23,244.08,4.31,7.93,246.24,5.38,9.38,256.45,3.81,9.78,242.54,,,,,,,5.05,8.23,242.00,,,,,
2026-10-10 14:20,4.84,8.02,2.30,5.22,6.39,3.46,253.35,4.76,9.18,235.78,5.09,8.36,250.39,5.03,10.13,245.05,4.27,7.81,247.66,5.31,9.32,256.15,3.80,9.85,240.94,,,,,,,4.97,8.23,242.00,,,,,
2026-10-10 14:30,4.83,8.00,2.29,5.20,6.55,3.44,253.50,4.73,9.11,236.92,5.09,8.41,249.75,4.98,10.03,246.03,4.22,7.70,249.08,5.25,9.27,255.86,3.80,9.91,239.34,,,,,,,4.89,8.23,242.00,,,,,
2026-10-10 14:40,4.82,7.99,2.28,5.19,6.61,3.46,253.65,4.70,9.04,238.06,5.10,8.46,249.11,4.93,9.93,247.01,4.18,7.59,250.51,5.19,9.22,255.56,3.79,9.97,237.74,,,,,,,4.80,8.23,242.00,,,,,
2026-10-10 14:50,4.80,7.96,2.27,5.18,6.62,3.36,253.65,4.67,8.96,239.20,5.11,8.50,248.47,4.87,9.83,247.98,4.13,7.48,251.93,5.12,9.16,255.27,3.79,10.04,236.14,,,,,,,4.72,8.23,242.00,,,,,
2026-10-10 15:00,4.79,7.95,2.26,5.17,6.59,3.37,253.69,4.64,8.89,240.34,5.11,8.55,247.83,4.82,9.73,248.96,4.09,7.37,253.36,5.06,9.11,254.97,3.78,10.10,234.54,,,,,,,4.63,8.23,242.00,,,,,
2026-10-10 15:10,4.78,7.93,2.26,5.16,6.59,3.39,253.74,4.61,8.82,241.48,5.12,8.60,247.19,4.77,9.63,249.93,4.04,7.26,254.78,4.99,9.06,254.68,3.89,10.09,234.69,,,,,,,4.63,8.23,242.67,,,,,
2026-10-10 15:20,4.77,7.92,2.25,5.15,6.63,3.44,253.79,4.58,8.74,242.62,5.12,8.64,246.56,4.71,9.53,250.91,4.00,7.15,256.20,4.93,9.00,254.38,3.99,10.07,234.84,,,,,,,4.63,8.23,243.33,,,,,
2026-10-10 15:30,4.76,7.90,2.25,5.14,6.45,3.35,253.84,4.55,8.67,243.76,5.13,8.69,245.92,4.66,9.43,251.88,3.96,7.04,257.63,4.86,8.95,254.09,4.10,10.05,234.99,,,,,,,4.63,8.23,244.00,,,,,
2026-10-10 15:40,4.74,7.87,2.24,5.12,6.45,3.33,253.89,4.52,8.60,244.90,5.13,8.74,245.28,4.60,9.33,252.86,3.91,6.93,259.05,4.80,8.89,253.79,4.21,10.04,235.14,,,,,,,4.63,8.23,244.67,,,,,
2026-10-10 15:50,4.72,7.84,2.23,5.10,6.44,3.32,253.95,4.49,8.52,246.04,5.14,8.78,244.64,4.55,9.23,253.84,3.87,6.82,260.48,4.73,8.84,253.50,4.32,10.02,235.28,,,,,,,4.63,8.23,245.33,,,,,
2026-10-10 16:00,4.68,7.76,2.20,5.05,6.44,3.37,253.99,4.46,8.45,247.18,5.15,8.83,244.00,4.50,9.13,254.81,3.82,6.71,261.90,4.67,8.79,253.21,4.42,10.00,235.43,,,,,,,4.63,8.23,246.00,,,,,
2026-10-10 16:10,4.63,7.68,2.18,5.00,6.32,3.31,254.04,4.43,8.38,248.32,5.15,8.88,243.36,4.44,9.03,255.79,3.78,6.59,263.33,4.60,8.73,252.91,4.36,9.92,235.80,,,,,,,4.55,8.06,246.17,,,,,
2026-10-10 16:20,4.58,7.60,2.15,4.94,6.36,3.34,254.11,4.41,8.30,249.46,5.16,8.93,242.72,4.39,8.93,256.76,3.74,6.48,264.75,4.54,8.68,252.62,4.29,9.84,236.16,,,,,,,4.46,7.89,246.33,,,,,
2026-10-10 16:30,4.52,7.52,2.12,4.89,6.23,3.14,254.19,4.38,8.23,250.60,5.16,8.97,242.08,4.34,8.83,257.74,3.69,6.37,266.17,4.47,8.62,252.32,4.23,9.76,236.52,,,,,,,4.38,7.71,246.50,,,,,
2026-10-10 16:40,4.46,7.42,2.09,4.82,6.28,3.11,254.33,4.35,8.16,251.73,5.17,9.02,241.44,4.28,8.73,258.71,3.65,6.26,267.60,4.41,8.57,252.03,4.16,9.67,236.89,,,,,,,4.29,7.54,246.67,,,,,
2026-10-10 16:50,4.39,7.31,2.05,4.74,6.07,3.02,254.48,4.32,8.08,252.87,5.17,9.07,240.81,4.23,8.63,259.69,3.60,6.15,269.02,4.34,8.52,251.73,4.09,9.59,237.25,,,,,,,4.20,7.37,246.83,,,,,
2026-10-10 17:00,4.30,7.18,2.01,4.66,5.84,2.91,254.61,4.29,8.01,254.01,5.18,9.11,240.17,4.17,8.53,260.67,3.56,6.04,270.45,4.28,8.46,251.44,4.03,9.51,237.61,,,,,,,4.12,7.20,247.00,,,,,
2026-10-10 17:10,4.23,7.06,1.98,4.58,5.84,2.92,254.70,4.16,7.86,253.85,4.97,8.71,239.26,4.03,8.18,260.27,3.43,5.82,271.28,4.15,8.26,251.05,4.00,9.52,238.32,,,,,,,4.03,7.11,246.67,,,,,
2026-10-10 17:20,4.15,6.93,1.95,4.50,5.83,2.92,254.80,4.03,7.71,253.69,4.77,8.31,238.36,3.88,7.82,259.88,3.30,5.59,272.12,4.02,8.05,250.66,3.98,9.54,239.04,,,,,,,3.95,7.03,246.33,,,,,
2026-10-10 17:30,4.07,6.81,1.91,4.42,5.57,2.90,254.90,3.90,7.56,253.52,4.56,7.91,237.45,3.74,7.47,259.48,3.17,5.36,272.95,3.89,7.85,250.27,3.95,9.56,239.75,,,,,,,3.86,6.94,246.00,,,,,
2026-10-10 17:40,3.99,6.68,1.88,4.34,5.52,2.73,255.04,3.78,7.41,253.36,4.35,7.51,236.55,3.59,7.11,259.08,3.04,5.14,273.79,3.76,7.64,249.88,3.93,9.57,240.47,,,,,,,3.77,6.86,245.67,,,,,
2026-10-10 17:50,3.89,6.51,1.84,4.23,5.40,2.74,255.25,3.65,7.26,253.19,4.15,7.11,235.65,3.45,6.76,258.69,2.91,4.91,274.63,3.63,7.44,249.49,3.90,9.59,241.18,,,,,,,3.69,6.78,245.33,,,,,
2026-10-10 18:00,3.78,6.31,1.79,4.10,5.24,2.60,255.55,3.52,7.12,253.03,3.94,6.71,234.74,3.30,6.40,258.29,2.78,4.69,275.46,3.50,7.24,249.11,3.88,9.61,241.89,,,,,,,3.60,6.69,245.00,,,,,
2026-10-10 18:10,3.66,6.11,1.74,3.98,4.95,2.55,255.92,3.39,6.97,252.86,3.74,6.31,233.84,3.15,6.05,257.90,2.65,4.46,276.30,3.37,7.03,248.72,3.73,9.57,242.40,,,,,,,3.51,6.60,244.17,,,,,
2026-10-10 18:20,3.56,5.92,1.70,3.86,4.89,2.51,256.31,3.26,6.82,252.70,3.53,5.91,232.93,3.01,5.69,257.50,2.52,4.24,277.13,3.24,6.83,248.33,3.59,9.54,242.91,,,,,,,3.43,6.52,243.33,,,,,
2026-10-10 18:30,3.45,5.74,1.66,3.75,4.77,2.45,256.71,3.13,6.67,252.54,3.32,5.51,232.03,2.86,5.34,257.11,2.38,4.01,277.97,3.11,6.62,247.94,3.44,9.51,243.42,,,,,,,3.34,6.43,242.50,,,,,
2026-10-10 18:40,3.33,5.52,1.61,3.62,4.63,2.34,257.29,3.01,6.52,252.37,3.12,5.12,231.13,2.72,4.98,256.71,2.25,3.79,278.80,2.98,6.42,247.55,3.30,9.47,243.93,,,,,,,3.26,6.34,241.67,,,,,
2026-10-10 18:50,3.21,5.31,1.56,3.49,4.48,2.23,257.87,2.88,6.37,252.21,2.91,4.72,230.22,2.57,4.63,256.32,2.12,3.56,279.64,2.85,6.21,247.16,3.16,9.44,244.43,,,,,,,3.17,6.26,240.83,,,,,
2026-10-10 19:00,3.06,5.03,1.50,3.33,4.11,2.14,259.01,2.75,6.22,252.04,2.70,4.32,229.32,2.43,4.27,255.92,1.99,3.34,280.48,2.72,6.01,246.77,3.01,9.41,244.94,,,,,,,3.09,6.17,240.00,,,,,
2026-10-10 19:10,2.90,4.74,1.45,3.16,3.98,2.07,260.74,2.62,6.07,251.88,2.50,3.92,228.41,2.28,3.92,255.53,1.86,3.11,281.31,2.59,5.80,246.39,2.75,8.19,240.98,,,,,,,3.00,6.09,239.67,,,,,
2026-10-10 19:20,2.75,4.48,1.39,3.00,3.77,1.97,262.54,2.49,5.92,251.71,2.29,3.52,227.51,2.13,3.56,255.13,1.73,2.89,282.15,2.46,5.60,246.00,2.49,6.97,237.02,,,,,,,2.92,6.00,239.33,,,,,
2026-10-10 19:30,2.62,4.25,1.34,2.86,3.57,1.88,264.06,2.36,5.78,251.55,2.09,3.12,226.60,1.99,3.21,254.74,1.60,2.66,282.98,2.33,5.39,245.61,2.23,5.76,233.06,,,,,,,2.83,5.91,239.00,,,,,
2026-10-10 19:40,2.47,3.98,1.28,2.70,3.31,1.80,265.57,2.23,5.63,251.39,1.88,2.72,225.70,1.84,2.85,254.34,1.47,2.44,283.82,2.20,5.19,245.22,1.97,4.54,229.10,,,,,,,2.74,5.83,238.67,,,,,
2026-10-10 19:50,2.36,3.78,1.24,2.58,3.14,1.70,268.87,2.11,5.48,251.22,1.67,2.32,224.80,1.70,2.49,253.94,1.34,2.21,284.66,2.07,4.98,244.83,1.71,3.32,225.14,,,,,,,2.66,5.74,238.33,,,,,
2026-10-10 20:00,2.26,3.61,1.21,2.48,3.09,1.65,276.13,1.98,5.33,251.06,1.47,1.92,223.89,1.55,2.14,253.55,1.21,1.99,285.49,1.94,4.78,244.44,1.45,2.11,221.18,,,,,,,2.57,5.66,238.00,,,,,
2026-10-10 20:10,2.21,3.51,1.18,2.42,2.98,1.60,280.39,1.93,5.11,253.68,1.49,2.14,225.21,1.53,2.10,253.81,1.19,1.93,284.00,1.92,4.63,245.05,1.43,2.14,221.55,,,,,,,2.57,5.57,238.00,,,,,
2026-10-10 20:20,2.15,3.42,1.16,2.37,2.87,1.56,284.66,1.88,4.90,256.30,1.52,2.37,226.52,1.52,2.07,254.08,1.16,1.88,282.50,1.91,4.49,245.66,1.41,2.18,221.92,,,,,,,2.57,5.49,238.00,,,,,
2026-10-10 20:30,2.13,3.38,1.15,2.35,2.88,1.53,285.86,1.83,4.68,258.92,1.55,2.59,227.83,1.50,2.03,254.34,1.13,1.83,281.01,1.90,4.34,246.26,1.39,2.21,222.29,,,,,,,2.57,5.40,238.00,,,,,
2026-10-10 20:40,2.12,3.36,1.14,2.33,2.87,1.56,286.67,1.78,4.47,261.53,1.57,2.81,229.14,1.48,2.00,254.60,1.11,1.77,279.51,1.88,4.19,246.87,1.38,2.25,222.66,,,,,,,2.57,5.31,238.00,,,,,
2026-10-10 20:50,2.10,3.33,1.13,2.31,2.84,1.50,287.55,1.73,4.26,264.15,1.60,3.04,230.46,1.46,1.96,254.87,1.08,1.72,278.02,1.87,4.05,247.47,1.36,2.28,223.03,,,,,,,2.57,5.23,238.00,,,,,
2026-10-10 21:00,2.07,3.29,1.12,2.29,2.75,1.51,288.56,1.69,4.04,266.77,1.63,3.26,231.77,1.44,1.93,255.13,1.06,1.67,276.52,1.86,3.90,248.08,1.34,2.32,223.40,,,,,,,2.57,5.14,238.00,,,,,
2026-10-10 21:10,2.04,3.23,1.10,2.25,2.70,1.47,289.85,1.64,3.83,269.39,1.66,3.49,233.08,1.43,1.89,255.40,1.03,1.61,275.03,1.85,3.75,248.69,1.32,2.13,227.72,,,,,,,2.48,5.05,238.00,,,,,
2026-10-10 21:20,2.00,3.16,1.08,2.21,2.65,1.39,291.46,1.59,3.61,272.01,1.68,3.71,234.40,1.41,1.86,255.66,1.01,1.56,273.53,1.83,3.60,249.29,1.30,1.95,232.03,,,,,,,2.40,4.97,238.00,,,,,
2026-10-10 21:30,1.95,3.08,1.06,2.16,2.67,1.38,293.20,1.54,3.40,274.63,1.71,3.94,235.71,1.39,1.82,255.92,0.98,1.51,272.04,1.82,3.46,249.90,1.27,1.76,236.34,,,,,,,2.32,4.89,238.00,,,,,
2026-10-10 21:40,1.93,3.03,1.04,2.13,2.62,1.34,294.24,1.49,3.18,277.25,1.74,4.16,237.02,1.37,1.79,256.19,0.96,1.45,270.54,1.81,3.31,250.50,1.25,1.58,240.65,,,,,,,2.23,4.80,238.00,,,,,
2026-10-10 21:50,1.90,2.99,1.03,2.10,2.58,1.31,295.28,1.44,2.97,279.87,1.76,4.38,238.34,1.35,1.75,256.45,0.93,1.40,269.05,1.80,3.16,251.11,1.23,1.39,244.97,,,,,,,2.14,4.72,238.00,,,,,
2026-10-10 22:00,1.90,2.98,1.02,2.10,2.60,1.36,295.42,1.39,2.75,282.49,1.79,4.61,239.65,1.33,1.71,256.72,0.90,1.35,267.55,1.78,3.02,251.71,1.21,1.21,249.28,,,,,,,2.06,4.63,238.00,,,,,
2026-10-10 22:10,1.90,2.98,1.02,2.10,2.58,1.36,295.35,1.35,2.54,285.11,1.82,4.83,240.96,1.32,1.68,256.98,0.88,1.29,266.06,1.77,2.87,252.32,1.24,1.79,250.06,,,,,,,2.06,4.55,237.33,,,,,
2026-10-10 22:20,1.90,2.99,1.02,2.11,2.60,1.35,295.12,1.30,2.32,287.73,1.85,5.06,242.28,1.30,1.64,257.24,0.85,1.24,264.56,1.76,2.72,252.93,1.27,2.37,250.83,,,,,,,2.06,4.46,236.67,,,,,
2026-10-10 22:30,1.91,3.01,1.03,2.12,2.59,1.35,294.79,1.25,2.11,290.35,1.87,5.28,243.59,1.28,1.61,257.51,0.83,1.18,263.07,1.74,2.58,253.53,1.30,2.95,251.61,,,,,,,2.06,4.38,236.00,,,,,
2026-10-10 22:40,1.92,3.02,1.03,2.13,2.61,1.29,294.41,1.20,1.89,292.96,1.90,5.51,244.90,1.26,1.57,257.77,0.80,1.13,261.57,1.73,2.43,254.14,1.33,3.54,252.39,,,,,,,2.06,4.29,235.33,,,,,
2026-10-10 22:50,1.91,3.01,1.03,2.12,2.56,1.34,294.21,1.15,1.68,295.58,1.93,5.73,246.22,1.24,1.54,258.04,0.78,1.08,260.08,1.72,2.28,254.74,1.36,4.12,253.17,,,,,,,2.06,4.20,234.67,,,,,
2026-10-10 23:00,1.90,2.99,1.02,2.11,2.59,1.33,294.04,1.10,1.46,298.20,1.95,5.95,247.53,1.23,1.50,258.30,0.75,1.02,258.58,1.71,2.14,255.35,1.39,4.70,253.95,,,,,,,2.06,4.12,234.00,,,,,
2026-10-10 23:10,1.89,2.98,1.01,2.10,2.59,1.31,293.81,1.08,1.43,297.32,1.96,6.02,247.06,1.25,1.54,256.47,0.76,1.03,255.22,1.71,2.13,253.23,1.33,4.08,256.54,,,,,,,2.06,4.12,234.33,,,,,
2026-10-10 23:20,1.88,2.96,1.01,2.09,2.58,1.28,293.59,1.05,1.40,296.43,1.96,6.09,246.59,1.26,1.58,254.64,0.77,1.04,251.85,1.71,2.13,251.12,1.27,3.47,259.14,,,,,,,2.06,4.12,234.67,,,,,
2026-10-10 23:30,1.88,2.95,1.00,2.08,2.55,1.29,293.28,1.03,1.37,295.55,1.97,6.16,246.12,1.28,1.61,252.81,0.78,1.05,248.49,1.71,2.13,249.00,1.21,2.85,261.74,,,,,,,2.06,4.12,235.00,,,,,
2026-10-10 23:40,1.87,2.95,1.00,2.08,2.56,1.29,292.93,1.00,1.34,294.66,1.97,6.22,245.65,1.30,1.65,250.99,0.78,1.06,245.12,1.72,2.13,246.89,1.15,2.24,264.33,,,,,,,2.06,4.12,235.33,,,,,
2026-10-10 23:50,1.89,2.97,1.01,2.09,2.54,1.35,292.46,0.98,1.31,293.78,1.97,6.29,245.18,1.32,1.69,249.16,0.79,1.07,241.75,1.72,2.13,244.77,1.09,1.62,266.93,,,,,,,2.06,4.12,235.67,,,,,
2026-10-11 00:00,1.91,3.00,1.01,2.11,2.60,1.30,291.90,0.96,1.28,292.89,1.98,6.36,244.71,1.34,1.73,247.33,0.80,1.08,238.39,1.72,2.13,242.66,1.02,1.00,269.52,,,,,,,2.06,4.12,236.00,,,,,
2026-10-11 00:10,1.92,3.03,1.02,2.13,2.62,1.35,291.31,0.93,1.25,292.00,1.98,6.42,244.24,1.36,1.76,245.50,0.81,1.09,235.02,1.73,2.13,240.54,1.11,1.27,272.93,,,,,,,2.06,4.12,235.67,,,,,
2026-10-11 00:20,1.94,3.06,1.03,2.15,2.68,1.40,290.71,0.91,1.22,291.12,1.99,6.49,243.77,1.37,1.80,243.67,0.82,1.10,231.65,1.73,2.13,238.43,1.20,1.54,276.34,,,,,,,2.06,4.12,235.33,,,,,
2026-10-11 00:30,1.97,3.10,1.04,2.17,2.67,1.36,290.09,0.88,1.18,290.23,1.99,6.56,243.30,1.39,1.84,241.84,0.83,1.11,228.29,1.73,2.12,236.31,1.29,1.80,279.74,,,,,,,2.06,4.12,235.00,,,,,
2026-10-11 00:40,1.98,3.12,1.05,2.19,2.69,1.39,289.58,0.86,1.15,289.35,2.00,6.63,242.83,1.41,1.88,240.02,0.83,1.12,224.92,1.73,2.12,234.20,1.38,2.07,283.15,,,,,,,2.06,4.12,234.67,,,,,
2026-10-11 00:50,2.00,3.15,1.06,2.21,2.71,1.42,289.07,0.84,1.12,288.46,2.00,6.69,242.36,1.43,1.91,238.19,0.84,1.13,221.56,1.74,2.12,232.08,1.46,2.34,286.56,,,,,,,2.06,4.12,234.33,,,,,
2026-10-11 01:00,2.01,3.17,1.07,2.22,2.76,1.44,288.63,0.81,1.09,287.58,2.00,6.76,241.89,1.45,1.95,236.36,0.85,1.14,218.19,1.74,2.12,229.97,1.55,2.61,289.97,,,,,,,2.06,4.12,234.00,,,,,
2026-10-11 01:10,2.03,3.20,1.08,2.24,2.75,1.45,288.20,0.79,1.06,286.69,2.01,6.83,241.42,1.47,1.99,234.53,0.86,1.15,214.82,1.74,2.12,227.85,1.52,2.46,291.61,,,,,,,2.14,4.20,234.00,,,,,
2026-10-11 01:20,2.04,3.22,1.09,2.26,2.77,1.45,287.79,0.76,1.03,285.81,2.01,6.90,240.95,1.49,2.02,232.70,0.87,1.16,211.46,1.75,2.12,225.74,1.49,2.31,293.26,,,,,,,2.23,4.29,234.00,,,,,
2026-10-11 01:30,2.06,3.25,1.10,2.27,2.76,1.47,287.41,0.74,1.00,284.92,2.02,6.96,240.48,1.50,2.06,230.87,0.88,1.17,208.09,1.75,2.12,223.62,1.46,2.17,294.91,,,,,,,2.32,4.38,234.00,,,,,
2026-10-11 01:40,2.07,3.27,1.11,2.29,2.80,1.47,286.83,0.71,0.97,284.04,2.02,7.03,240.01,1.52,2.10,229.05,0.88,1.18,204.73,1.75,2.12,221.51,1.43,2.02,296.55,,,,,,,2.40,4.46,234.00,,,,,
2026-10-11 01:50,2.08,3.27,1.11,2.29,2.80,1.50,286.00,0.69,0.94,283.15,2.03,7.10,239.54,1.54,2.14,227.22,0.89,1.19,201.36,1.75,2.12,219.39,1.40,1.88,298.20,,,,,,,2.48,4.55,234.00,,,,,
2026-10-11 02:00,2.08,3.28,1.11,2.29,2.82,1.48,285.20,0.67,0.91,282.26,2.03,7.17,239.07,1.56,2.17,225.39,0.90,1.20,197.99,1.76,2.11,217.28,1.37,1.73,299.85,,,,,,,2.57,4.63,234.00,,,,,
2026-10-11 02:10,2.07,3.27,1.10,2.29,2.80,1.48,284.80,0.70,0.95,279.28,2.04,7.14,238.72,1.58,2.39,225.31,0.91,1.21,199.03,1.75,2.12,218.05,1.29,1.62,298.63,,,,,,,2.57,4.63,234.83,,,,,
2026-10-11 02:20,2.07,3.26,1.10,2.28,2.78,1.48,284.41,0.74,0.99,276.29,2.06,7.11,238.37,1.60,2.60,225.23,0.92,1.22,200.07,1.75,2.12,218.82,1.22,1.50,297.41,,,,,,,2.57,4.63,235.67,,,,,
2026-10-11 02:30,2.06,3.26,1.10,2.28,2.80,1.48,284.02,0.77,1.03,273.30,2.07,7.08,238.03,1.62,2.82,225.15,0.93,1.23,201.10,1.74,2.12,219.59,1.14,1.38,296.19,,,,,,,2.57,4.63,236.50,,,,,
2026-10-11 02:40,2.05,3.24,1.09,2.27,2.80,1.44,283.99,0.81,1.07,270.31,2.09,7.05,237.68,1.64,3.03,225.07,0.95,1.25,202.14,1.73,2.12,220.37,1.07,1.26,294.97,,,,,,,2.57,4.63,237.33,,,,,
2026-10-11 02:50,2.04,3.22,1.08,2.25,2.76,1.46,284.31,0.84,1.11,267.32,2.10,7.02,237.33,1.66,3.24,224.99,0.96,1.26,203.18,1.73,2.12,221.14,0.99,1.14,293.75,,,,,,,2.57,4.63,238.17,,,,,
2026-10-11 03:00,2.03,3.20,1.08,2.24,2.81,1.43,284.65,0.88,1.15,264.33,2.12,6.99,236.99,1.68,3.46,224.90,0.97,1.27,204.21,1.72,2.12,221.91,0.91,1.02,292.53,,,,,,,2.57,4.63,239.00,,,,,
2026-10-11 03:10,2.01,3.18,1.07,2.22,2.72,1.44,285.02,0.91,1.19,261.34,2.13,6.96,236.64,1.70,3.67,224.82,0.98,1.28,205.25,1.72,2.12,222.68,0.88,0.97,287.64,,,,,,,2.57,4.63,238.83,,,,,
2026-10-11 03:20,2.00,3.15,1.06,2.21,2.67,1.41,285.40,0.95,1.23,258.36,2.15,6.93,236.29,1.72,3.88,224.74,0.99,1.29,206.29,1.71,2.13,223.45,0.85,0.92,282.75,,,,,,,2.57,4.63,238.67,,,,,
2026-10-11 03:30,1.99,3.13,1.06,2.19,2.66,1.42,285.81,0.98,1.27,255.37,2.16,6.90,235.94,1.74,4.10,224.66,1.00,1.30,207.32,1.71,2.13,224.23,0.82,0.86,277.86,,,,,,,2.57,4.63,238.50,,,,,
2026-10-11 03:40,1.98,3.11,1.05,2.18,2.69,1.37,286.12,1.02,1.31,252.38,2.18,6.87,235.60,1.76,4.31,224.58,1.01,1.31,208.36,1.70,2.13,225.00,0.79,0.81,272.98,,,,,,,2.57,4.63,238.33,,,,,
2026-10-11 03:50,1.97,3.10,1.05,2.17,2.64,1.35,286.40,1.06,1.36,249.39,2.19,6.84,235.25,1.78,4.52,224.50,1.02,1.32,209.40,1.70,2.13,225.77,0.77,0.76,268.09,,,,,,,2.57,4.63,238.17,,,,,
2026-10-11 04:00,1.96,3.08,1.04,2.16,2.64,1.35,286.73,1.09,1.40,246.40,2.20,6.81,234.90,1.80,4.74,224.42,1.03,1.33,210.43,1.69,2.13,226.54,0.74,0.71,263.20,,,,,,,2.57,4.63,238.00,,,,,
2026-10-11 04:10,1.95,3.07,1.04,2.15,2.65,1.34,287.09,1.13,1.44,243.41,2.22,6.78,234.56,1.82,4.95,224.34,1.04,1.35,211.47,1.69,2.13,227.31,0.68,0.66,260.44,,,,,,,2.57,4.63,238.33,,,,,
2026-10-11 04:20,1.94,3.05,1.03,2.14,2.63,1.36,287.49,1.16,1.48,240.42,2.23,6.75,234.21,1.84,5.17,224.26,1.05,1.36,212.51,1.68,2.13,228.09,0.63,0.61,257.69,,,,,,,2.57,4.63,238.67,,,,,
2026-10-11 04:30,1.93,3.04,1.03,2.13,2.63,1.41,287.91,1.20,1.52,237.43,2.25,6.72,233.86,1.86,5.38,224.18,1.07,1.37,213.54,1.67,2.14,228.86,0.58,0.57,254.93,,,,,,,2.57,4.63,239.00,,,,,
2026-10-11 04:40,1.92,3.03,1.02,2.13,2.54,1.35,288.41,1.23,1.56,234.45,2.26,6.69,233.52,1.87,5.59,224.10,1.08,1.38,214.58,1.67,2.14,229.63,0.53,0.52,252.18,,,,,,,2.57,4.63,239.33,,,,,
2026-10-11 04:50,1.92,3.02,1.02,2.12,2.64,1.34,288.96,1.27,1.60,231.46,2.28,6.66,233.17,1.89,5.81,224.02,1.09,1.39,215.62,1.66,2.14,230.40,0.48,0.47,249.42,,,,,,,2.57,4.63,239.67,,,,,
2026-10-11 05:00,1.91,3.01,1.02,2.11,2.55,1.33,289.58,1.30,1.64,228.47,2.29,6.63,232.82,1.91,6.02,223.94,1.10,1.40,216.65,1.66,2.14,231.17,0.43,0.42,246.67,,,,,,,2.57,4.63,240.00,,,,,
2026-10-11 05:10,1.90,2.99,1.01,2.10,2.56,1.35,290.24,1.31,1.65,229.54,2.24,6.45,232.52,1.92,6.05,224.62,1.09,1.39,217.21,1.64,2.11,230.77,0.45,0.44,244.74,,,,,,,2.57,4.63,240.67,,,,,
2026-10-11 05:20,1.89,2.97,1.01,2.09,2.56,1.32,290.90,1.31,1.65,230.62,2.20,6.26,232.21,1.94,6.08,225.30,1.08,1.38,217.77,1.62,2.09,230.36,0.46,0.46,242.81,,,,,,,2.57,4.63,241.33,,,,,
2026-10-11 05:30,1.88,2.96,1.00,2.08,2.56,1.30,291.58,1.31,1.66,231.69,2.15,6.07,231.91,1.95,6.11,225.98,1.08,1.37,218.32,1.60,2.06,229.95,0.48,0.47,240.88,,,,,,,2.57,4.63,242.00,,,,,
2026-10-11 05:40,1.88,2.96,1.00,2.08,2.54,1.30,291.88,1.32,1.66,232.76,2.10,5.88,231.60,1.96,6.14,226.67,1.07,1.36,218.88,1.58,2.03,229.55,0.50,0.49,238.95,,,,,,,2.57,4.63,242.67,,,,,
2026-10-11 05:50,1.88,2.96,1.00,2.08,2.58,1.32,292.01,1.32,1.67,233.84,2.06,5.69,231.30,1.97,6.17,227.35,1.06,1.35,219.44,1.56,2.00,229.14,0.52,0.50,237.02,,,,,,,2.57,4.63,243.33,,,,,
2026-10-11 06:00,1.88,2.96,1.01,2.08,2.59,1.33,292.10,1.32,1.68,234.91,2.01,5.50,230.99,1.98,6.20,228.03,1.06,1.34,219.99,1.53,1.98,228.73,0.54,0.52,235.09,,,,,,,2.57,4.63,244.00,,,,,
2026-10-11 06:10,1.88,2.97,1.01,2.09,2.55,1.40,292.17,1.33,1.68,235.99,1.96,5.31,230.69,1.99,6.23,228.71,1.05,1.32,220.55,1.51,1.95,228.33,0.54,0.53,240.86,,,,,,,2.57,4.72,244.17,,,,,
2026-10-11 06:20,1.89,2.97,1.01,2.09,2.56,1.35,292.23,1.33,1.69,237.06,1.92,5.13,230.38,2.00,6.26,229.40,1.04,1.31,221.11,1.49,1.92,227.92,0.54,0.55,246.63,,,,,,,2.57,4.80,244.33,,,,,
2026-10-11 06:30,1.89,2.97,1.01,2.09,2.54,1.35,292.27,1.33,1.70,238.14,1.87,4.94,230.08,2.01,6.29,230.08,1.04,1.30,221.66,1.47,1.90,227.51,0.54,0.56,252.40,,,,,,,2.57,4.89,244.50,,,,,
2026-10-11 06:40,1.90,2.99,1.02,2.10,2.57,1.35,292.37,1.34,1.70,239.21,1.82,4.75,229.77,2.02,6.32,230.76,1.03,1.29,222.22,1.45,1.87,227.11,0.54,0.57,258.17,,,,,,,2.57,4.97,244.67,,,,,
2026-10-11 06:50,1.91,3.00,1.02,2.11,2.61,1.38,292.46,1.34,1.71,240.28,1.78,4.56,229.47,2.03,6.35,231.44,1.02,1.28,222.78,1.43,1.84,226.70,0.55,0.59,263.94,,,,,,,2.57,5.05,244.83,,,,,
2026-10-11 07:00,1.91,3.01,1.03,2.12,2.58,1.36,292.52,1.34,1.71,241.36,1.73,4.37,229.16,2.04,6.38,232.12,1.02,1.27,223.33,1.41,1.81,226.29,0.55,0.60,269.71,,,,,,,2.57,5.14,245.00,,,,,
2026-10-11 07:10,1.92,3.03,1.03,2.13,2.62,1.35,292.54,1.35,1.72,242.43,1.68,4.18,228.86,2.05,6.41,232.81,1.01,1.26,223.89,1.39,1.79,225.89,0.64,0.69,273.91,,,,,,,2.66,5.14,244.83,,,,,
2026-10-11 07:20,1.93,3.04,1.04,2.14,2.59,1.35,292.51,1.35,1.73,243.51,1.64,4.00,228.55,2.06,6.44,233.49,1.00,1.25,224.45,1.37,1.76,225.48,0.72,0.77,278.10,,,,,,,2.74,5.14,244.67,,,,,
2026-10-11 07:30,1.94,3.06,1.04,2.15,2.61,1.36,292.34,1.35,1.73,244.58,1.59,3.81,228.25,2.07,6.47,234.17,1.00,1.24,225.00,1.35,1.73,225.07,0.81,0.85,282.30,,,,,,,2.83,5.14,244.50,,,,,
2026-10-11 07:40,1.97,3.11,1.06,2.18,2.63,1.37,290.01,1.35,1.74,245.65,1.54,3.62,227.95,2.08,6.50,234.85,0.99,1.23,225.56,1.33,1.71,224.67,0.90,0.93,286.50,,,,,,,2.92,5.14,244.33,,,,,
2026-10-11 07:50,2.01,3.17,1.07,2.22,2.74,1.45,287.03,1.36,1.74,246.73,1.50,3.43,227.64,2.09,6.52,235.53,0.98,1.22,226.12,1.31,1.68,224.26,0.99,1.02,290.70,,,,,,,3.00,5.14,244.17,,,,,
2026-10-11 08:00,2.05,3.24,1.09,2.26,2.79,1.48,284.16,1.36,1.75,247.80,1.45,3.24,227.34,2.10,6.55,236.22,0.98,1.21,226.67,1.29,1.65,223.86,1.07,1.10,294.90,,,,,,,3.09,5.14,244.00,,,,,
2026-10-11 08:10,2.09,3.32,1.11,2.31,2.88,1.47,281.46,1.39,1.86,247.67,1.52,3.31,228.21,2.16,6.47,236.69,1.03,1.39,227.75,1.39,1.91,225.37,1.08,1.18,292.58,,,,,,,3.09,5.23,244.00,,,,,
2026-10-11 08:20,2.14,3.40,1.12,2.36,2.90,1.54,278.91,1.42,1.97,247.54,1.58,3.37,229.08,2.22,6.39,237.16,1.09,1.57,228.83,1.48,2.16,226.88,1.08,1.27,290.26,,,,,,,3.09,5.31,244.00,,,,,
2026-10-11 08:30,2.19,3.48,1.14,2.41,3.03,1.57,276.48,1.44,2.08,247.41,1.64,3.44,229.95,2.28,6.31,237.64,1.15,1.75,229.90,1.58,2.42,228.40,1.08,1.35,287.95,,,,,,,3.09,5.40,244.00,,,,,
2026-10-11 08:40,2.25,3.59,1.17,2.47,3.09,1.57,274.01,1.47,2.19,247.28,1.71,3.51,230.82,2.33,6.23,238.11,1.21,1.94,230.98,1.68,2.67,229.91,1.08,1.44,285.63,,,,,,,3.09,5.49,244.00,,,,,
2026-10-11 08:50,2.32,3.71,1.19,2.54,3.13,1.64,271.60,1.50,2.30,247.15,1.77,3.57,231.70,2.39,6.14,238.58,1.26,2.12,232.06,1.78,2.93,231.42,1.08,1.52,283.31,,,,,,,3.09,5.57,244.00,,,,,
2026-10-11 09:00,2.39,3.84,1.21,2.62,3.28,1.68,269.13,1.53,2.41,247.02,1.83,3.64,232.57,2.45,6.06,239.05,1.32,2.30,233.14,1.87,3.18,232.94,1.09,1.61,281.00,,,,,,,3.09,5.66,244.00,,,,,
2026-10-11 09:10,2.48,4.00,1.23,2.71,3.37,1.69,266.61,1.55,2.52,246.89,1.90,3.71,233.44,2.50,5.98,239.53,1.38,2.48,234.21,1.97,3.44,234.45,1.12,1.81,277.15,,,,,,,3.17,5.74,244.17,,,,,
2026-10-11 09:20,2.56,4.15,1.26,2.81,3.54,1.75,264.35,1.58,2.64,246.76,1.96,3.77,234.31,2.56,5.90,240.00,1.44,2.67,235.29,2.07,3.69,235.96,1.16,2.01,273.30,,,,,,,3.26,5.83,244.33,,,,,
2026-10-11 09:30,2.65,4.30,1.28,2.90,3.74,1.78,262.63,1.61,2.75,246.62,2.03,3.84,235.18,2.62,5.81,240.47,1.50,2.85,236.37,2.17,3.95,237.48,1.19,2.21,269.45,,,,,,,3.34,5.91,244.50,,,,,
2026-10-11 09:40,2.73,4.46,1.31,2.99,3.80,1.87,261.34,1.64,2.86,246.49,2.09,3.91,236.06,2.68,5.73,240.95,1.55,3.03,237.45,2.26,4.20,238.99,1.23,2.42,265.60,,,,,,,3.43,6.00,244.67,,,,,
2026-10-11 09:50,2.82,4.61,1.34,3.08,4.01,1.95,260.28,1.66,2.97,246.36,2.15,3.97,236.93,2.73,5.65,241.42,1.61,3.21,238.52,2.36,4.46,240.51,1.27,2.62,261.75,,,,,,,3.51,6.09,244.83,,,,,
2026-10-11 10:00,2.90,4.76,1.38,3.16,4.04,1.99,259.40,1.69,3.08,246.23,2.22,4.04,237.80,2.79,5.57,241.89,1.67,3.40,239.60,2.46,4.71,242.02,1.30,2.82,257.90,,,,,,,3.60,6.17,245.00,,,,,
2026-10-11 10:10,2.99,4.91,1.41,3.26,4.23,2.04,258.67,1.72,3.19,246.10,2.28,4.11,238.67,2.85,5.49,242.37,1.73,3.58,240.68,2.56,4.97,243.53,1.39,3.10,255.94,,,,,,,3.60,6.26,245.17,,,,,
2026-10-11 10:20,3.08,5.09,1.45,3.36,4.48,2.10,258.09,1.75,3.30,245.97,2.35,4.17,239.55,2.91,5.40,242.84,1.79,3.76,241.76,2.66,5.22,245.05,1.48,3.38,253.99,,,,,,,3.60,6.34,245.33,,,,,
2026-10-11 10:30,3.18,5.27,1.48,3.47,4.51,2.17,257.63,1.77,3.41,245.84,2.41,4.24,240.42,2.96,5.32,243.31,1.84,3.94,242.83,2.75,5.48,246.56,1.57,3.66,252.03,,,,,,,3.60,6.43,245.50,,,,,
2026-10-11 10:40,3.26,5.41,1.51,3.55,4.68,2.16,257.20,1.80,3.52,245.71,2.47,4.31,241.29,3.02,5.24,243.78,1.90,4.13,243.91,2.85,5.73,248.07,1.66,3.94,250.08,,,,,,,3.60,6.52,245.67,,,,,
2026-10-11 10:50,3.33,5.55,1.55,3.63,4.75,2.28,256.65,1.83,3.63,245.58,2.54,4.37,242.16,3.08,5.16,244.26,1.96,4.31,244.99,2.95,5.99,249.59,1.74,4.22,248.12,,,,,,,3.60,6.60,245.83,,,,,
2026-10-11 11:00,3.41,5.68,1.58,3.70,4.92,2.28,256.12,1.86,3.74,245.45,2.60,4.44,243.03,3.14,5.07,244.73,2.02,4.49,246.07,3.05,6.24,251.10,1.83,4.50,246.17,,,,,,,3.60,6.69,246.00,,,,,
2026-10-11 11:10,3.47,5.78,1.61,3.77,4.90,2.33,255.75,,,,,,,,,,,,,,,,1.96,4.57,246.28,,,,,,,3.69,6.78,246.67,,,,,
2026-10-11 11:20,3.52,5.88,1.63,3.82,4.91,2.39,255.52,,,,,,,,,,,,,,,,2.09,4.65,246.38,,,,,,,3.77,6.86,247.33,,,,,
2026-10-11 11:30,3.55,5.93,1.64,3.86,5.01,2.40,255.39,,,,,,,,,,,,,,,,2.22,4.72,246.49,,,,,,,3.86,6.94,248.00,,,,,
2026-10-11 11:40,3.56,5.95,1.65,3.87,5.05,2.39,255.33,,,,,,,,,,,,,,,,2.36,4.79,246.59,,,,,,,3.95,7.03,248.67,,,,,
2026-10-11 11:50,3.57,5.96,1.65,3.87,5.05,2.44,255.29,,,,,,,,,,,,,,,,2.49,4.86,246.70,,,,,,,4.03,7.11,249.33,,,,,
2026-10-11 12:00,,,,,,,,,,,,,,,,,,,,,,,2.62,4.94,246.80,,,,,,,4.12,7.20,250.00,,,,,
2026-10-11 12:10,,,,,,,,,,,,,,,,,,,,,,,2.71,5.05,248.12,,,,,,,4.12,7.20,250.00,,,,,
2026-10-11 12:20,,,,,,,,,,,,,,,,,,,,,,,2.80,5.16,249.44,,,,,,,4.12,7.20,250.00,,,,,
2026-10-11 12:30,,,,,,,,,,,,,,,,,,,,,,,2.89,5.27,250.76,,,,,,,4.12,7.20,250.00,,,,,
2026-10-11 12:40,,,,,,,,,,,,,,,,,,,,,,,2.98,5.38,252.08,,,,,,,4.12,7.20,250.00,,,,,
2026-10-11 12:50,,,,,,,,,,,,,,,,,,,,,,,3.07,5.49,253.40,,,,,,,4.12,7.20,250.00,,,,,
2026-10-11 13:00,,,,,,,,,,,,,,,,,,,,,,,3.16,5.60,254.72,,,,,,,4.12,7.20,250.00,,,,,
