datetime,Konstanz SW mean,Konstanz SW max,Konstanz SW min,Konstanz SW 3s max,Konstanz SW q25,Konstanz SW q75,Konstanz SW direction,Konstanz GEFS-c00 mean,Konstanz GEFS-c00 max,Konstanz GEFS-c00 direction,Konstanz GEFS-p01 mean,Konstanz GEFS-p01 max,Konstanz GEFS-p01 direction,Konstanz GEFS-p02 mean,Konstanz GEFS-p02 max,Konstanz GEFS-p02 direction,Konstanz GEFS-p03 mean,Konstanz GEFS-p03 max,Konstanz GEFS-p03 direction,Konstanz GEFS-p04 mean,Konstanz GEFS-p04 max,Konstanz GEFS-p04 direction,Konstanz GFS mean,Konstanz GFS max,Konstanz GFS direction,Konstanz ICON-EU mean,Konstanz ICON-EU max,Konstanz ICON-EU direction,Konstanz ICON-D2 mean,Konstanz ICON-D2 max,Konstanz ICON-D2 direction,Konstanz MOSMIX mean,Konstanz MOSMIX max,Konstanz MOSMIX direction,Konstanz mean,Konstanz max,Konstanz min,Konstanz 3s max,Konstanz direction
2024-06-20 14:00,2.59,4.58,0.98,2.88,3.86,1.52,244.93,2.20,3.41,279.14,1.63,2.32,301.25,2.03,3.02,230.08,2.63,4.23,267.61,2.07,2.92,312.52,1.19,1.11,94.93,0.67,1.43,308.54,0.74,1.09,127.91,1.54,4.12,110.00,3.20,5.00,1.80,3.50,240.00
2024-06-20 14:10,2.62,4.64,0.99,2.91,3.95,1.59,243.42,2.16,3.34,275.59,1.70,2.51,294.15,2.01,3.05,225.41,2.59,4.14,260.40,2.07,2.99,312.25,1.19,1.11,94.93,0.67,1.43,308.54,0.74,1.09,127.91,1.54,4.12,110.00,2.90,4.40,1.50,3.20,260.00
2024-06-20 14:20,2.62,4.64,0.99,2.91,3.93,1.57,243.35,2.12,3.26,272.03,1.77,2.71,287.04,1.98,3.09,220.75,2.55,4.05,253.18,2.07,3.05,311.99,1.19,1.11,94.93,0.67,1.43,308.54,0.74,1.09,127.91,1.54,4.12,110.00,2.50,4.50,1.10,3.10,270.00
2024-06-20 14:30,2.60,4.62,0.98,2.90,3.90,1.59,243.68,2.07,3.19,268.48,1.83,2.90,279.93,1.96,3.12,216.08,2.51,3.96,245.97,2.07,3.11,311.72,1.19,1.11,94.93,0.67,1.43,308.54,0.74,1.09,127.91,1.54,4.12,110.00,2.70,4.60,1.10,2.70,240.00
2024-06-20 14:40,2.59,4.60,0.98,2.88,3.91,1.57,244.02,2.03,3.12,264.93,1.90,3.10,272.83,1.94,3.15,211.42,2.46,3.88,238.75,2.07,3.17,311.45,1.19,1.11,94.93,0.67,1.43,308.54,0.74,1.09,127.91,1.54,4.12,110.00,2.90,4.60,1.10,3.10,220.00
2024-06-20 14:50,2.58,4.58,0.97,2.87,3.83,1.56,244.34,1.99,3.04,261.37,1.97,3.30,265.72,1.92,3.18,206.76,2.42,3.79,231.53,2.06,3.24,311.18,1.19,1.11,94.93,0.67,1.43,308.54,0.74,1.09,127.91,1.54,4.12,110.00,1.10,3.50,0.10,2.90,220.00
2024-06-20 15:00,2.57,4.56,0.97,2.86,3.97,1.54,244.65,1.95,2.97,257.82,2.04,3.49,258.61,1.90,3.22,202.09,2.38,3.70,224.32,2.06,3.30,310.91,1.19,1.11,94.93,0.67,1.43,308.54,0.74,1.09,127.91,1.54,4.12,110.00,2.70,4.00,0.80,2.70,220.00
2024-06-20 15:10,2.56,4.54,0.97,2.85,3.87,1.57,245.00,1.91,2.90,254.27,2.10,3.69,251.51,1.88,3.25,197.43,2.34,3.61,217.10,2.06,3.36,310.64,1.19,1.11,94.93,0.67,1.43,308.54,0.74,1.09,127.91,1.54,4.12,110.00,1.90,3.70,0.30,2.70,220.00
2024-06-20 15:20,2.51,4.46,0.95,2.80,3.82,1.49,243.97,1.86,2.83,250.71,2.17,3.88,244.40,1.85,3.28,192.76,2.29,3.53,209.89,2.06,3.42,310.37,1.19,1.11,94.93,0.67,1.43,308.54,0.74,1.09,127.91,1.54,4.12,110.00,1.10,2.30,0.10,1.90,270.00
2024-06-20 15:30,2.47,4.37,0.93,2.74,3.74,1.45,242.51,1.82,2.75,247.16,2.24,4.08,237.30,1.83,3.31,188.10,2.25,3.44,202.67,2.06,3.48,310.10,1.19,1.11,94.93,0.67,1.43,308.54,0.74,1.09,127.91,1.54,4.12,110.00,1.30,3.00,0.10,1.30,150.00
2024-06-20 15:40,2.41,4.28,0.91,2.69,3.61,1.44,240.63,1.78,2.68,243.61,2.31,4.27,230.19,1.81,3.35,183.43,2.21,3.35,195.46,2.06,3.55,309.83,1.19,1.11,94.93,0.67,1.43,308.54,0.74,1.09,127.91,1.54,4.12,110.00,1.20,3.10,0.10,1.50,130.00
2024-06-20 15:50,2.34,4.16,0.89,2.61,3.53,1.35,237.01,1.74,2.61,240.05,2.38,4.47,223.08,1.79,3.38,178.77,2.17,3.26,188.24,2.05,3.61,309.57,1.19,1.11,94.93,0.67,1.43,308.54,0.74,1.09,127.91,1.54,4.12,110.00,1.90,3.70,0.20,2.00,200.00
2024-06-20 16:00,2.25,4.01,0.84,2.52,3.37,1.34,226.89,1.70,2.54,236.50,2.44,4.67,215.98,1.77,3.41,174.10,2.12,3.18,181.03,2.05,3.67,309.30,1.19,1.11,94.93,0.67,1.43,308.54,0.74,1.09,127.91,1.54,4.12,110.00,1.20,2.80,0.10,1.90,180.00
2024-06-20 16:10,2.20,3.91,0.82,2.46,3.33,1.29,206.67,1.65,2.46,232.95,2.51,4.86,208.87,1.75,3.44,169.44,2.08,3.09,173.81,2.05,3.73,309.03,1.19,1.11,94.93,0.67,1.43,308.54,0.74,1.09,127.91,1.54,4.12,110.00,1.10,2.70,0.10,1.40,220.00
2024-06-20 16:20,2.18,3.89,0.81,2.45,3.39,1.26,190.90,1.61,2.39,229.40,2.58,5.06,201.76,1.73,3.48,164.78,2.04,3.00,166.60,2.05,3.80,308.76,1.19,1.11,94.93,0.67,1.43,308.54,0.74,1.09,127.91,1.54,4.12,110.00,0.80,1.90,0.00,1.20,90.00
2024-06-20 16:30,2.17,3.87,0.79,2.44,3.36,1.24,179.00,1.57,2.32,225.84,2.65,5.25,194.66,1.70,3.51,160.11,2.00,2.91,159.38,2.05,3.86,308.49,1.19,1.11,94.93,0.67,1.43,308.54,0.74,1.09,127.91,1.54,4.12,110.00,1.50,3.00,0.20,1.50,280.00
2024-06-20 16:40,2.15,3.84,0.78,2.41,3.37,1.21,171.71,1.53,2.25,222.29,2.72,5.45,187.55,1.68,3.54,155.45,1.96,2.83,152.17,2.05,3.92,308.22,1.19,1.11,94.93,0.67,1.43,308.54,0.74,1.09,127.91,1.54,4.12,110.00,1.30,3.00,0.00,1.50,150.00
2024-06-20 16:50,2.10,3.76,0.74,2.36,3.32,1.19,172.19,1.49,2.17,218.74,2.78,5.64,180.45,1.66,3.57,150.78,1.91,2.74,144.95,2.04,3.98,307.95,1.19,1.11,94.93,0.67,1.43,308.54,0.74,1.09,127.91,1.54,4.12,110.00,1.50,3.80,0.10,2.00,130.00
2024-06-20 17:00,2.06,3.69,0.71,2.31,3.28,1.18,172.67,1.44,2.10,215.18,2.85,5.84,173.34,1.64,3.61,146.12,1.87,2.65,137.73,2.04,4.05,307.68,1.19,1.11,94.93,0.67,1.43,308.54,0.74,1.09,127.91,1.54,4.12,110.00,1.00,1.90,0.10,1.40,80.00
2024-06-20 17:10,2.03,3.63,0.68,2.28,3.22,1.09,177.76,1.40,2.04,205.21,2.85,5.84,169.00,1.65,3.60,140.20,1.82,2.57,132.27,2.05,4.03,299.61,1.19,1.11,94.93,0.67,1.43,308.54,0.74,1.09,127.91,1.54,4.12,110.00,0.90,1.80,0.00,1.10,180.00
2024-06-20 17:20,2.03,3.65,0.68,2.28,3.33,1.12,185.09,1.36,1.99,195.24,2.86,5.84,164.66,1.66,3.59,134.28,1.76,2.50,126.81,2.05,4.01,291.54,1.19,1.11,94.93,0.67,1.43,308.54,0.74,1.09,127.91,1.54,4.12,110.00,1.10,2.30,0.20,1.10,90.00
2024-06-20 17:30,2.05,3.69,0.69,2.30,3.30,1.09,193.93,1.32,1.93,185.27,2.86,5.83,160.32,1.68,3.57,128.36,1.71,2.42,121.35,2.05,3.99,283.47,1.19,1.11,94.93,0.67,1.43,308.54,0.74,1.09,127.91,1.54,4.12,110.00,3.60,4.80,2.00,3.60,80.00
2024-06-20 17:40,2.08,3.74,0.71,2.33,3.31,1.09,203.75,1.28,1.87,175.30,2.86,5.83,155.98,1.69,3.56,122.44,1.66,2.34,115.88,2.05,3.98,275.40,1.19,1.11,94.93,0.67,1.43,308.54,0.74,1.09,127.91,1.54,4.12,110.00,1.90,3.30,0.60,3.60,60.00
2024-06-20 17:50,2.10,3.77,0.72,2.35,3.42,1.17,213.07,1.24,1.82,165.33,2.87,5.83,151.63,1.70,3.55,116.52,1.61,2.27,110.42,2.06,3.96,267.33,1.19,1.11,94.93,0.67,1.43,308.54,0.74,1.09,127.91,1.54,4.12,110.00,1.60,2.30,0.60,1.90,60.00
2024-06-20 18:00,2.10,3.78,0.73,2.36,3.24,1.20,221.91,1.20,1.76,155.36,2.87,5.83,147.29,1.71,3.54,110.60,1.55,2.19,104.96,2.06,3.94,259.26,1.19,1.11,94.93,0.67,1.43,308.54,0.74,1.09,127.91,1.54,4.12,110.00,1.60,2.30,0.90,1.60,80.00
2024-06-20 18:10,2.13,3.83,0.75,2.39,3.40,1.13,228.96,1.16,1.70,145.39,2.87,5.83,142.95,1.73,3.53,104.67,1.50,2.11,99.49,2.06,3.92,251.18,1.19,1.11,94.93,0.67,1.43,308.54,0.74,1.09,127.91,1.54,4.12,114.83,2.40,3.10,1.30,2.40,60.00
2024-06-20 18:20,2.13,3.82,0.74,2.39,3.40,1.20,234.35,1.12,1.65,135.42,2.88,5.82,138.61,1.74,3.52,98.75,1.45,2.04,94.03,2.07,3.90,243.11,1.19,1.11,94.93,0.67,1.43,308.54,0.74,1.09,127.91,1.54,4.12,119.67,2.50,3.70,1.50,2.50,80.00
2024-06-20 18:30,2.12,3.81,0.74,2.38,3.43,1.23,238.66,1.08,1.59,125.45,2.88,5.82,134.27,1.75,3.51,92.83,1.39,1.96,88.57,2.07,3.89,235.04,1.19,1.11,94.93,0.67,1.43,308.54,0.74,1.09,127.91,1.54,4.12,124.50,3.10,4.60,1.60,3.10,80.00
2024-06-20 18:40,2.12,3.81,0.74,2.38,3.37,1.17,242.59,1.04,1.53,115.48,2.88,5.82,129.93,1.76,3.50,86.91,1.34,1.88,83.10,2.07,3.87,226.97,1.19,1.11,94.93,0.67,1.43,308.54,0.74,1.09,127.91,1.54,4.12,129.33,2.60,4.60,1.20,3.30,90.00
2024-06-20 18:50,2.14,3.86,0.74,2.41,3.35,1.26,246.74,1.00,1.47,105.51,2.89,5.82,125.59,1.78,3.49,80.99,1.29,1.81,77.64,2.08,3.85,218.90,1.19,1.11,94.93,0.67,1.43,308.54,0.74,1.09,127.91,1.54,4.12,134.17,2.50,3.70,1.30,2.70,80.00
2024-06-20 19:00,2.16,3.88,0.74,2.43,3.40,1.22,251.23,0.96,1.42,95.54,2.89,5.81,121.25,1.79,3.48,75.07,1.23,1.73,72.18,2.08,3.83,210.83,1.19,1.11,94.93,0.67,1.43,308.54,0.74,1.09,127.91,1.54,4.12,139.00,1.50,2.70,0.50,2.50,60.00
2024-06-20 19:10,2.13,3.82,0.73,2.39,3.40,1.17,252.74,0.92,1.36,85.57,2.89,5.81,116.91,1.80,3.47,69.15,1.18,1.65,66.71,2.08,3.82,202.76,1.19,1.11,94.93,0.67,1.43,308.54,0.74,1.09,127.91,1.54,4.12,143.50,1.10,1.70,0.40,1.50,40.00
2024-06-20 19:20,2.10,3.75,0.72,2.36,3.39,1.11,254.25,0.88,1.30,75.60,2.90,5.81,112.56,1.81,3.46,63.23,1.13,1.57,61.25,2.09,3.80,194.68,1.19,1.11,94.93,0.67,1.43,308.54,0.74,1.09,127.91,1.54,4.12,148.00,1.20,2.10,0.20,1.20,20.00
2024-06-20 19:30,2.07,3.71,0.73,2.33,3.38,1.04,255.26,0.84,1.25,65.63,2.90,5.81,108.22,1.83,3.45,57.31,1.08,1.50,55.79,2.09,3.78,186.61,1.19,1.11,94.93,0.67,1.43,308.54,0.74,1.09,127.91,1.54,4.12,152.50,1.30,2.30,0.30,1.30,50.00
2024-06-20 19:40,2.05,3.66,0.73,2.31,3.20,1.12,256.15,0.80,1.19,55.66,2.90,5.81,103.88,1.84,3.44,51.39,1.02,1.42,50.32,2.09,3.76,178.54,1.19,1.11,94.93,0.67,1.43,308.54,0.74,1.09,127.91,1.54,4.12,157.00,1.10,1.60,0.40,1.30,70.00
2024-06-20 19:50,2.03,3.61,0.73,2.28,3.22,1.14,257.13,0.76,1.13,45.68,2.91,5.80,99.54,1.85,3.43,45.47,0.97,1.34,44.86,2.10,3.75,170.47,1.19,1.11,94.93,0.67,1.43,308.54,0.74,1.09,127.91,1.54,4.12,161.50,1.10,2.10,0.50,1.20,330.00
2024-06-20 20:00,2.01,3.55,0.73,2.25,3.12,1.12,258.21,0.72,1.08,35.71,2.91,5.80,95.20,1.86,3.42,39.55,0.92,1.27,39.40,2.10,3.73,162.40,1.19,1.11,94.93,0.67,1.43,308.54,0.74,1.09,127.91,1.54,4.12,166.00,2.50,3.80,1.30,2.50,280.00
2024-06-20 20:10,1.95,3.45,0.73,2.20,3.02,1.08,263.48,0.70,1.06,50.50,2.85,5.60,91.06,1.79,3.28,41.75,0.97,1.39,41.75,2.07,3.63,158.89,1.32,1.25,98.04,0.66,1.38,295.90,0.74,1.09,127.91,1.54,4.12,171.83,1.30,2.50,0.70,2.50,260.00
2024-06-20 20:20,1.88,3.31,0.73,2.12,2.89,1.09,299.49,0.68,1.04,65.28,2.79,5.39,86.93,1.72,3.14,43.95,1.02,1.52,44.10,2.04,3.52,155.38,1.45,1.38,101.14,0.64,1.32,283.27,0.74,1.09,127.91,1.54,4.12,177.67,0.90,1.70,0.00,1.30,290.00
2024-06-20 20:30,1.81,3.16,0.73,2.04,2.74,1.05,25.98,0.66,1.02,80.06,2.74,5.19,82.79,1.65,3.00,46.14,1.07,1.65,46.45,2.01,3.42,151.86,1.58,1.51,104.25,0.62,1.27,270.64,0.74,1.09,127.91,1.54,4.12,183.50,0.50,1.50,0.00,0.90,280.00
2024-06-20 20:40,1.78,3.07,0.75,2.00,2.66,1.10,38.54,0.63,1.00,94.84,2.68,4.98,78.66,1.58,2.87,48.34,1.12,1.78,48.80,1.99,3.32,148.35,1.71,1.64,107.36,0.61,1.22,258.00,0.74,1.09,127.91,1.54,4.12,189.33,0.80,1.50,0.30,0.80,350.00
2024-06-20 20:50,1.74,2.98,0.77,1.96,2.58,1.15,51.10,0.61,0.98,109.62,2.62,4.78,74.52,1.51,2.73,50.54,1.16,1.90,51.15,1.96,3.22,144.84,1.84,1.78,110.47,0.59,1.17,245.37,0.74,1.09,127.91,1.54,4.12,195.17,1.20,2.50,0.40,1.20,240.00
2024-06-20 21:00,1.75,2.96,0.81,1.97,2.55,1.24,52.39,0.59,0.96,124.40,2.56,4.57,70.38,1.44,2.59,52.74,1.21,2.03,53.50,1.93,3.11,141.33,1.97,1.91,113.58,0.58,1.12,232.74,0.74,1.09,127.91,1.54,4.12,201.00,1.70,3.60,1.00,1.80,250.00
2024-06-20 21:10,1.78,2.98,0.85,1.99,2.50,1.23,48.42,0.57,0.94,139.18,2.50,4.37,66.25,1.37,2.45,54.94,1.26,2.16,55.85,1.90,3.01,137.82,1.73,1.69,122.89,0.62,1.19,226.13,0.74,1.09,127.91,1.54,4.12,201.83,0.90,1.80,0.10,1.70,260.00
2024-06-20 21:20,1.79,2.99,0.88,2.01,2.47,1.26,44.67,0.54,0.92,153.96,2.44,4.16,62.11,1.30,2.31,57.13,1.31,2.29,58.20,1.87,2.91,134.31,1.49,1.47,132.20,0.66,1.26,219.53,0.74,1.09,127.91,1.54,4.12,202.67,1.10,2.20,0.30,1.10,150.00
2024-06-20 21:30,1.80,2.98,0.89,2.01,2.45,1.22,40.65,0.52,0.90,168.74,2.39,3.96,57.98,1.23,2.17,59.33,1.36,2.41,60.55,1.85,2.80,130.80,1.25,1.26,141.51,0.70,1.33,212.93,0.74,1.09,127.91,1.54,4.12,203.50,0.80,1.30,0.30,1.10,100.00
2024-06-20 21:40,1.77,2.93,0.89,1.99,2.44,1.24,35.62,0.50,0.88,183.52,2.33,3.75,53.84,1.16,2.04,61.53,1.41,2.54,62.90,1.82,2.70,127.29,1.01,1.04,150.82,0.74,1.40,206.32,0.74,1.09,127.91,1.54,4.12,204.33,0.90,1.40,0.10,1.00,80.00
2024-06-20 21:50,1.75,2.88,0.88,1.96,2.44,1.19,29.91,0.47,0.86,198.30,2.27,3.55,49.70,1.08,1.90,63.73,1.46,2.67,65.25,1.79,2.60,123.78,0.77,0.82,160.13,0.79,1.47,199.72,0.74,1.09,127.91,1.54,4.12,205.17,1.10,2.50,0.10,1.10,200.00
2024-06-20 22:00,1.76,2.90,0.90,1.98,2.42,1.26,23.52,0.45,0.84,213.08,2.21,3.34,45.57,1.01,1.76,65.92,1.51,2.80,67.60,1.76,2.50,120.27,0.53,0.60,169.45,0.83,1.54,193.11,0.74,1.09,127.91,1.54,4.12,206.00,1.20,2.40,0.00,1.60,180.00
2024-06-20 22:10,1.77,2.92,0.90,1.99,2.44,1.26,16.24,0.43,0.81,227.86,2.15,3.14,41.43,0.94,1.62,68.12,1.56,2.92,69.95,1.73,2.39,116.75,0.56,0.62,151.02,0.83,1.52,186.45,0.74,1.09,127.91,1.54,4.12,206.83,0.80,1.40,0.10,1.20,350.00
2024-06-20 22:20,1.78,2.94,0.90,2.00,2.46,1.26,8.96,0.41,0.79,242.65,2.09,2.93,37.30,0.87,1.48,70.32,1.61,3.05,72.30,1.71,2.29,113.24,0.59,0.63,132.60,0.83,1.49,179.78,0.74,1.09,127.91,1.54,4.12,207.67,0.90,1.40,0.50,0.90,80.00
2024-06-20 22:30,1.78,2.93,0.89,2.00,2.43,1.28,1.21,0.38,0.77,257.43,2.04,2.73,33.16,0.80,1.34,72.52,1.66,3.18,74.65,1.68,2.19,109.73,0.62,0.65,114.17,0.83,1.46,173.11,0.74,1.09,127.91,1.54,4.12,208.50,0.80,1.20,0.40,0.90,70.00
2024-06-20 22:40,1.77,2.92,0.88,1.99,2.43,1.21,352.61,0.36,0.75,272.21,1.98,2.52,29.02,0.73,1.21,74.71,1.71,3.31,77.00,1.65,2.08,106.22,0.65,0.67,95.75,0.84,1.43,166.45,0.74,1.09,127.91,1.54,4.12,209.33,1.00,1.60,0.70,1.00,70.00
2024-06-20 22:50,1.76,2.91,0.87,1.97,2.48,1.23,342.90,0.34,0.73,286.99,1.92,2.32,24.89,0.66,1.07,76.91,1.76,3.43,79.35,1.62,1.98,102.71,0.68,0.68,77.32,0.84,1.40,159.78,0.74,1.09,127.91,1.54,4.12,210.17,2.00,3.10,1.30,2.00,70.00
2024-06-20 23:00,1.75,2.90,0.86,1.96,2.44,1.21,332.48,0.31,0.71,301.77,1.86,2.11,20.75,0.59,0.93,79.11,1.81,3.56,81.70,1.59,1.88,99.20,0.71,0.70,58.90,0.84,1.37,153.11,0.74,1.09,127.91,1.54,4.12,211.00,1.30,2.30,0.40,2.10,40.00
2024-06-20 23:10,1.75,2.91,0.86,1.97,2.47,1.19,327.30,0.37,0.76,287.54,1.79,2.04,21.44,0.62,0.95,76.57,1.78,3.45,79.90,1.53,1.81,113.59,0.65,0.65,86.15,0.77,1.37,155.79,0.67,1.11,113.97,1.54,4.12,212.50,1.20,2.20,0.50,1.30,40.00
2024-06-20 23:20,1.77,2.93,0.88,1.99,2.44,1.18,326.98,0.42,0.80,273.32,1.72,1.97,22.13,0.64,0.97,74.03,1.76,3.35,78.09,1.47,1.75,127.98,0.59,0.61,113.40,0.69,1.37,158.46,0.61,1.13,100.04,1.54,4.12,214.00,1.60,2.30,0.90,1.60,50.00
2024-06-20 23:30,1.80,2.98,0.90,2.03,2.49,1.21,326.94,0.47,0.85,259.09,1.65,1.90,22.81,0.67,0.99,71.49,1.73,3.24,76.29,1.40,1.68,142.37,0.54,0.56,140.66,0.61,1.37,161.13,0.54,1.14,86.10,1.54,4.12,215.50,1.50,2.50,0.70,1.60,30.00
2024-06-20 23:40,1.85,3.05,0.94,2.08,2.58,1.27,326.09,0.52,0.89,244.86,1.58,1.83,23.50,0.70,1.02,68.95,1.71,3.13,74.49,1.34,1.62,156.77,0.48,0.51,167.91,0.54,1.36,163.80,0.47,1.16,72.16,1.54,4.12,217.00,0.80,1.50,0.30,1.50,10.00
2024-06-20 23:50,1.90,3.12,0.97,2.13,2.60,1.32,324.42,0.58,0.94,230.64,1.51,1.76,24.19,0.73,1.04,66.41,1.68,3.03,72.68,1.28,1.55,171.16,0.42,0.47,195.16,0.46,1.36,166.48,0.40,1.18,58.23,1.54,4.12,218.50,0.90,1.40,0.40,0.90,20.00
2024-06-21 00:00,1.94,3.18,1.00,2.18,2.70,1.37,321.41,0.63,0.98,216.41,1.44,1.68,24.87,0.75,1.06,63.87,1.66,2.92,70.88,1.22,1.49,185.55,0.36,0.42,222.42,0.39,1.36,169.15,0.34,1.19,44.29,1.54,4.12,220.00,1.40,1.90,0.90,1.40,50.00
2024-06-21 00:10,1.95,3.20,1.01,2.19,2.68,1.38,318.60,0.68,1.03,202.19,1.37,1.61,25.56,0.78,1.08,61.33,1.63,2.81,69.08,1.15,1.42,199.94,0.50,0.52,185.53,0.39,1.27,196.50,0.37,1.15,49.80,1.54,4.03,221.00,1.00,1.40,0.60,1.40,50.00
2024-06-21 00:20,1.94,3.17,1.00,2.18,2.64,1.33,316.20,0.73,1.07,187.96,1.31,1.54,26.25,0.81,1.10,58.78,1.61,2.70,67.27,1.09,1.36,214.33,0.63,0.61,148.65,0.40,1.18,223.86,0.41,1.10,55.30,1.54,3.95,222.00,1.40,1.80,1.00,1.40,30.00
2024-06-21 00:30,1.91,3.13,0.98,2.15,2.59,1.35,314.02,0.79,1.12,173.73,1.24,1.47,26.93,0.84,1.13,56.24,1.58,2.60,65.47,1.03,1.29,228.72,0.76,0.71,111.77,0.40,1.09,251.22,0.45,1.06,60.80,1.54,3.86,223.00,1.50,2.10,0.90,1.60,50.00
2024-06-21 00:40,1.87,3.07,0.96,2.11,2.63,1.29,311.96,0.84,1.16,159.51,1.17,1.40,27.62,0.86,1.15,53.70,1.56,2.49,63.67,0.96,1.23,243.12,0.89,0.81,74.89,0.41,1.00,278.57,0.49,1.01,66.31,1.54,3.77,224.00,1.20,1.50,0.80,1.50,60.00
2024-06-21 00:50,1.16,1.93,0.52,1.33,1.67,0.74,25.41,0.89,1.21,145.28,1.10,1.33,28.31,0.89,1.17,51.16,1.53,2.38,61.86,0.90,1.16,257.51,1.02,0.90,38.00,0.42,0.91,305.93,0.53,0.96,71.81,1.54,3.69,225.00,1.60,2.20,1.10,1.60,50.00
2024-06-21 01:00,1.30,2.18,0.58,1.48,1.97,0.77,12.10,0.94,1.25,131.05,1.03,1.25,29.00,0.92,1.19,48.62,1.51,2.27,60.06,0.84,1.10,271.90,1.16,1.00,1.12,0.42,0.82,333.29,0.56,0.92,77.32,1.54,3.60,226.00,2.00,2.50,1.40,2.00,80.00
2024-06-21 01:10,1.36,2.29,0.60,1.56,2.07,0.82,9.93,0.99,1.30,116.83,0.96,1.18,29.68,0.94,1.21,46.08,1.48,2.17,58.25,0.77,1.03,286.29,1.15,1.02,8.01,0.40,0.87,335.84,0.53,0.91,66.81,1.54,3.60,226.00,1.80,2.30,1.40,2.00,70.00
2024-06-21 01:20,1.38,2.31,0.61,1.57,2.10,0.82,11.88,1.05,1.34,102.60,0.89,1.11,30.37,0.97,1.23,43.54,1.45,2.06,56.45,0.71,0.97,300.68,1.15,1.03,14.89,0.38,0.92,338.40,0.50,0.91,56.31,1.54,3.60,226.00,1.80,2.50,1.20,1.90,70.00
2024-06-21 01:30,1.36,2.28,0.60,1.55,2.10,0.79,14.55,1.10,1.39,88.38,0.82,1.04,31.06,1.00,1.26,41.00,1.43,1.95,54.65,0.65,0.90,315.07,1.14,1.05,21.78,0.36,0.97,340.95,0.46,0.91,45.80,1.54,3.60,226.00,,,,,
2024-06-21 01:40,1.33,2.24,0.59,1.53,2.07,0.75,17.34,1.15,1.43,74.15,0.75,0.97,31.74,1.03,1.28,38.46,1.40,1.84,52.84,0.58,0.84,329.47,1.14,1.07,28.67,0.34,1.02,343.51,0.43,0.90,35.29,1.54,3.60,226.00,,,,,
2024-06-21 01:50,1.31,2.20,0.58,1.51,2.02,0.75,19.61,1.20,1.48,59.92,0.68,0.90,32.43,1.05,1.30,35.92,1.38,1.74,51.04,0.52,0.77,343.86,1.13,1.08,35.56,0.32,1.07,346.07,0.40,0.90,24.79,1.54,3.60,226.00,,,,,
2024-06-21 02:00,1.30,2.18,0.58,1.50,2.02,0.77,21.23,1.26,1.52,45.70,0.61,0.83,33.12,1.08,1.32,33.38,1.35,1.63,49.24,0.46,0.71,358.25,1.13,1.10,42.45,0.31,1.13,348.62,0.36,0.90,14.28,1.54,3.60,226.00,,,,,
2024-06-21 02:10,1.34,2.22,0.61,1.53,2.01,0.83,15.78,1.23,1.52,58.69,0.61,0.82,49.15,1.05,1.29,33.52,1.35,1.62,47.13,0.46,0.71,355.13,1.14,1.10,41.92,0.31,1.06,315.85,0.44,0.99,63.06,1.54,3.60,226.83,,,,,
2024-06-21 02:20,1.41,2.34,0.67,1.62,2.04,0.91,6.96,1.20,1.51,71.68,0.61,0.82,65.19,1.02,1.25,33.67,1.34,1.61,45.03,0.45,0.71,352.00,1.16,1.11,41.39,0.31,0.99,283.09,0.51,1.08,111.84,1.54,3.60,227.67,,,,,
2024-06-21 02:30,1.48,2.44,0.72,1.69,2.17,0.90,359.05,1.17,1.50,84.68,0.60,0.82,81.22,0.99,1.22,33.82,1.33,1.59,42.92,0.45,0.72,348.88,1.17,1.11,40.86,0.30,0.92,250.32,0.59,1.18,160.62,1.54,3.60,228.50,,,,,
2024-06-21 02:40,1.53,2.51,0.76,1.75,2.21,0.94,350.98,1.14,1.50,97.67,0.60,0.82,97.26,0.96,1.18,33.96,1.32,1.58,40.82,0.45,0.72,345.75,1.18,1.11,40.33,0.30,0.85,217.55,0.67,1.27,209.39,1.54,3.60,229.33,,,,,
2024-06-21 02:50,1.58,2.58,0.79,1.80,2.21,1.00,342.82,1.12,1.49,110.66,0.60,0.82,113.29,0.94,1.15,34.11,1.31,1.57,38.72,0.44,0.72,342.63,1.20,1.12,39.80,0.30,0.78,184.78,0.74,1.37,258.17,1.54,3.60,230.17,,,,,
2024-06-21 03:00,1.61,2.63,0.81,1.84,2.27,1.01,335.16,1.09,1.48,123.66,0.60,0.82,129.32,0.91,1.12,34.25,1.30,1.56,36.61,0.44,0.72,339.51,1.21,1.12,39.27,0.30,0.71,152.01,0.82,1.46,306.95,1.54,3.60,231.00,,,,,
2024-06-21 03:10,1.66,2.70,0.84,1.88,2.32,1.09,330.65,1.06,1.48,136.65,0.59,0.82,145.36,0.88,1.08,34.40,1.30,1.55,34.51,0.44,0.73,336.38,1.18,1.08,38.87,0.27,0.78,150.42,0.96,2.44,305.17,1.54,3.60,232.00,,,,,
2024-06-21 03:20,1.71,2.79,0.87,1.95,2.43,1.15,326.41,1.03,1.47,149.64,0.59,0.82,161.39,0.85,1.05,34.54,1.29,1.54,32.40,0.44,0.73,333.26,1.14,1.05,38.47,0.24,0.86,148.82,1.09,3.41,303.38,1.54,3.60,233.00,,,,,
2024-06-21 03:30,1.78,2.89,0.91,2.02,2.51,1.16,322.26,1.00,1.46,162.64,0.59,0.81,177.43,0.82,1.01,34.69,1.28,1.52,30.30,0.43,0.73,330.14,1.10,1.01,38.07,0.20,0.93,147.23,1.23,4.39,301.60,1.54,3.60,234.00,,,,,
2024-06-21 03:40,1.84,2.99,0.94,2.08,2.63,1.25,318.30,0.98,1.46,175.63,0.59,0.81,193.46,0.79,0.98,34.84,1.27,1.51,28.20,0.43,0.74,327.01,1.07,0.98,37.68,0.17,1.00,145.64,1.36,5.36,299.82,1.54,3.60,235.00,,,,,
2024-06-21 03:50,1.89,3.07,0.97,2.14,2.63,1.26,314.60,0.95,1.45,188.62,0.58,0.81,209.50,0.76,0.94,34.98,1.26,1.50,26.09,0.43,0.74,323.89,1.03,0.94,37.28,0.14,1.08,144.05,1.50,6.34,298.03,1.54,3.60,236.00,,,,,
2024-06-21 04:00,1.94,3.16,1.00,2.20,2.73,1.31,311.31,0.92,1.45,201.62,0.58,0.81,225.53,0.73,0.91,35.13,1.25,1.49,23.99,0.43,0.74,320.77,1.00,0.90,36.88,0.10,1.15,142.45,1.64,7.31,296.25,1.54,3.60,237.00,,,,,
2024-06-21 04:10,2.00,3.24,1.03,2.26,2.81,1.38,310.45,0.89,1.44,214.61,0.58,0.81,241.57,0.70,0.87,35.27,1.25,1.48,21.88,0.42,0.74,317.64,1.03,0.95,87.66,0.15,1.12,175.01,1.61,6.61,295.01,1.63,3.69,237.33,,,,,
2024-06-21 04:20,2.06,3.33,1.07,2.32,2.83,1.47,310.04,0.87,1.43,227.60,0.58,0.81,257.60,0.67,0.84,35.42,1.24,1.47,19.78,0.42,0.75,314.52,1.05,1.00,138.43,0.19,1.10,207.56,1.58,5.91,293.77,1.71,3.77,237.67,,,,,
2024-06-21 04:30,2.12,3.43,1.11,2.39,2.90,1.52,309.69,0.84,1.43,240.60,0.57,0.81,273.63,0.64,0.81,35.57,1.23,1.46,17.68,0.42,0.75,311.40,1.08,1.05,189.21,0.23,1.07,240.11,1.55,5.20,292.53,1.80,3.86,238.00,,,,,
2024-06-21 04:40,2.18,3.53,1.15,2.46,2.97,1.54,309.25,0.81,1.42,253.59,0.57,0.81,289.67,0.61,0.77,35.71,1.22,1.44,15.57,0.41,0.75,308.27,1.11,1.10,239.98,0.27,1.05,272.66,1.52,4.50,291.29,1.89,3.95,238.33,,,,,
2024-06-21 04:50,2.25,3.64,1.19,2.53,3.04,1.55,308.81,0.78,1.41,266.58,0.57,0.81,305.70,0.59,0.74,35.86,1.21,1.43,13.47,0.41,0.75,305.15,1.14,1.15,290.76,0.31,1.02,305.21,1.49,3.79,290.05,1.97,4.03,238.67,,,,,
2024-06-21 05:00,2.28,3.68,1.21,2.56,3.10,1.61,309.07,0.75,1.41,279.58,0.57,0.80,321.74,0.56,0.70,36.00,1.20,1.42,11.36,0.41,0.76,302.02,1.17,1.20,341.53,0.35,1.00,337.76,1.46,3.09,288.81,2.06,4.12,239.00,,,,,
2024-06-21 05:10,2.28,3.69,1.20,2.56,3.13,1.63,306.81,0.86,1.70,277.80,0.65,1.04,316.72,0.68,0.97,47.75,1.22,1.47,24.13,0.48,0.91,298.28,1.19,1.22,334.82,1.00,2.26,325.89,1.50,3.65,289.61,2.06,4.12,238.83,,,,,
2024-06-21 05:20,2.27,3.68,1.20,2.55,3.02,1.64,304.94,0.97,2.00,276.03,0.74,1.27,311.71,0.80,1.24,59.49,1.24,1.52,36.89,0.56,1.06,294.53,1.22,1.24,328.11,1.65,3.53,314.02,1.55,4.22,290.41,2.06,4.12,238.67,,,,,
2024-06-21 05:30,2.26,3.67,1.19,2.54,3.09,1.60,303.40,1.08,2.30,274.26,0.83,1.50,306.70,0.92,1.51,71.23,1.25,1.57,49.65,0.63,1.21,290.78,1.24,1.26,321.40,2.30,4.79,302.15,1.60,4.78,291.21,2.06,4.12,238.50,,,,,
2024-06-21 05:40,2.24,3.64,1.17,2.52,3.10,1.57,302.03,1.18,2.59,272.49,0.92,1.74,301.68,1.04,1.77,82.98,1.27,1.62,62.42,0.71,1.37,287.04,1.27,1.28,314.69,2.94,6.06,290.28,1.65,5.34,292.01,2.06,4.12,238.33,,,,,
2024-06-21 05:50,2.22,3.61,1.15,2.49,3.06,1.55,300.52,1.29,2.89,270.71,1.01,1.97,296.67,1.17,2.04,94.72,1.28,1.67,75.18,0.78,1.52,283.29,1.29,1.30,307.97,3.59,7.32,278.40,1.69,5.91,292.81,2.06,4.12,238.17,,,,,
2024-06-21 06:00,2.32,3.80,1.18,2.60,3.19,1.66,292.06,1.40,3.19,268.94,1.10,2.21,291.66,1.29,2.31,106.46,1.30,1.73,87.94,0.86,1.67,279.54,1.32,1.31,301.26,4.24,8.58,266.53,1.74,6.47,293.61,2.06,4.12,238.00,,,,,
2024-06-21 06:10,2.48,4.11,1.24,2.77,3.40,1.76,281.72,1.51,3.48,267.17,1.19,2.44,286.64,1.41,2.58,118.21,1.31,1.78,100.70,0.94,1.82,275.79,1.51,2.21,296.85,4.13,9.09,266.23,2.28,7.71,290.47,2.06,4.29,238.17,,,,,
2024-06-21 06:20,2.64,4.41,1.31,2.94,3.56,1.89,274.25,1.62,3.78,265.39,1.28,2.67,281.63,1.53,2.85,129.95,1.33,1.83,113.47,1.01,1.98,272.05,1.70,3.11,292.44,4.03,9.60,265.93,2.82,8.95,287.33,2.06,4.46,238.33,,,,,
2024-06-21 06:30,2.78,4.67,1.37,3.09,3.81,2.02,270.41,1.72,4.08,263.62,1.36,2.91,276.62,1.65,3.11,141.69,1.34,1.88,126.23,1.09,2.13,268.30,1.89,4.01,288.02,3.92,10.12,265.62,3.35,10.20,284.18,2.06,4.63,238.50,,,,,
2024-06-21 06:40,2.90,4.88,1.42,3.22,3.92,2.07,269.45,1.83,4.37,261.85,1.45,3.14,271.61,1.77,3.38,153.44,1.36,1.93,138.99,1.16,2.28,264.55,2.08,4.91,283.61,3.82,10.63,265.32,3.89,11.44,281.04,2.06,4.80,238.67,,,,,
2024-06-21 06:50,3.05,5.13,1.50,3.38,4.12,2.22,268.54,1.94,4.67,260.08,1.54,3.37,266.59,1.90,3.65,165.18,1.37,1.98,151.75,1.24,2.43,260.81,2.27,5.80,279.20,3.71,11.14,265.02,4.43,12.68,277.89,2.06,4.97,238.83,,,,,
2024-06-21 07:00,3.27,5.50,1.59,3.61,4.42,2.40,266.37,2.05,4.96,258.30,1.63,3.61,261.58,2.02,3.92,176.92,1.39,2.03,164.52,1.31,2.59,257.06,2.46,6.70,274.79,3.61,11.65,264.72,4.97,13.92,274.75,2.06,5.14,239.00,,,,,
2024-06-21 07:10,3.48,5.87,1.67,3.84,4.71,2.57,264.21,2.15,5.26,256.53,1.72,3.84,256.57,2.14,4.18,188.67,1.40,2.08,177.28,1.39,2.74,253.31,2.52,6.67,269.36,3.48,10.89,262.17,4.39,13.17,275.75,2.06,5.14,239.00,,,,,
2024-06-21 07:20,3.60,6.07,1.71,3.96,4.91,2.53,263.00,2.26,5.56,254.76,1.81,4.07,251.55,2.26,4.45,200.41,1.42,2.13,190.04,1.46,2.89,249.57,2.58,6.64,263.94,3.35,10.13,259.63,3.82,12.41,276.76,2.06,5.14,239.00,,,,,
2024-06-21 07:30,3.62,6.13,1.70,3.99,4.99,2.56,262.55,2.37,5.85,252.98,1.90,4.31,246.54,2.38,4.72,212.15,1.43,2.18,202.80,1.54,3.04,245.82,2.64,6.61,258.52,3.22,9.37,257.08,3.24,11.66,277.76,2.06,5.14,239.00,,,,,
2024-06-21 07:40,3.62,6.15,1.69,3.99,4.91,2.54,262.09,2.48,6.15,251.21,1.98,4.54,241.53,2.50,4.99,223.90,1.45,2.23,215.57,1.61,3.20,242.07,2.70,6.58,253.09,3.09,8.61,254.54,2.67,10.90,278.77,2.06,5.14,239.00,,,,,
2024-06-21 07:50,3.65,6.19,1.70,4.02,4.98,2.57,261.33,2.59,6.45,249.44,2.07,4.78,236.51,2.63,5.26,235.64,1.46,2.28,228.33,1.69,3.35,238.32,2.76,6.55,247.67,2.96,7.85,252.00,2.10,10.14,279.77,2.06,5.14,239.00,,,,,
2024-06-21 08:00,3.72,6.31,1.74,4.10,5.08,2.66,260.65,2.69,6.74,247.67,2.16,5.01,231.50,2.75,5.52,247.39,1.48,2.33,241.09,1.76,3.50,234.58,2.81,6.53,242.24,2.83,7.09,249.45,1.52,9.39,280.78,2.06,5.14,239.00,,,,,
2024-06-21 08:10,3.71,6.29,1.72,4.09,5.08,2.65,260.53,2.68,6.65,248.58,2.29,5.16,233.86,2.75,5.68,250.30,1.55,2.50,242.06,1.79,3.46,237.23,3.01,6.59,244.89,2.41,6.86,226.66,1.74,9.05,277.12,2.06,5.14,238.17,,,,,
2024-06-21 08:20,3.63,6.17,1.66,4.00,5.02,2.46,261.12,2.66,6.55,249.50,2.42,5.32,236.21,2.75,5.85,253.22,1.63,2.66,243.02,1.82,3.42,239.88,3.20,6.65,247.53,2.00,6.63,203.88,1.96,8.72,273.45,2.06,5.14,237.33,,,,,
2024-06-21 08:30,3.47,5.93,1.57,3.84,4.89,2.37,261.30,2.65,6.46,250.42,2.55,5.47,238.57,2.75,6.01,256.13,1.71,2.82,243.98,1.85,3.39,242.53,3.40,6.71,250.18,1.58,6.40,181.09,2.18,8.38,269.79,2.06,5.14,236.50,,,,,
2024-06-21 08:40,3.31,5.68,1.47,3.67,4.75,2.28,261.48,2.63,6.36,251.34,2.69,5.63,240.93,2.75,6.17,259.05,1.79,2.98,244.95,1.88,3.35,245.18,3.59,6.78,252.82,1.17,6.17,158.31,2.40,8.04,266.13,2.06,5.14,235.67,,,,,
2024-06-21 08:50,3.14,5.41,1.38,3.48,4.51,2.10,260.96,2.61,6.27,252.26,2.82,5.78,243.28,2.75,6.33,261.97,1.87,3.14,245.91,1.91,3.31,247.83,3.79,6.84,255.46,0.75,5.94,135.52,2.61,7.71,262.47,2.06,5.14,234.83,,,,,
2024-06-21 09:00,3.08,5.31,1.34,3.42,4.45,2.03,261.45,2.60,6.17,253.18,2.95,5.94,245.64,2.75,6.49,264.88,1.95,3.30,246.88,1.93,3.27,250.48,3.98,6.90,258.11,0.33,5.70,112.73,2.83,7.37,258.81,2.06,5.14,234.00,,,,,
2024-06-21 09:10,3.00,5.18,1.30,3.33,4.25,1.98,261.97,2.58,6.08,254.10,3.08,6.10,248.00,2.75,6.65,267.80,2.02,3.46,247.84,1.96,3.23,253.13,3.84,6.90,263.31,0.99,6.17,139.26,2.78,7.39,261.60,2.14,5.23,233.50,,,,,
2024-06-21 09:20,2.93,5.06,1.27,3.26,4.07,1.96,262.61,2.57,5.98,255.02,3.21,6.25,250.35,2.74,6.81,270.72,2.10,3.62,248.80,1.99,3.20,255.78,3.70,6.90,268.52,1.65,6.63,165.80,2.73,7.41,264.38,2.23,5.31,233.00,,,,,
2024-06-21 09:30,2.86,4.94,1.23,3.18,4.09,1.81,263.54,2.55,5.88,255.94,3.34,6.41,252.71,2.74,6.97,273.63,2.18,3.78,249.77,2.02,3.16,258.43,3.55,6.90,273.73,2.31,7.09,192.33,2.69,7.44,267.17,2.32,5.40,232.50,,,,,
2024-06-21 09:40,2.78,4.81,1.19,3.09,3.94,1.81,265.16,2.54,5.79,256.86,3.47,6.56,255.07,2.74,7.13,276.55,2.26,3.94,250.73,2.05,3.12,261.08,3.41,6.90,278.93,2.97,7.55,218.86,2.64,7.46,269.95,2.40,5.49,232.00,,,,,
2024-06-21 09:50,2.74,4.75,1.17,3.05,3.92,1.76,265.86,2.52,5.69,257.78,3.60,6.72,257.43,2.74,7.29,279.47,2.34,4.11,251.69,2.08,3.08,263.73,3.26,6.90,284.14,3.62,8.01,245.39,2.59,7.48,272.74,2.48,5.57,231.50,,,,,
2024-06-21 10:00,2.75,4.79,1.16,3.07,3.91,1.77,264.91,2.50,5.60,258.70,3.73,6.87,259.78,2.74,7.45,282.38,2.41,4.27,252.66,2.11,3.04,266.38,3.12,6.90,289.35,4.28,8.48,271.93,2.54,7.50,275.52,2.57,5.66,231.00,,,,,
2024-06-21 10:10,2.77,4.83,1.16,3.08,3.89,1.78,263.95,2.49,5.50,259.62,3.86,7.03,262.14,2.74,7.61,285.30,2.49,4.43,253.62,2.13,3.00,269.03,2.86,6.15,284.90,4.16,8.66,273.59,2.25,7.24,277.91,2.48,5.57,230.33,,,,,
2024-06-21 10:20,2.82,4.92,1.18,3.13,4.23,1.81,262.56,2.47,5.41,260.54,3.99,7.18,264.50,2.74,7.78,288.22,2.57,4.59,254.59,2.16,2.97,271.68,2.59,5.40,280.46,4.04,8.84,275.26,1.95,6.97,280.31,2.40,5.49,229.67,,,,,
2024-06-21 10:30,2.87,5.02,1.20,3.19,4.16,1.79,261.37,2.46,5.31,261.46,4.13,7.34,266.85,2.74,7.94,291.13,2.65,4.75,255.55,2.19,2.93,274.33,2.33,4.65,276.01,3.92,9.02,276.93,1.66,6.70,282.70,2.32,5.40,229.00,,,,,
2024-06-21 10:40,2.93,5.11,1.22,3.25,4.33,1.92,260.36,2.44,5.22,262.38,4.26,7.49,269.21,2.74,8.10,294.05,2.73,4.91,256.51,2.22,2.89,276.98,2.06,3.90,271.57,3.80,9.20,278.60,1.37,6.43,285.09,2.23,5.31,228.33,,,,,
2024-06-21 10:50,2.89,5.06,1.20,3.22,4.19,1.87,260.30,2.43,5.12,263.30,4.39,7.65,271.57,2.74,8.26,296.96,2.81,5.07,257.48,2.25,2.85,279.63,1.80,3.16,267.12,3.68,9.39,280.27,1.08,6.16,287.48,2.14,5.23,227.67,,,,,
2024-06-21 11:00,2.73,4.77,1.12,3.04,4.16,1.76,259.53,2.41,5.03,264.22,4.52,7.80,273.92,2.74,8.42,299.88,2.88,5.23,258.44,2.28,2.81,282.28,1.53,2.41,262.68,3.56,9.57,281.94,0.79,5.90,289.87,2.06,5.14,227.00,,,,,
2024-06-21 11:10,2.52,4.43,1.02,2.82,3.79,1.54,256.48,2.32,4.83,266.58,4.41,7.73,273.24,2.66,8.30,294.33,2.80,5.06,247.74,2.18,2.69,278.58,1.85,2.84,263.68,3.26,9.16,268.63,0.93,5.61,263.76,2.14,5.14,228.67,,,,,
2024-06-21 11:20,2.36,4.15,0.93,2.65,3.54,1.40,254.57,2.22,4.64,268.94,4.31,7.65,272.56,2.58,8.19,288.77,2.72,4.88,237.05,2.08,2.57,274.87,2.16,3.28,264.69,2.95,8.75,255.32,1.08,5.32,237.64,2.23,5.14,230.33,,,,,
2024-06-21 11:30,2.21,3.89,0.86,2.48,3.37,1.33,254.16,2.13,4.44,271.31,4.20,7.57,271.88,2.50,8.07,283.22,2.64,4.71,226.35,1.98,2.45,271.16,2.47,3.71,265.70,2.65,8.34,242.02,1.22,5.03,211.53,2.32,5.14,232.00,,,,,
2024-06-21 11:40,2.04,3.61,0.78,2.30,3.10,1.15,252.28,2.04,4.25,273.67,4.09,7.50,271.19,2.42,7.96,277.66,2.56,4.54,215.65,1.88,2.33,267.45,2.79,4.15,266.70,2.35,7.93,228.71,1.37,4.74,185.42,2.40,5.14,233.67,,,,,
2024-06-21 11:50,1.85,3.29,0.69,2.10,2.88,1.07,243.97,1.94,4.05,276.03,3.99,7.42,270.51,2.35,7.84,272.11,2.48,4.36,204.95,1.78,2.21,263.74,3.10,4.58,267.71,2.04,7.52,215.40,1.51,4.45,159.31,2.48,5.14,235.33,,,,,
2024-06-21 12:00,1.76,3.14,0.65,2.00,2.71,0.99,219.72,1.85,3.85,278.39,3.88,7.35,269.83,2.27,7.72,266.56,2.40,4.19,194.26,1.68,2.09,260.04,3.42,5.02,268.71,1.74,7.11,202.10,1.65,4.16,133.20,2.57,5.14,237.00,,,,,
2024-06-21 12:10,1.73,3.07,0.64,1.97,2.72,1.02,136.69,1.76,3.66,280.75,3.77,7.27,269.15,2.19,7.61,261.00,2.32,4.01,183.56,1.59,1.96,256.33,3.24,5.18,268.36,1.64,6.90,192.28,1.54,4.61,134.49,2.57,5.14,236.33,,,,,
2024-06-21 12:20,1.73,3.03,0.65,1.96,2.74,0.94,108.75,1.66,3.46,283.11,3.67,7.19,268.46,2.11,7.49,255.45,2.24,3.84,172.86,1.49,1.84,252.62,3.07,5.35,268.00,1.53,6.69,182.46,1.43,5.07,135.77,2.57,5.14,235.67,,,,,
2024-06-21 12:30,1.72,3.01,0.65,1.95,2.74,0.99,104.95,1.57,3.27,285.47,3.56,7.12,267.78,2.03,7.38,249.89,2.16,3.67,162.16,1.39,1.72,248.91,2.90,5.51,267.65,1.42,6.48,172.63,1.32,5.53,137.06,2.57,5.14,235.00,,,,,
2024-06-21 12:40,1.71,2.98,0.65,1.93,2.79,0.96,103.16,1.48,3.07,287.83,3.45,7.04,267.10,1.95,7.26,244.34,2.08,3.49,151.47,1.29,1.60,245.21,2.73,5.68,267.29,1.31,6.28,162.81,1.21,5.99,138.35,2.57,5.14,234.33,,,,,
2024-06-21 12:50,1.74,3.04,0.64,1.96,2.82,0.99,100.97,1.38,2.88,290.19,3.35,6.96,266.42,1.87,7.14,238.79,2.00,3.32,140.77,1.19,1.48,241.50,2.55,5.84,266.94,1.21,6.07,152.99,1.09,6.44,139.64,2.57,5.14,233.67,,,,,
2024-06-21 13:00,1.74,3.06,0.63,1.96,2.76,0.96,99.60,1.29,2.68,292.55,3.24,6.89,265.73,1.79,7.03,233.23,1.92,3.14,130.07,1.09,1.36,237.79,2.38,6.00,266.59,1.10,5.86,143.17,0.98,6.90,140.93,2.57,5.14,233.00,,,,,
2024-06-21 13:10,1.74,3.07,0.62,1.97,2.80,0.94,98.93,1.20,2.49,294.91,3.13,6.81,265.05,1.71,6.91,227.68,1.84,2.97,119.37,0.99,1.24,234.08,2.35,5.69,270.52,1.26,5.78,143.10,1.22,7.09,139.80,2.57,5.23,236.67,,,,,
2024-06-21 13:20,1.75,3.08,0.61,1.97,2.83,0.92,98.25,1.10,2.29,297.27,3.03,6.74,264.37,1.63,6.80,222.12,1.76,2.80,108.68,0.89,1.12,230.37,2.33,5.38,274.45,1.41,5.70,143.02,1.45,7.28,138.68,2.57,5.31,240.33,,,,,
2024-06-21 13:30,1.74,3.07,0.61,1.97,2.84,0.86,98.22,1.01,2.10,299.64,2.92,6.66,263.68,1.55,6.68,216.57,1.68,2.62,97.98,0.80,0.99,226.67,2.30,5.06,278.38,1.56,5.62,142.94,1.69,7.46,137.55,2.57,5.40,244.00,,,,,
2024-06-21 13:40,1.74,3.08,0.61,1.97,2.86,0.98,98.62,0.91,1.90,302.00,2.81,6.58,263.00,1.47,6.56,211.01,1.60,2.45,87.28,0.70,0.87,222.96,2.27,4.75,282.31,1.72,5.54,142.87,1.92,7.65,136.42,2.57,5.49,247.67,,,,,
2024-06-21 13:50,1.73,3.07,0.60,1.96,2.78,0.92,100.27,0.82,1.71,304.36,2.71,6.51,262.32,1.40,6.45,205.46,1.52,2.27,76.58,0.60,0.75,219.25,2.24,4.43,286.24,1.87,5.46,142.79,2.16,7.84,135.30,2.57,5.57,251.33,,,,,
2024-06-21 14:00,1.76,3.13,0.60,2.00,2.84,1.01,101.55,0.73,1.51,306.72,2.60,6.43,261.64,1.32,6.33,199.91,1.44,2.10,65.89,0.50,0.63,215.54,2.21,4.12,290.17,2.03,5.38,142.71,2.39,8.02,134.17,2.57,5.66,255.00,,,,,
2024-06-21 14:10,1.81,3.22,0.61,2.05,2.92,0.95,102.89,0.78,1.63,299.92,2.59,6.30,255.83,1.36,6.21,200.88,1.42,2.10,63.78,0.52,0.71,214.66,2.07,3.77,269.40,1.82,5.20,146.79,2.39,7.74,131.90,2.57,5.74,251.83,,,,,
2024-06-21 14:20,1.83,3.26,0.61,2.07,3.00,0.95,104.16,0.84,1.75,293.13,2.58,6.17,250.02,1.40,6.08,201.85,1.41,2.09,61.67,0.55,0.79,213.77,1.92,3.41,248.63,1.62,5.02,150.87,2.39,7.45,129.63,2.57,5.83,248.67,,,,,
2024-06-21 14:30,1.83,3.26,0.60,2.07,2.92,0.98,105.11,0.90,1.87,286.34,2.57,6.04,244.21,1.45,5.95,202.82,1.39,2.09,59.57,0.57,0.86,212.89,1.77,3.06,227.85,1.42,4.84,154.94,2.39,7.16,127.36,2.57,5.91,245.50,,,,,
2024-06-21 14:40,1.84,3.27,0.60,2.08,2.98,0.97,103.97,0.95,1.98,279.54,2.56,5.91,238.40,1.49,5.82,203.79,1.38,2.08,57.46,0.60,0.94,212.00,1.62,2.71,207.08,1.21,4.66,159.02,2.39,6.88,125.09,2.57,6.00,242.33,,,,,
2024-06-21 14:50,1.84,3.28,0.61,2.08,3.05,0.97,102.83,1.01,2.10,272.75,2.56,5.79,232.60,1.53,5.70,204.77,1.36,2.08,55.35,0.62,1.02,211.12,1.47,2.35,186.31,1.01,4.47,163.09,2.39,6.59,122.82,2.57,6.09,239.17,,,,,
2024-06-21 15:00,1.84,3.28,0.62,2.08,3.05,0.93,100.79,1.07,2.22,265.96,2.55,5.66,226.79,1.58,5.57,205.74,1.35,2.07,53.25,0.65,1.10,210.23,1.32,2.00,165.54,0.81,4.29,167.17,2.39,6.30,120.56,2.57,6.17,236.00,,,,,
2024-06-21 15:10,1.85,3.27,0.63,2.09,3.01,1.00,99.22,1.12,2.33,259.16,2.54,5.53,220.98,1.62,5.44,206.71,1.33,2.07,51.14,0.67,1.18,209.35,1.46,2.13,168.24,0.78,4.13,175.19,2.13,6.07,141.33,2.57,6.17,235.67,,,,,
2024-06-21 15:20,1.85,3.27,0.65,2.09,2.91,1.01,97.98,1.18,2.45,252.37,2.53,5.40,215.17,1.66,5.32,207.68,1.32,2.07,49.03,0.70,1.25,208.46,1.59,2.27,170.95,0.76,3.97,183.21,1.86,5.83,162.11,2.57,6.17,235.33,,,,,
2024-06-21 15:30,1.86,3.26,0.67,2.09,3.09,1.10,97.03,1.23,2.57,245.58,2.52,5.27,209.36,1.71,5.19,208.65,1.30,2.06,46.93,0.72,1.33,207.58,1.72,2.40,173.65,0.74,3.81,191.23,1.60,5.59,182.89,2.57,6.17,235.00,,,,,
2024-06-21 15:40,1.83,3.21,0.67,2.06,2.86,1.02,96.81,1.29,2.68,238.78,2.51,5.14,203.56,1.75,5.06,209.62,1.29,2.06,44.82,0.75,1.41,206.69,1.86,2.53,176.35,0.72,3.65,199.25,1.33,5.35,203.66,2.57,6.17,234.67,,,,,
2024-06-21 15:50,1.80,3.13,0.68,2.02,2.78,0.94,97.61,1.35,2.80,231.99,2.50,5.01,197.75,1.79,4.93,210.60,1.27,2.05,42.71,0.77,1.49,205.81,1.99,2.67,179.06,0.70,3.49,207.27,1.07,5.11,224.44,2.57,6.17,234.33,,,,,
2024-06-21 16:00,1.78,3.08,0.69,2.00,2.74,0.99,97.69,1.40,2.92,225.20,2.49,4.88,191.94,1.84,4.81,211.57,1.26,2.05,40.61,0.80,1.57,204.93,2.12,2.80,181.76,0.68,3.34,215.29,0.81,4.87,245.22,2.57,6.17,234.00,,,,,
2024-06-21 16:10,1.75,3.03,0.69,1.97,2.68,1.04,96.70,1.46,3.04,218.40,2.48,4.75,186.13,1.88,4.68,212.54,1.24,2.04,38.50,0.82,1.64,204.04,2.37,3.48,184.90,0.75,3.34,219.16,0.71,4.41,247.86,2.57,6.26,234.33,,,,,
2024-06-21 16:20,1.72,2.97,0.69,1.94,2.61,1.09,95.72,1.52,3.15,211.61,2.47,4.62,180.32,1.92,4.55,213.51,1.23,2.04,36.39,0.85,1.72,203.16,2.62,4.17,188.05,0.83,3.34,223.03,0.61,3.94,250.51,2.57,6.34,234.67,,,,,
2024-06-21 16:30,1.68,2.89,0.68,1.89,2.56,0.97,93.46,1.57,3.27,204.81,2.46,4.50,174.52,1.97,4.43,214.48,1.21,2.03,34.29,0.87,1.80,202.27,2.86,4.85,191.19,0.91,3.35,226.91,0.51,3.48,253.16,2.57,6.43,235.00,,,,,
2024-06-21 16:40,1.64,2.82,0.65,1.85,2.55,1.00,91.97,1.63,3.39,198.02,2.46,4.37,168.71,2.01,4.30,215.45,1.20,2.03,32.18,0.89,1.88,201.39,3.11,5.54,194.33,0.98,3.35,230.78,0.42,3.02,255.80,2.57,6.52,235.33,,,,,
2024-06-21 16:50,1.61,2.78,0.63,1.82,2.47,0.91,92.47,1.69,3.50,191.23,2.45,4.24,162.90,2.05,4.17,216.43,1.18,2.03,30.07,0.92,1.96,200.50,3.35,6.22,197.48,1.06,3.36,234.66,0.32,2.55,258.45,2.57,6.60,235.67,,,,,
2024-06-21 17:00,1.59,2.80,0.57,1.81,2.49,0.88,104.03,1.74,3.62,184.43,2.44,4.11,157.09,2.10,4.04,217.40,1.17,2.02,27.97,0.94,2.03,199.62,3.60,6.91,200.62,1.14,3.36,238.53,0.22,2.09,261.10,2.57,6.69,236.00,,,,,
2024-06-21 17:10,1.55,2.79,0.50,1.77,2.56,0.89,146.89,1.79,3.66,183.72,2.42,4.14,158.76,2.10,3.99,212.88,1.27,2.35,42.29,1.06,2.18,198.41,3.30,6.76,197.74,1.44,3.83,238.27,0.44,2.27,256.14,2.66,6.78,235.50,,,,,
2024-06-21 17:20,1.55,2.83,0.47,1.77,2.51,0.81,179.95,1.83,3.69,183.01,2.40,4.17,160.43,2.10,3.95,208.36,1.37,2.69,56.62,1.17,2.32,197.21,3.00,6.61,194.86,1.74,4.30,238.00,0.66,2.46,251.19,2.74,6.86,235.00,,,,,
2024-06-21 17:30,1.61,2.94,0.47,1.83,2.72,0.81,189.52,1.88,3.73,182.30,2.37,4.20,162.10,2.10,3.90,203.84,1.46,3.02,70.95,1.29,2.46,196.01,2.70,6.45,191.97,2.04,4.77,237.74,0.88,2.64,246.24,2.83,6.94,234.50,,,,,
2024-06-21 17:40,1.75,3.19,0.53,1.99,2.94,0.90,199.47,1.93,3.76,181.59,2.35,4.23,163.77,2.10,3.85,199.32,1.56,3.35,85.27,1.40,2.61,194.81,2.39,6.30,189.09,2.33,5.24,237.48,1.10,2.83,241.29,2.92,7.03,234.00,,,,,
2024-06-21 17:50,1.90,3.45,0.59,2.15,3.17,0.99,209.43,1.97,3.79,180.88,2.33,4.25,165.44,2.10,3.80,194.79,1.66,3.68,99.60,1.52,2.75,193.61,2.09,6.15,186.21,2.63,5.71,237.22,1.32,3.01,236.34,3.00,7.11,233.50,,,,,
2024-06-21 18:00,1.93,3.50,0.60,2.17,3.16,1.04,213.79,2.02,3.83,180.17,2.31,4.28,167.11,2.10,3.75,190.27,1.76,4.02,113.93,1.63,2.89,192.40,1.79,6.00,183.33,2.93,6.18,236.96,1.54,3.20,231.39,3.09,7.20,233.00,,,,,
2024-06-21 18:10,1.93,3.50,0.60,2.17,3.09,1.02,216.30,2.06,3.86,179.45,2.29,4.31,168.78,2.10,3.70,185.75,1.86,4.35,128.26,1.75,3.04,191.20,2.09,6.52,182.98,3.25,6.76,241.17,2.07,6.02,238.48,3.09,7.20,233.00,,,,,
2024-06-21 18:20,1.91,3.48,0.58,2.16,3.11,1.00,218.62,2.11,3.90,178.74,2.27,4.34,170.44,2.11,3.65,181.23,1.96,4.68,142.58,1.86,3.18,190.00,2.40,7.03,182.64,3.56,7.34,245.38,2.61,8.85,245.58,3.09,7.20,233.00,,,,,
2024-06-21 18:30,1.91,3.48,0.57,2.16,3.14,0.97,221.76,2.16,3.93,178.03,2.25,4.37,172.11,2.11,3.60,176.71,2.06,5.01,156.91,1.98,3.32,188.80,2.70,7.55,182.30,3.88,7.93,249.59,3.14,11.68,252.67,3.09,7.20,233.00,,,,,
2024-06-21 18:40,1.93,3.52,0.58,2.18,3.18,1.01,224.79,2.20,3.97,177.32,2.23,4.40,173.78,2.11,3.55,172.19,2.16,5.34,171.24,2.10,3.46,187.60,3.00,8.07,181.96,4.20,8.51,253.81,3.68,14.50,259.77,3.09,7.20,233.00,,,,,
2024-06-21 18:50,1.98,3.60,0.60,2.23,3.29,1.10,226.98,2.25,4.00,176.61,2.21,4.43,175.45,2.11,3.50,167.67,2.26,5.68,185.56,2.21,3.61,186.40,3.30,8.58,181.62,4.51,9.09,258.02,4.21,17.33,266.87,3.09,7.20,233.00,,,,,
2024-06-21 19:00,2.07,3.76,0.65,2.33,3.32,1.19,228.62,2.29,4.04,175.90,2.19,4.46,177.12,2.11,3.45,163.15,2.35,6.01,199.89,2.33,3.75,185.19,3.61,9.10,181.28,4.83,9.68,262.23,4.75,20.15,273.96,3.09,7.20,233.00,,,,,
2024-06-21 19:10,2.13,3.85,0.69,2.40,3.38,1.18,226.09,2.34,4.07,175.18,2.17,4.49,178.79,2.11,3.40,158.63,2.45,6.34,214.22,2.44,3.89,183.99,3.25,8.45,186.21,4.77,9.63,260.37,4.39,18.29,268.14,3.09,7.20,232.67,,,,,
2024-06-21 19:20,2.18,3.95,0.72,2.46,3.44,1.17,223.57,2.39,4.11,174.47,2.15,4.52,180.46,2.11,3.35,154.11,2.55,6.67,228.55,2.56,4.04,182.79,2.89,7.81,191.14,4.72,9.58,258.50,4.03,16.42,262.31,3.09,7.20,232.33,,,,,
2024-06-21 19:30,2.23,4.03,0.76,2.51,3.44,1.31,215.05,2.43,4.14,173.76,2.12,4.55,182.13,2.11,3.31,149.59,2.65,7.01,242.87,2.67,4.18,181.59,2.53,7.16,196.07,4.67,9.54,256.63,3.68,14.56,256.49,3.09,7.20,232.00,,,,,
2024-06-21 19:40,2.32,4.19,0.81,2.61,3.59,1.29,211.41,2.48,4.18,173.05,2.10,4.58,183.80,2.11,3.26,145.07,2.75,7.34,257.20,2.79,4.32,180.39,2.17,6.52,201.00,4.62,9.49,254.76,3.32,12.69,250.66,3.09,7.20,231.67,,,,,
2024-06-21 19:50,2.37,4.27,0.84,2.66,3.66,1.44,210.20,2.52,4.21,172.34,2.08,4.61,185.47,2.11,3.21,140.55,2.85,7.67,271.53,2.90,4.47,179.18,1.82,5.87,205.93,4.57,9.44,252.90,2.96,10.83,244.84,3.09,7.20,231.33,,,,,
2024-06-21 20:00,2.39,4.30,0.84,2.68,3.68,1.40,210.70,2.57,4.25,171.63,2.06,4.63,187.14,2.12,3.16,136.03,2.95,8.00,285.85,3.02,4.61,177.98,1.46,5.23,210.87,4.52,9.40,251.03,2.60,8.96,239.01,3.09,7.20,231.00,,,,,
2024-06-21 20:10,2.40,4.32,0.84,2.70,3.70,1.38,211.27,2.59,4.43,173.13,2.04,4.61,186.60,2.16,3.41,137.58,3.00,8.00,280.93,3.00,4.80,180.57,1.60,5.91,207.96,4.54,9.50,250.26,2.52,8.55,230.16,3.09,7.20,231.33,,,,,
2024-06-21 20:20,2.41,4.34,0.85,2.71,3.65,1.40,211.78,2.61,4.61,174.63,2.03,4.59,186.06,2.20,3.65,139.13,3.05,7.99,276.01,2.98,5.00,183.16,1.73,6.58,205.06,4.56,9.60,249.48,2.44,8.13,221.30,3.09,7.20,231.67,,,,,
2024-06-21 20:30,2.41,4.35,0.85,2.71,3.75,1.42,211.94,2.63,4.79,176.13,2.01,4.57,185.52,2.24,3.90,140.68,3.11,7.99,271.09,2.96,5.19,185.75,1.87,7.26,202.16,4.58,9.70,248.71,2.35,7.72,212.44,3.09,7.20,232.00,,,,,
2024-06-21 20:40,2.41,4.34,0.85,2.71,3.69,1.39,211.40,2.65,4.97,177.63,1.99,4.54,184.98,2.28,4.15,142.23,3.16,7.99,266.16,2.94,5.39,188.34,2.01,7.94,199.25,4.60,9.80,247.94,2.27,7.30,203.58,3.09,7.20,232.33,,,,,
2024-06-21 20:50,2.44,4.40,0.86,2.74,3.74,1.43,210.61,2.67,5.16,179.13,1.97,4.52,184.44,2.32,4.40,143.78,3.22,7.98,261.24,2.92,5.58,190.92,2.14,8.62,196.35,4.62,9.90,247.17,2.19,6.88,194.73,3.09,7.20,232.67,,,,,
2024-06-21 21:00,2.50,4.49,0.89,2.80,3.85,1.52,210.25,2.69,5.34,180.63,1.96,4.50,183.90,2.37,4.64,145.33,3.27,7.98,256.32,2.90,5.77,193.51,2.28,9.30,193.45,4.64,10.01,246.39,2.10,6.47,185.87,3.09,7.20,233.00,,,,,
2024-06-21 21:10,2.55,4.57,0.91,2.85,3.87,1.52,210.51,2.70,5.52,182.13,1.94,4.48,183.37,2.41,4.89,146.88,3.32,7.97,251.40,2.88,5.97,196.10,2.09,8.25,203.09,4.45,9.88,245.15,2.20,6.47,191.30,3.09,7.20,232.83,,,,,
2024-06-21 21:20,2.59,4.65,0.94,2.90,3.97,1.56,211.43,2.72,5.70,183.63,1.92,4.45,182.83,2.45,5.14,148.43,3.38,7.97,246.47,2.86,6.16,198.69,1.90,7.20,212.72,4.25,9.75,243.91,2.30,6.46,196.74,3.09,7.20,232.67,,,,,
2024-06-21 21:30,2.64,4.72,0.97,2.95,4.02,1.66,212.84,2.74,5.89,185.13,1.90,4.43,182.29,2.49,5.39,149.98,3.43,7.96,241.55,2.84,6.36,201.28,1.71,6.15,222.36,4.06,9.63,242.67,2.40,6.46,202.17,3.09,7.20,232.50,,,,,
2024-06-21 21:40,2.70,4.80,1.01,3.00,4.10,1.66,215.09,2.76,6.07,186.63,1.88,4.41,181.75,2.53,5.63,151.54,3.49,7.96,236.63,2.82,6.55,203.87,1.52,5.10,232.00,3.86,9.50,241.43,2.50,6.46,207.60,3.09,7.20,232.33,,,,,
2024-06-21 21:50,2.68,4.77,1.02,2.98,3.93,1.70,217.29,2.78,6.25,188.13,1.87,4.39,181.21,2.58,5.88,153.09,3.54,7.96,231.71,2.80,6.74,206.46,1.33,4.05,241.64,3.67,9.37,240.19,2.60,6.46,213.04,3.09,7.20,232.17,,,,,
2024-06-21 22:00,2.62,4.66,1.00,2.92,3.82,1.63,218.07,2.80,6.43,189.63,1.85,4.36,180.67,2.62,6.13,154.64,3.59,7.95,226.78,2.78,6.94,209.04,1.14,3.00,251.28,3.48,9.24,238.95,2.70,6.46,218.47,3.09,7.20,232.00,,,,,
2024-06-21 22:10,2.55,4.54,0.97,2.85,3.81,1.61,217.81,2.82,6.61,191.13,1.83,4.34,180.13,2.66,6.38,156.19,3.65,7.95,221.86,2.76,7.13,211.63,1.20,2.82,249.96,3.31,8.76,237.07,2.66,6.62,218.74,3.17,7.20,231.83,,,,,
2024-06-21 22:20,2.48,4.41,0.95,2.77,3.65,1.55,217.08,2.84,6.80,192.63,1.81,4.32,179.60,2.70,6.62,157.74,3.70,7.94,216.94,2.74,7.33,214.22,1.26,2.63,248.64,3.15,8.28,235.20,2.61,6.79,219.01,3.26,7.20,231.67,,,,,
2024-06-21 22:30,2.40,4.26,0.92,2.67,3.54,1.54,215.62,2.86,6.98,194.13,1.79,4.30,179.06,2.74,6.87,159.29,3.75,7.94,212.02,2.72,7.52,216.81,1.32,2.45,247.31,2.99,7.80,233.33,2.57,6.95,219.28,3.34,7.20,231.50,,,,,
2024-06-21 22:40,2.28,4.04,0.87,2.55,3.38,1.40,214.58,2.88,7.16,195.64,1.78,4.27,178.52,2.79,7.12,160.84,3.81,7.93,207.09,2.70,7.72,219.40,1.38,2.27,245.99,2.83,7.32,231.45,2.53,7.12,219.55,3.43,7.20,231.33,,,,,
2024-06-21 22:50,2.18,3.87,0.81,2.44,3.21,1.26,213.87,2.90,7.34,197.14,1.76,4.25,177.98,2.83,7.37,162.39,3.86,7.93,202.17,2.68,7.91,221.99,1.44,2.08,244.67,2.66,6.84,229.58,2.49,7.28,219.83,3.51,7.20,231.17,,,,,
2024-06-21 23:00,2.10,3.75,0.77,2.37,3.24,1.31,212.68,2.92,7.52,198.64,1.74,4.23,177.44,2.87,7.61,163.94,3.92,7.93,197.25,2.66,8.10,224.58,1.50,1.90,243.34,2.50,6.36,227.71,2.45,7.45,220.10,3.60,7.20,231.00,,,,,
2024-06-21 23:10,2.05,3.67,0.75,2.31,3.15,1.20,210.79,2.93,7.62,200.47,1.83,4.47,180.43,2.86,7.64,165.33,3.88,7.99,197.96,2.60,7.81,224.27,1.53,2.05,245.09,2.45,6.28,224.27,2.57,7.20,220.45,3.60,7.11,231.17,,,,,
2024-06-21 23:20,2.01,3.60,0.73,2.27,3.14,1.17,208.04,2.94,7.71,202.31,1.92,4.72,183.41,2.85,7.67,166.72,3.84,8.06,198.67,2.53,7.52,223.96,1.57,2.20,246.83,2.39,6.20,220.82,2.69,6.96,220.81,3.60,7.03,231.33,,,,,
2024-06-21 23:30,1.99,3.55,0.71,2.24,3.09,1.15,206.53,2.95,7.80,204.15,2.01,4.96,186.40,2.83,7.70,168.11,3.81,8.13,199.38,2.46,7.22,223.65,1.60,2.35,248.58,2.34,6.12,217.38,2.81,6.72,221.16,3.60,6.94,231.50,,,,,
2024-06-21 23:40,1.96,3.51,0.70,2.22,3.12,1.18,204.49,2.96,7.90,205.99,2.10,5.21,189.38,2.82,7.73,169.51,3.77,8.20,200.09,2.40,6.93,223.34,1.64,2.50,250.32,2.28,6.04,213.94,2.93,6.47,221.51,3.60,6.86,231.67,,,,,
2024-06-21 23:50,1.94,3.46,0.70,2.19,3.02,1.13,206.09,2.97,7.99,207.83,2.20,5.45,192.37,2.81,7.75,170.90,3.73,8.27,200.80,2.33,6.63,223.04,1.67,2.65,252.07,2.23,5.96,210.50,3.05,6.23,221.87,3.60,6.78,231.83,,,,,
2024-06-22 00:00,1.94,3.44,0.72,2.19,2.91,1.17,210.06,2.98,8.08,209.66,2.29,5.70,195.36,2.80,7.78,172.29,3.69,8.33,201.51,2.26,6.34,222.73,1.71,2.80,253.82,2.17,5.88,207.06,3.17,5.99,222.22,3.60,6.69,232.00,,,,,
2024-06-22 00:10,1.95,3.44,0.75,2.20,3.05,1.20,216.41,2.99,8.18,211.50,2.38,5.94,198.34,2.78,7.81,173.68,3.66,8.40,202.22,2.20,6.05,222.42,1.69,3.17,250.00,2.26,5.80,210.32,3.16,6.15,223.81,3.51,6.69,231.50,,,,,
2024-06-22 00:20,1.97,3.46,0.78,2.22,2.87,1.25,223.53,3.00,8.27,213.34,2.47,6.18,201.33,2.77,7.84,175.07,3.62,8.47,202.93,2.13,5.75,222.11,1.67,3.53,246.19,2.34,5.72,213.57,3.16,6.31,225.41,3.43,6.69,231.00,,,,,
2024-06-22 00:30,2.00,3.50,0.82,2.26,2.91,1.28,229.70,3.00,8.36,215.18,2.56,6.43,204.31,2.76,7.87,176.46,3.58,8.54,203.64,2.06,5.46,221.81,1.66,3.90,242.37,2.42,5.64,216.83,3.15,6.47,227.00,3.34,6.69,230.50,,,,,
2024-06-22 00:40,2.04,3.55,0.86,2.30,2.96,1.37,235.06,3.01,8.45,217.01,2.65,6.67,207.30,2.75,7.89,177.86,3.55,8.61,204.34,2.00,5.16,221.50,1.64,4.27,238.56,2.51,5.56,220.09,3.14,6.62,228.59,3.26,6.69,230.00,,,,,
2024-06-22 00:50,2.15,3.76,0.91,2.42,3.11,1.40,233.12,3.02,8.55,218.85,2.74,6.92,210.28,2.74,7.92,179.25,3.51,8.67,205.05,1.93,4.87,221.19,1.63,4.63,234.74,2.59,5.48,223.35,3.13,6.78,230.19,3.17,6.69,229.50,,,,,
2024-06-22 01:00,2.11,3.70,0.88,2.38,3.10,1.31,233.56,3.03,8.64,220.69,2.83,7.16,213.27,2.72,7.95,180.64,3.47,8.74,205.76,1.86,4.58,220.88,1.61,5.00,230.93,2.67,5.40,226.60,3.13,6.94,231.78,3.09,6.69,229.00,,,,,
2024-06-22 01:10,2.14,3.74,0.88,2.40,3.14,1.38,233.75,3.04,8.73,222.53,2.92,7.41,216.26,2.71,7.98,182.03,3.43,8.81,206.47,1.80,4.28,220.57,1.57,4.53,228.33,2.74,5.52,227.91,,,,3.09,6.60,229.17,,,,,
2024-06-22 01:20,2.19,3.82,0.91,2.45,3.20,1.38,233.81,3.05,8.83,224.37,3.02,7.65,219.24,2.70,8.01,183.42,3.40,8.88,207.18,1.73,3.99,220.27,1.53,4.07,225.73,2.82,5.63,229.22,,,,3.09,6.52,229.33,,,,,
2024-06-22 01:30,2.22,3.88,0.93,2.48,3.25,1.42,233.54,3.06,8.92,226.20,3.11,7.90,222.23,2.69,8.04,184.81,3.36,8.95,207.89,1.66,3.69,219.96,1.49,3.60,223.14,2.89,5.74,230.53,,,,3.09,6.43,229.50,,,,,
2024-06-22 01:40,2.25,3.93,0.95,2.52,3.31,1.46,233.27,3.07,9.01,228.04,3.20,8.14,225.21,2.68,8.06,186.21,3.32,9.01,208.60,1.60,3.40,219.65,1.45,3.14,220.54,2.96,5.86,231.83,,,,3.09,6.34,229.67,,,,,
2024-06-22 01:50,2.23,3.90,0.93,2.50,3.26,1.40,232.62,3.08,9.11,229.88,3.29,8.38,228.20,2.66,8.09,187.60,3.29,9.08,209.31,1.53,3.11,219.34,1.41,2.67,217.94,3.03,5.97,233.14,,,,3.09,6.26,229.83,,,,,
2024-06-22 02:00,2.23,3.90,0.93,2.49,3.32,1.43,232.10,3.09,9.20,231.72,3.38,8.63,231.18,2.65,8.12,188.99,3.25,9.15,210.02,1.46,2.81,219.04,1.36,2.20,215.35,3.10,6.08,234.45,,,,3.09,6.17,230.00,,,,,
2024-06-22 02:10,2.26,3.95,0.94,2.53,3.37,1.42,231.99,3.01,8.80,231.58,3.33,8.63,231.32,2.72,8.23,191.44,3.25,9.21,211.04,1.47,2.77,218.97,1.36,2.21,218.70,3.11,6.15,235.18,,,,3.09,6.17,229.83,,,,,
2024-06-22 02:20,2.33,4.05,0.97,2.60,3.35,1.48,232.30,2.92,8.39,231.45,3.29,8.64,231.46,2.79,8.33,193.89,3.25,9.27,212.05,1.47,2.72,218.91,1.36,2.21,222.05,3.12,6.23,235.90,,,,3.09,6.17,229.67,,,,,
2024-06-22 02:30,2.38,4.13,0.99,2.65,3.50,1.55,233.00,2.83,7.99,231.32,3.24,8.64,231.60,2.85,8.44,196.34,3.25,9.33,213.06,1.48,2.67,218.84,1.35,2.21,225.40,3.13,6.30,236.63,,,,3.09,6.17,229.50,,,,,
2024-06-22 02:40,2.43,4.21,1.01,2.70,3.61,1.58,234.79,2.75,7.59,231.18,3.20,8.64,231.74,2.92,8.54,198.79,3.25,9.38,214.08,1.49,2.63,218.78,1.35,2.21,228.75,3.14,6.37,237.36,,,,3.09,6.17,229.33,,,,,
2024-06-22 02:50,2.49,4.31,1.05,2.77,3.59,1.55,238.79,2.66,7.19,231.05,3.15,8.65,231.88,2.99,8.65,201.25,3.26,9.44,215.09,1.49,2.58,218.72,1.35,2.22,232.10,3.15,6.44,238.09,,,,3.09,6.17,229.17,,,,,
2024-06-22 03:00,2.54,4.37,1.08,2.81,3.69,1.60,243.09,2.58,6.78,230.92,3.10,8.65,232.01,3.05,8.75,203.70,3.26,9.50,216.11,1.50,2.53,218.65,1.34,2.22,235.45,3.16,6.51,238.81,,,,3.09,6.17,229.00,,,,,
2024-06-22 03:10,2.58,4.43,1.11,2.86,3.79,1.65,247.38,2.49,6.38,230.78,3.06,8.66,232.15,3.12,8.86,206.15,3.26,9.56,217.12,1.51,2.49,218.59,1.31,2.17,232.68,3.01,6.46,238.13,,,,3.09,6.09,229.17,,,,,
2024-06-22 03:20,2.59,4.44,1.12,2.87,3.75,1.68,252.21,2.40,5.98,230.65,3.01,8.66,232.29,3.19,8.97,208.60,3.26,9.62,218.13,1.51,2.44,218.52,1.27,2.11,229.91,2.85,6.40,237.45,,,,3.09,6.00,229.33,,,,,
2024-06-22 03:30,2.59,4.43,1.12,2.88,3.80,1.65,256.76,2.32,5.57,230.52,2.97,8.66,232.43,3.26,9.07,211.05,3.26,9.68,219.15,1.52,2.40,218.46,1.24,2.06,227.14,2.69,6.35,236.77,,,,3.09,5.91,229.50,,,,,
2024-06-22 03:40,2.57,4.39,1.12,2.86,3.74,1.65,258.96,2.23,5.17,230.38,2.92,8.67,232.57,3.32,9.18,213.50,3.26,9.74,220.16,1.53,2.35,218.39,1.20,2.01,224.37,2.54,6.29,236.09,,,,3.09,5.83,229.67,,,,,
2024-06-22 03:50,2.56,4.35,1.12,2.84,3.73,1.71,259.26,2.15,4.77,230.25,2.87,8.67,232.71,3.39,9.28,215.95,3.26,9.79,221.17,1.53,2.30,218.33,1.16,1.95,221.61,2.38,6.24,235.40,,,,3.09,5.74,229.83,,,,,
2024-06-22 04:00,2.53,4.29,1.10,2.80,3.66,1.61,258.98,2.06,4.36,230.12,2.83,8.68,232.85,3.46,9.39,218.40,3.27,9.85,222.19,1.54,2.26,218.27,1.13,1.90,218.84,2.22,6.18,234.72,,,,3.09,5.66,230.00,,,,,
2024-06-22 04:10,2.47,4.19,1.08,2.75,3.61,1.57,258.44,1.98,3.96,229.98,2.78,8.68,232.98,3.53,9.49,220.86,3.27,9.91,223.20,1.54,2.21,218.20,1.14,1.86,217.30,2.23,5.89,232.81,,,,3.00,5.66,230.33,,,,,
2024-06-22 04:20,2.42,4.09,1.06,2.69,3.54,1.56,257.93,1.89,3.56,229.85,2.73,8.68,233.12,3.59,9.60,223.31,3.27,9.97,224.22,1.55,2.17,218.14,1.14,1.81,215.75,2.24,5.60,230.90,,,,2.92,5.66,230.67,,,,,
2024-06-22 04:30,2.36,3.99,1.03,2.62,3.44,1.52,257.53,1.80,3.16,229.72,2.69,8.69,233.26,3.66,9.71,225.76,3.27,10.03,225.23,1.56,2.12,218.07,1.15,1.77,214.21,2.25,5.32,228.98,,,,2.83,5.66,231.00,,,,,
2024-06-22 04:40,2.31,3.89,1.01,2.56,3.35,1.49,257.14,1.72,2.75,229.58,2.64,8.69,233.40,3.73,9.81,228.21,3.27,10.09,226.24,1.56,2.07,218.01,1.16,1.72,212.67,2.25,5.03,227.07,,,,2.74,5.66,231.33,,,,,
2024-06-22 04:50,2.25,3.79,0.98,2.50,3.22,1.40,256.96,1.63,2.35,229.45,2.60,8.70,233.54,3.80,9.92,230.66,3.27,10.14,227.26,1.57,2.03,217.95,1.16,1.68,211.13,2.26,4.74,225.16,,,,2.66,5.66,231.67,,,,,
2024-06-22 05:00,2.19,3.69,0.96,2.44,3.24,1.35,256.60,1.55,1.95,229.32,2.55,8.70,233.68,3.86,10.02,233.11,3.28,10.20,228.27,1.58,1.98,217.88,1.17,1.63,209.58,2.27,4.45,223.24,,,,2.57,5.66,232.00,,,,,
2024-06-22 05:10,2.14,3.60,0.93,2.39,3.22,1.39,256.04,1.57,2.07,227.84,2.68,8.84,233.66,3.81,9.85,232.86,3.25,10.03,227.67,1.63,2.27,218.09,1.16,1.86,211.06,2.22,4.47,224.71,,,,2.57,5.57,232.17,,,,,
2024-06-22 05:20,2.10,3.53,0.90,2.34,3.07,1.35,255.26,1.59,2.19,226.36,2.80,8.98,233.63,3.77,9.68,232.60,3.23,9.85,227.07,1.69,2.56,218.29,1.15,2.09,212.53,2.17,4.49,226.18,,,,2.57,5.49,232.33,,,,,
2024-06-22 05:30,2.06,3.46,0.88,2.29,3.02,1.32,254.20,1.61,2.31,224.88,2.92,9.12,233.61,3.72,9.51,232.35,3.20,9.67,226.47,1.75,2.86,218.50,1.14,2.32,214.01,2.12,4.51,227.64,,,,2.57,5.40,232.50,,,,,
2024-06-22 05:40,2.03,3.42,0.86,2.27,3.06,1.25,252.74,1.63,2.42,223.41,3.05,9.26,233.59,3.67,9.33,232.10,3.18,9.49,225.87,1.81,3.15,218.71,1.13,2.55,215.48,2.06,4.53,229.11,,,,2.57,5.31,232.67,,,,,
2024-06-22 05:50,2.01,3.40,0.85,2.25,2.94,1.22,251.08,1.65,2.54,221.93,3.17,9.40,233.57,3.62,9.16,231.84,3.15,9.32,225.27,1.86,3.44,218.91,1.12,2.79,216.96,2.01,4.55,230.58,,,,2.57,5.23,232.83,,,,,
2024-06-22 06:00,2.01,3.39,0.84,2.24,2.97,1.22,249.67,1.67,2.66,220.45,3.30,9.54,233.55,3.57,8.99,231.59,3.12,9.14,224.68,1.92,3.73,219.12,1.11,3.02,218.43,1.96,4.57,232.05,,,,2.57,5.14,233.00,,,,,
2024-06-22 06:10,2.00,3.38,0.84,2.23,2.99,1.23,248.26,1.69,2.78,218.98,3.42,9.68,233.53,3.52,8.82,231.34,3.10,8.96,224.08,1.98,4.02,219.32,1.06,2.68,218.62,2.02,4.58,234.29,,,,2.57,5.14,233.33,,,,,
2024-06-22 06:20,2.00,3.38,0.83,2.23,3.00,1.19,247.25,1.71,2.90,217.50,3.55,9.82,233.50,3.47,8.64,231.08,3.07,8.79,223.48,2.04,4.31,219.53,1.00,2.35,218.80,2.07,4.58,236.53,,,,2.57,5.14,233.67,,,,,
2024-06-22 06:30,2.00,3.38,0.83,2.23,2.98,1.22,247.42,1.73,3.02,216.02,3.67,9.96,233.48,3.43,8.47,230.83,3.05,8.61,222.88,2.09,4.61,219.74,0.94,2.02,218.98,2.13,4.58,238.77,,,,2.57,5.14,234.00,,,,,
2024-06-22 06:40,1.99,3.36,0.83,2.22,3.01,1.20,247.60,1.75,3.14,214.55,3.80,10.09,233.46,3.38,8.30,230.57,3.02,8.43,222.28,2.15,4.90,219.94,0.89,1.69,219.16,2.19,4.59,241.02,,,,2.57,5.14,234.33,,,,,
2024-06-22 06:50,1.96,3.32,0.82,2.20,2.96,1.17,247.59,1.77,3.26,213.07,3.92,10.23,233.44,3.33,8.13,230.32,3.00,8.25,221.68,2.21,5.19,220.15,0.83,1.36,219.34,2.24,4.59,243.26,,,,2.57,5.14,234.67,,,,,
2024-06-22 07:00,1.94,3.28,0.81,2.17,2.86,1.18,247.45,1.79,3.38,211.59,4.05,10.37,233.42,3.28,7.96,230.07,2.97,8.08,221.08,2.27,5.48,220.35,0.77,1.03,219.52,2.30,4.60,245.50,,,,2.57,5.14,235.00,,,,,
2024-06-22 07:10,1.92,3.23,0.81,2.15,2.87,1.19,247.30,1.81,3.50,210.12,4.17,10.51,233.39,3.23,7.78,229.81,2.95,7.90,220.48,2.32,5.77,220.56,0.79,1.09,213.04,2.30,4.62,246.15,,,,2.57,5.14,235.67,,,,,
2024-06-22 07:20,1.89,3.20,0.80,2.12,2.78,1.19,247.30,1.83,3.62,208.64,4.30,10.65,233.37,3.18,7.61,229.56,2.92,7.72,219.88,2.38,6.06,220.77,0.81,1.15,206.56,2.31,4.65,246.80,,,,2.57,5.14,236.33,,,,,
2024-06-22 07:30,1.88,3.18,0.80,2.11,2.78,1.17,246.49,1.85,3.74,207.16,4.42,10.79,233.35,3.13,7.44,229.30,2.90,7.55,219.28,2.44,6.36,220.97,0.83,1.22,200.07,2.31,4.67,247.45,,,,2.57,5.14,237.00,,,,,
2024-06-22 07:40,1.87,3.16,0.79,2.10,2.79,1.15,245.68,1.87,3.86,205.69,4.55,10.93,233.33,3.09,7.27,229.05,2.87,7.37,218.68,2.50,6.65,221.18,0.85,1.28,193.59,2.31,4.70,248.10,,,,2.57,5.14,237.67,,,,,
2024-06-22 07:50,1.88,3.17,0.79,2.11,2.81,1.14,243.19,1.89,3.98,204.21,4.67,11.07,233.31,3.04,7.09,228.80,2.85,7.19,218.09,2.55,6.94,221.38,0.87,1.34,187.11,2.32,4.72,248.75,,,,2.57,5.14,238.33,,,,,
2024-06-22 08:00,1.88,3.18,0.79,2.11,2.81,1.08,241.38,1.91,4.10,202.73,4.80,11.21,233.28,2.99,6.92,228.54,2.82,7.01,217.49,2.61,7.23,221.59,0.89,1.40,180.62,2.32,4.75,249.40,,,,2.57,5.14,239.00,,,,,
2024-06-22 08:10,1.89,3.20,0.79,2.12,2.84,1.18,240.13,2.07,4.28,205.53,4.77,10.97,233.91,3.01,6.96,229.09,2.87,6.97,219.29,2.68,7.25,223.12,0.98,1.64,183.23,2.57,5.20,249.88,,,,2.57,5.14,240.00,,,,,
2024-06-22 08:20,1.90,3.21,0.79,2.13,2.82,1.15,239.29,2.23,4.46,208.32,4.74,10.72,234.54,3.04,6.99,229.64,2.92,6.92,221.10,2.76,7.26,224.65,1.06,1.87,185.83,2.81,5.65,250.37,,,,2.57,5.14,241.00,,,,,
2024-06-22 08:30,1.90,3.23,0.79,2.13,2.86,1.19,238.74,2.39,4.63,211.11,4.72,10.48,235.17,3.07,7.02,230.19,2.98,6.88,222.91,2.83,7.28,226.18,1.15,2.10,188.43,3.05,6.10,250.86,,,,2.57,5.14,242.00,,,,,
2024-06-22 08:40,1.92,3.27,0.80,2.16,2.87,1.18,239.81,2.54,4.81,213.91,4.69,10.24,235.80,3.09,7.06,230.74,3.03,6.83,224.72,2.90,7.29,227.71,1.24,2.33,191.03,3.29,6.56,251.35,,,,2.57,5.14,243.00,,,,,
2024-06-22 08:50,1.95,3.32,0.80,2.19,2.94,1.18,241.65,2.70,4.99,216.70,4.67,9.99,236.43,3.12,7.09,231.29,3.08,6.79,226.53,2.98,7.31,229.24,1.33,2.57,193.63,3.54,7.01,251.84,,,,2.57,5.14,244.00,,,,,
2024-06-22 09:00,1.99,3.38,0.81,2.23,2.99,1.19,243.20,2.86,5.17,219.49,4.64,9.75,237.05,3.15,7.13,231.84,3.13,6.74,228.34,3.05,7.32,230.76,1.42,2.80,196.24,3.78,7.46,252.33,,,,2.57,5.14,245.00,,,,,
2024-06-22 09:10,2.02,3.44,0.82,2.26,3.04,1.20,244.74,3.01,5.34,222.29,4.61,9.50,237.68,3.17,7.16,232.39,3.18,6.70,230.14,3.13,7.34,232.29,1.51,3.05,202.05,3.81,7.56,252.00,,,,2.57,5.23,246.17,,,,,
2024-06-22 09:20,2.07,3.53,0.83,2.31,3.18,1.30,245.10,3.17,5.52,225.08,4.59,9.26,238.31,3.20,7.20,232.94,3.23,6.65,231.95,3.20,7.35,233.82,1.61,3.30,207.87,3.84,7.65,251.68,,,,2.57,5.31,247.33,,,,,
2024-06-22 09:30,2.11,3.62,0.84,2.36,3.22,1.27,244.71,3.33,5.70,227.87,4.56,9.02,238.94,3.23,7.23,233.50,3.28,6.61,233.76,3.27,7.37,235.35,1.70,3.55,213.69,3.86,7.74,251.36,,,,2.57,5.40,248.50,,,,,
2024-06-22 09:40,2.16,3.71,0.84,2.41,3.29,1.28,243.94,3.49,5.88,230.67,4.54,8.77,239.57,3.25,7.27,234.05,3.33,6.56,235.57,3.35,7.38,236.88,1.79,3.80,219.51,3.89,7.83,251.04,,,,2.57,5.49,249.67,,,,,
2024-06-22 09:50,2.21,3.81,0.85,2.47,3.39,1.30,243.37,3.64,6.06,233.46,4.51,8.53,240.19,3.28,7.30,234.60,3.38,6.52,237.38,3.42,7.40,238.41,1.89,4.05,225.33,3.92,7.92,250.72,,,,2.57,5.57,250.83,,,,,
2024-06-22 10:00,2.28,3.94,0.86,2.54,3.50,1.34,243.56,3.80,6.23,236.25,4.48,8.28,240.82,3.30,7.33,235.15,3.43,6.47,239.18,3.49,7.41,239.94,1.98,4.30,231.14,3.95,8.01,250.40,,,,2.57,5.66,252.00,,,,,
2024-06-22 10:10,2.37,4.12,0.89,2.64,3.66,1.36,244.86,3.96,6.41,239.05,4.46,8.04,241.45,3.33,7.37,235.70,3.48,6.43,240.99,3.57,7.43,241.47,2.19,4.47,234.34,3.98,8.18,250.14,,,,2.66,5.74,252.83,,,,,
2024-06-22 10:20,2.48,4.32,0.93,2.76,3.83,1.42,246.78,4.11,6.59,241.84,4.43,7.80,242.08,3.36,7.40,236.25,3.53,6.38,242.80,3.64,7.44,243.00,2.41,4.63,237.54,4.01,8.35,249.89,,,,2.74,5.83,253.67,,,,,
2024-06-22 10:30,2.56,4.46,0.95,2.84,3.94,1.51,248.21,4.27,6.77,244.63,4.41,7.55,242.71,3.38,7.44,236.80,3.58,6.34,244.61,3.71,7.46,244.53,2.62,4.80,240.74,4.05,8.52,249.64,,,,2.83,5.91,254.50,,,,,
2024-06-22 10:40,2.64,4.60,0.98,2.93,4.05,1.60,249.64,4.43,6.95,247.43,4.38,7.31,243.34,3.41,7.47,237.35,3.63,6.29,246.42,3.79,7.47,246.05,2.83,4.97,243.94,4.08,8.68,249.38,,,,2.92,6.00,255.33,,,,,
2024-06-22 10:50,2.72,4.74,1.01,3.01,4.23,1.54,250.66,4.58,7.12,250.22,4.35,7.07,243.96,3.44,7.51,237.90,3.68,6.25,248.23,3.86,7.49,247.58,3.04,5.13,247.13,4.11,8.85,249.13,,,,3.00,6.09,256.17,,,,,
2024-06-22 11:00,2.80,4.89,1.05,3.10,4.26,1.64,251.69,4.74,7.30,253.01,4.33,6.82,244.59,3.46,7.54,238.45,3.73,6.20,250.03,3.94,7.50,249.11,3.25,5.30,250.33,4.15,9.02,248.88,,,,3.09,6.17,257.00,,,,,
2024-06-22 11:10,2.90,5.06,1.10,3.21,4.45,1.72,252.93,4.76,7.39,254.74,4.31,6.77,246.10,3.51,7.51,238.65,3.70,6.15,250.86,3.96,7.54,247.20,3.34,5.33,251.99,4.06,8.98,249.56,,,,3.09,6.26,257.50,,,,,
2024-06-22 11:20,3.01,5.23,1.15,3.32,4.60,1.79,254.27,4.78,7.48,256.47,4.30,6.71,247.60,3.55,7.47,238.86,3.66,6.10,251.68,3.98,7.57,245.29,3.42,5.37,253.64,3.97,8.95,250.23,,,,3.09,6.34,258.00,,,,,
2024-06-22 11:30,3.10,5.39,1.20,3.42,4.65,1.81,255.42,4.79,7.57,258.20,4.28,6.66,249.10,3.59,7.44,239.07,3.63,6.05,252.50,4.00,7.60,243.38,3.51,5.40,255.30,3.87,8.91,250.91,,,,3.09,6.43,258.50,,,,,
2024-06-22 11:40,3.17,5.50,1.23,3.49,4.75,1.93,256.76,4.81,7.66,259.93,4.26,6.60,250.61,3.63,7.40,239.27,3.59,6.00,253.32,4.02,7.64,241.47,3.59,5.43,256.96,3.78,8.88,251.59,,,,3.09,6.52,259.00,,,,,
2024-06-22 11:50,3.24,5.61,1.27,3.56,4.86,2.01,257.90,4.83,7.76,261.65,4.25,6.55,252.11,3.67,7.37,239.48,3.56,5.95,254.14,4.04,7.67,239.56,3.68,5.47,258.61,3.69,8.84,252.26,,,,3.09,6.60,259.50,,,,,
2024-06-22 12:00,3.29,5.69,1.29,3.61,4.84,2.02,258.65,4.85,7.85,263.38,4.23,6.49,253.61,3.72,7.33,239.68,3.52,5.90,254.97,4.06,7.70,237.65,3.76,5.50,260.27,3.60,8.81,252.94,,,,3.09,6.69,260.00,,,,,
2024-06-22 12:10,3.34,5.78,1.32,3.67,4.82,2.03,259.40,4.87,7.94,265.11,4.21,6.44,255.12,3.76,7.30,239.89,3.49,5.85,255.79,4.08,7.74,235.73,4.00,5.70,261.46,3.64,8.60,254.82,,,,3.09,6.78,260.00,,,,,
2024-06-22 12:20,3.37,5.83,1.33,3.70,5.06,2.10,259.78,4.88,8.03,266.84,4.19,6.39,256.62,3.80,7.26,240.09,3.45,5.80,256.61,4.10,7.77,233.82,4.24,5.91,262.65,3.67,8.38,256.69,,,,3.09,6.86,260.00,,,,,
2024-06-22 12:30,3.41,5.90,1.35,3.75,5.06,2.16,260.04,4.90,8.12,268.57,4.18,6.33,258.12,3.84,7.23,240.30,3.42,5.75,257.43,4.13,7.80,231.91,4.48,6.11,263.85,3.70,8.17,258.57,,,,3.09,6.94,260.00,,,,,
2024-06-22 12:40,3.47,6.00,1.37,3.81,5.30,2.10,260.07,4.92,8.21,270.30,4.16,6.28,259.63,3.89,7.20,240.50,3.38,5.70,258.25,4.15,7.84,230.00,4.73,6.31,265.04,3.74,7.96,260.45,,,,3.09,7.03,260.00,,,,,
2024-06-22 12:50,3.53,6.10,1.40,3.87,5.20,2.25,260.07,4.94,8.30,272.03,4.14,6.22,261.13,3.93,7.16,240.71,3.35,5.65,259.08,4.17,7.87,228.09,4.97,6.52,266.23,3.77,7.74,262.33,,,,3.09,7.11,260.00,,,,,
2024-06-22 13:00,3.60,6.20,1.43,3.94,5.25,2.34,260.00,4.96,8.39,273.75,4.13,6.17,262.63,3.97,7.13,240.92,3.31,5.60,259.90,4.19,7.90,226.18,5.21,6.72,267.43,3.81,7.53,264.21,,,,3.09,7.20,260.00,,,,,
2024-06-22 13:10,3.66,6.31,1.46,4.01,5.43,2.36,259.87,4.97,8.48,275.48,4.11,6.11,264.14,4.01,7.09,241.12,3.28,5.55,260.72,4.21,7.94,224.27,4.96,6.77,267.27,4.03,8.02,264.72,,,,3.09,7.20,260.83,,,,,
2024-06-22 13:20,3.73,6.43,1.49,4.08,5.56,2.39,259.65,4.99,8.57,277.21,4.09,6.06,265.64,4.06,7.06,241.33,3.24,5.51,261.54,4.23,7.97,222.36,4.70,6.81,267.11,4.26,8.51,265.23,,,,3.09,7.20,261.67,,,,,
2024-06-22 13:30,3.74,6.45,1.50,4.09,5.60,2.36,259.28,5.01,8.67,278.94,4.08,6.00,267.14,4.10,7.02,241.53,3.21,5.46,262.36,4.25,8.00,220.45,4.45,6.86,266.94,4.49,9.00,265.74,,,,3.09,7.20,262.50,,,,,
2024-06-22 13:40,3.75,6.46,1.50,4.10,5.63,2.33,258.91,5.03,8.76,280.67,4.06,5.95,268.65,4.14,6.99,241.74,3.17,5.41,263.18,4.27,8.04,218.53,4.20,6.91,266.78,4.72,9.49,266.25,,,,3.09,7.20,263.33,,,,,
2024-06-22 13:50,3.72,6.43,1.48,4.07,5.50,2.32,258.38,5.05,8.85,282.40,4.04,5.90,270.15,4.18,6.95,241.94,3.14,5.36,264.01,4.29,8.07,216.62,3.95,6.95,266.62,4.95,9.98,266.76,,,,3.09,7.20,264.17,,,,,
2024-06-22 14:00,3.70,6.39,1.47,4.04,5.34,2.27,257.86,5.06,8.94,284.13,4.03,5.84,271.65,4.23,6.92,242.15,3.10,5.31,264.83,4.32,8.10,214.71,3.69,7.00,266.46,5.18,10.47,267.27,,,,3.09,7.20,265.00,,,,,
2024-06-22 14:10,3.67,6.35,1.45,4.01,5.41,2.28,257.36,4.94,8.73,279.07,3.87,5.65,271.55,4.19,6.95,241.46,3.06,5.34,263.04,4.36,8.15,216.87,3.90,6.95,266.64,5.14,10.54,267.21,,,,3.09,7.29,264.67,,,,,
2024-06-22 14:20,3.64,6.31,1.43,3.98,5.47,2.24,256.91,4.82,8.51,274.02,3.71,5.46,271.44,4.15,6.98,240.76,3.01,5.37,261.24,4.40,8.19,219.03,4.10,6.91,266.82,5.10,10.60,267.14,,,,3.09,7.37,264.33,,,,,
2024-06-22 14:30,3.62,6.29,1.42,3.97,5.36,2.19,256.53,4.70,8.30,268.96,3.55,5.27,271.34,4.11,7.01,240.07,2.97,5.41,259.45,4.44,8.24,221.19,4.31,6.86,266.99,5.07,10.66,267.07,,,,3.09,7.46,264.00,,,,,
2024-06-22 14:40,3.62,6.29,1.42,3.97,5.47,2.15,256.25,4.58,8.09,263.91,3.39,5.08,271.23,4.08,7.04,239.38,2.93,5.44,257.66,4.48,8.28,223.35,4.51,6.81,267.17,5.03,10.72,267.00,,,,3.09,7.55,263.67,,,,,
2024-06-22 14:50,3.62,6.29,1.42,3.96,5.40,2.27,256.03,4.46,7.88,258.86,3.24,4.89,271.13,4.04,7.07,238.69,2.88,5.47,255.87,4.52,8.33,225.50,4.71,6.76,267.34,5.00,10.79,266.93,,,,3.09,7.63,263.33,,,,,
2024-06-22 15:00,3.61,6.27,1.41,3.95,5.44,2.26,256.03,4.34,7.67,253.80,3.08,4.70,271.02,4.00,7.10,237.99,2.84,5.50,254.08,4.56,8.37,227.66,4.92,6.71,267.52,4.96,10.85,266.86,,,,3.09,7.72,263.00,,,,,
2024-06-22 15:10,3.60,6.25,1.41,3.94,5.48,2.25,256.02,4.22,7.45,248.75,2.92,4.51,270.91,3.96,7.12,237.30,2.80,5.54,252.28,4.60,8.42,229.82,4.68,6.95,268.15,4.98,11.10,274.42,,,,3.09,7.72,262.50,,,,,
2024-06-22 15:20,3.58,6.22,1.40,3.92,5.20,2.19,256.07,4.10,7.24,243.69,2.76,4.32,270.81,3.93,7.15,236.61,2.75,5.57,250.49,4.64,8.46,231.98,4.44,7.18,268.77,5.00,11.34,281.97,,,,3.09,7.72,262.00,,,,,
2024-06-22 15:30,3.54,6.16,1.39,3.88,5.25,2.16,256.24,3.98,7.03,238.64,2.60,4.13,270.70,3.89,7.18,235.92,2.71,5.60,248.70,4.69,8.50,234.14,4.21,7.42,269.40,5.03,11.59,289.53,,,,3.09,7.72,261.50,,,,,
2024-06-22 15:40,3.49,6.08,1.36,3.83,5.20,2.17,256.54,3.86,6.82,233.59,2.45,3.94,270.60,3.85,7.21,235.22,2.67,5.64,246.91,4.73,8.55,236.29,3.97,7.65,270.03,5.05,11.84,297.08,,,,3.09,7.72,261.00,,,,,
2024-06-22 15:50,3.43,5.99,1.34,3.77,5.12,2.11,256.93,3.74,6.61,228.53,2.29,3.75,270.49,3.82,7.24,234.53,2.62,5.67,245.12,4.77,8.59,238.45,3.73,7.89,270.65,5.07,12.08,304.64,,,,3.09,7.72,260.50,,,,,
2024-06-22 16:00,3.37,5.89,1.31,3.70,4.97,2.07,257.32,3.62,6.39,223.48,2.13,3.56,270.39,3.78,7.27,233.84,2.58,5.70,243.32,4.81,8.64,240.61,3.49,8.12,271.28,5.09,12.33,312.19,,,,3.09,7.72,260.00,,,,,
2024-06-22 16:10,3.29,5.75,1.27,3.62,4.83,2.06,257.30,3.50,6.18,218.43,1.97,3.37,270.28,3.74,7.30,233.15,2.53,5.74,241.53,4.85,8.68,242.77,3.42,7.93,265.69,4.96,11.96,311.15,,,,3.09,7.55,258.83,,,,,
2024-06-22 16:20,3.20,5.60,1.22,3.52,4.75,1.88,256.61,3.38,5.97,213.37,1.81,3.18,270.18,3.70,7.33,232.46,2.49,5.77,239.74,4.89,8.73,244.93,3.36,7.75,260.10,4.84,11.59,310.11,,,,3.09,7.38,257.67,,,,,
2024-06-22 16:30,3.11,5.45,1.17,3.42,4.71,1.86,255.70,3.25,5.76,208.32,1.65,2.99,270.07,3.67,7.36,231.76,2.45,5.80,237.95,4.93,8.77,247.09,3.29,7.56,254.51,4.72,11.22,309.08,,,,3.09,7.20,256.50,,,,,
2024-06-22 16:40,3.03,5.31,1.14,3.34,4.57,1.79,254.93,3.13,5.55,203.26,1.50,2.80,269.96,3.63,7.39,231.07,2.40,5.83,236.15,4.97,8.82,249.24,3.22,7.37,248.92,4.59,10.85,308.04,,,,3.09,7.03,255.33,,,,,
2024-06-22 16:50,2.95,5.18,1.12,3.26,4.54,1.79,254.32,3.01,5.33,198.21,1.34,2.61,269.86,3.59,7.42,230.38,2.36,5.87,234.36,5.01,8.86,251.40,3.15,7.19,243.33,4.47,10.48,307.00,,,,3.09,6.86,254.17,,,,,
2024-06-22 17:00,2.88,5.06,1.09,3.18,4.49,1.77,253.77,2.89,5.12,193.16,1.18,2.41,269.75,3.56,7.45,229.69,2.32,5.90,232.57,5.06,8.91,253.56,3.08,7.00,237.75,4.35,10.11,305.96,,,,3.09,6.69,253.00,,,,,
2024-06-22 17:10,2.81,4.93,1.07,3.11,4.26,1.71,253.16,2.87,5.11,192.24,1.21,2.53,267.66,3.49,7.38,227.58,2.34,6.03,233.92,4.96,8.85,253.09,2.99,6.95,236.14,4.55,10.26,294.85,,,,3.00,6.69,251.67,,,,,
2024-06-22 17:20,2.71,4.75,1.03,3.00,4.17,1.68,252.16,2.85,5.11,191.32,1.25,2.64,265.56,3.43,7.31,225.48,2.37,6.15,235.27,4.87,8.79,252.61,2.89,6.91,234.54,4.75,10.42,283.74,,,,2.92,6.69,250.33,,,,,
2024-06-22 17:30,2.59,4.54,0.98,2.87,3.85,1.50,250.69,2.82,5.10,190.41,1.28,2.75,263.47,3.36,7.24,223.38,2.40,6.28,236.62,4.78,8.73,252.14,2.80,6.86,232.94,4.95,10.57,272.63,,,,2.83,6.69,249.00,,,,,
2024-06-22 17:40,2.49,4.37,0.94,2.77,3.75,1.52,249.45,2.80,5.09,189.49,1.32,2.86,261.37,3.30,7.18,221.28,2.43,6.40,237.97,4.68,8.67,251.66,2.70,6.81,231.34,5.15,10.73,261.52,,,,2.74,6.69,247.67,,,,,
2024-06-22 17:50,2.44,4.28,0.93,2.71,3.76,1.45,248.60,2.78,5.09,188.58,1.35,2.97,259.28,3.23,7.11,219.18,2.45,6.53,239.32,4.59,8.61,251.19,2.60,6.76,229.74,5.34,10.88,250.41,,,,2.66,6.69,246.33,,,,,
2024-06-22 18:00,2.40,4.20,0.92,2.67,3.73,1.47,247.99,2.75,5.08,187.66,1.39,3.09,257.18,3.17,7.04,217.08,2.48,6.65,240.66,4.50,8.55,250.71,2.51,6.71,228.14,5.54,11.04,239.31,,,,2.57,6.69,245.00,,,,,
2024-06-22 18:10,2.37,4.14,0.91,2.63,3.55,1.44,247.49,2.73,5.07,186.75,1.42,3.20,255.09,3.10,6.97,214.97,2.51,6.78,242.01,4.40,8.50,250.24,2.48,6.38,220.63,5.43,11.00,240.88,,,,2.57,6.60,243.33,,,,,
2024-06-22 18:20,2.33,4.07,0.91,2.59,3.49,1.34,247.06,2.71,5.07,185.83,1.45,3.31,252.99,3.04,6.91,212.87,2.54,6.91,243.36,4.31,8.44,249.76,2.45,6.06,213.13,5.32,10.97,242.45,,,,2.57,6.52,241.67,,,,,
2024-06-22 18:30,2.32,4.03,0.91,2.57,3.48,1.44,247.03,2.68,5.06,184.92,1.49,3.42,250.90,2.97,6.84,210.77,2.57,7.03,244.71,4.22,8.38,249.29,2.43,5.73,205.62,5.20,10.94,244.02,,,,2.57,6.43,240.00,,,,,
2024-06-22 18:40,2.30,3.99,0.91,2.56,3.37,1.40,247.06,2.66,5.05,184.00,1.52,3.53,248.80,2.91,6.77,208.67,2.59,7.16,246.06,4.12,8.32,248.82,2.40,5.40,198.12,5.09,10.91,245.59,,,,2.57,6.34,238.33,,,,,
2024-06-22 18:50,2.28,3.95,0.91,2.53,3.43,1.40,246.90,2.64,5.05,183.09,1.56,3.64,246.71,2.84,6.70,206.57,2.62,7.28,247.41,4.03,8.26,248.34,2.38,5.07,190.61,4.98,10.88,247.16,,,,2.57,6.26,236.67,,,,,
2024-06-22 19:00,2.26,3.90,0.91,2.51,3.39,1.36,246.23,2.61,5.04,182.17,1.59,3.76,244.61,2.78,6.64,204.47,2.65,7.41,248.76,3.94,8.20,247.87,2.35,4.74,183.10,4.86,10.85,248.73,,,,2.57,6.17,235.00,,,,,
2024-06-22 19:10,2.23,3.85,0.89,2.47,3.36,1.35,244.99,2.59,5.03,181.26,1.63,3.87,242.52,2.71,6.57,202.36,2.68,7.53,250.11,3.84,8.14,247.39,2.20,4.77,185.87,4.69,10.64,249.01,,,,2.57,6.09,234.17,,,,,
2024-06-22 19:20,2.19,3.79,0.87,2.43,3.26,1.27,243.62,2.57,5.03,180.34,1.66,3.98,240.42,2.65,6.50,200.26,2.70,7.66,251.46,3.75,8.08,246.92,2.06,4.80,188.64,4.52,10.43,249.30,,,,2.57,6.00,233.33,,,,,
2024-06-22 19:30,2.15,3.71,0.85,2.39,3.29,1.30,242.67,2.54,5.02,179.42,1.69,4.09,238.33,2.58,6.43,198.16,2.73,7.79,252.80,3.66,8.02,246.44,1.91,4.82,191.41,4.35,10.22,249.58,,,,2.57,5.91,232.50,,,,,
2024-06-22 19:40,2.11,3.64,0.84,2.35,3.25,1.26,242.38,2.52,5.01,178.51,1.73,4.20,236.23,2.52,6.37,196.06,2.76,7.91,254.15,3.56,7.96,245.97,1.76,4.85,194.17,4.18,10.01,249.86,,,,2.57,5.83,231.67,,,,,
2024-06-22 19:50,2.08,3.58,0.84,2.32,3.13,1.25,242.40,2.50,5.01,177.59,1.76,4.31,234.14,2.45,6.30,193.96,2.79,8.04,255.50,3.47,7.91,245.49,1.62,4.88,196.94,4.01,9.79,250.15,,,,2.57,5.74,230.83,,,,,
2024-06-22 20:00,2.05,3.52,0.84,2.28,3.07,1.36,242.02,2.47,5.00,176.68,1.80,4.43,232.04,2.39,6.23,191.86,2.81,8.16,256.85,3.38,7.85,245.02,1.47,4.91,199.71,3.84,9.58,250.43,,,,2.57,5.66,230.00,,,,,
2024-06-22 20:10,2.01,3.43,0.83,2.24,2.90,1.24,238.79,2.44,4.87,178.75,1.78,4.58,233.16,2.31,5.95,191.48,2.81,8.18,256.70,3.32,7.80,244.61,1.45,4.33,190.07,3.67,9.20,250.06,,,,2.57,5.57,228.67,,,,,
2024-06-22 20:20,1.95,3.33,0.82,2.18,2.96,1.22,229.09,2.41,4.75,180.83,1.76,4.73,234.28,2.23,5.68,191.10,2.80,8.19,256.55,3.27,7.76,244.19,1.43,3.74,180.43,3.50,8.83,249.69,,,,2.57,5.49,227.33,,,,,
2024-06-22 20:30,1.92,3.27,0.82,2.15,2.85,1.22,217.65,2.37,4.62,182.90,1.75,4.88,235.40,2.15,5.40,190.72,2.80,8.20,256.40,3.21,7.71,243.78,1.41,3.16,170.79,3.33,8.45,249.32,,,,2.57,5.40,226.00,,,,,
2024-06-22 20:40,1.91,3.23,0.83,2.13,2.81,1.22,196.38,2.34,4.50,184.98,1.73,5.03,236.52,2.06,5.12,190.35,2.79,8.22,256.25,3.16,7.67,243.37,1.38,2.57,161.14,3.16,8.07,248.95,,,,2.57,5.31,224.67,,,,,
2024-06-22 20:50,1.91,3.21,0.84,2.13,2.76,1.24,126.25,2.30,4.37,187.05,1.71,5.18,237.64,1.98,4.84,189.97,2.78,8.23,256.10,3.10,7.62,242.96,1.36,1.99,151.50,2.98,7.69,248.57,,,,2.57,5.23,223.33,,,,,
2024-06-22 21:00,1.91,3.20,0.86,2.13,2.83,1.26,71.43,2.27,4.24,189.13,1.69,5.33,238.76,1.90,4.56,189.59,2.78,8.25,255.94,3.05,7.58,242.55,1.34,1.40,141.86,2.81,7.31,248.20,,,,2.57,5.14,222.00,,,,,
2024-06-22 21:10,1.90,3.18,0.87,2.12,2.73,1.25,56.03,2.23,4.12,191.20,1.68,5.48,239.88,1.82,4.29,189.21,2.77,8.26,255.79,2.99,7.53,242.14,1.30,1.36,138.57,2.76,7.01,247.72,,,,2.57,5.14,222.17,,,,,
2024-06-22 21:20,1.88,3.13,0.87,2.10,2.75,1.25,46.70,2.20,3.99,193.28,1.66,5.63,241.00,1.74,4.01,188.84,2.77,8.27,255.64,2.94,7.48,241.72,1.26,1.31,135.27,2.70,6.71,247.24,,,,2.57,5.14,222.33,,,,,
2024-06-22 21:30,1.84,3.05,0.86,2.05,2.65,1.20,37.47,2.17,3.87,195.35,1.64,5.78,242.12,1.66,3.73,188.46,2.76,8.29,255.49,2.88,7.44,241.31,1.22,1.27,131.97,2.64,6.41,246.76,,,,2.57,5.14,222.50,,,,,
2024-06-22 21:40,1.81,2.99,0.85,2.02,2.59,1.21,31.59,2.13,3.74,197.43,1.62,5.93,243.24,1.58,3.45,188.08,2.75,8.30,255.34,2.83,7.39,240.90,1.18,1.22,128.68,2.59,6.11,246.28,,,,2.57,5.14,222.67,,,,,
2024-06-22 21:50,1.79,2.96,0.85,2.01,2.58,1.19,29.01,2.10,3.61,199.50,1.61,6.08,244.36,1.50,3.18,187.70,2.75,8.31,255.19,2.77,7.35,240.49,1.14,1.18,125.38,2.53,5.81,245.80,,,,2.57,5.14,222.83,,,,,
2024-06-22 22:00,1.78,2.93,0.85,2.00,2.55,1.17,28.28,2.06,3.49,201.58,1.59,6.23,245.48,1.42,2.90,187.33,2.74,8.33,255.04,2.72,7.30,240.08,1.11,1.13,122.08,2.48,5.51,245.32,,,,2.57,5.14,223.00,,,,,
2024-06-22 22:10,1.77,2.91,0.85,1.99,2.47,1.15,28.10,2.03,3.36,203.65,1.57,6.38,246.60,1.34,2.62,186.95,2.73,8.34,254.88,2.66,7.26,239.66,1.11,1.13,116.89,2.35,5.42,245.29,,,,2.57,5.14,224.00,,,,,
2024-06-22 22:20,1.77,2.89,0.85,1.98,2.52,1.18,27.32,1.99,3.23,205.73,1.55,6.53,247.72,1.26,2.34,186.57,2.73,8.35,254.73,2.60,7.21,239.25,1.11,1.13,111.70,2.23,5.32,245.26,,,,2.57,5.14,225.00,,,,,
2024-06-22 22:30,1.76,2.89,0.85,1.98,2.54,1.19,24.45,1.96,3.11,207.80,1.54,6.68,248.84,1.18,2.07,186.19,2.72,8.37,254.58,2.55,7.17,238.84,1.12,1.12,106.51,2.11,5.23,245.23,,,,2.57,5.14,226.00,,,,,
2024-06-22 22:40,1.76,2.89,0.85,1.98,2.52,1.18,21.06,1.93,2.98,209.88,1.52,6.83,249.96,1.10,1.79,185.82,2.72,8.38,254.43,2.49,7.12,238.43,1.12,1.12,101.32,1.99,5.14,245.21,,,,2.57,5.14,227.00,,,,,
2024-06-22 22:50,1.76,2.89,0.85,1.97,2.54,1.16,17.40,1.89,2.86,211.95,1.50,6.98,251.08,1.02,1.51,185.44,2.71,8.40,254.28,2.44,7.08,238.02,1.12,1.12,96.13,1.87,5.05,245.18,,,,2.57,5.14,228.00,,,,,
2024-06-22 23:00,1.76,2.89,0.84,1.97,2.48,1.19,13.59,1.86,2.73,214.03,1.48,7.13,252.20,0.94,1.23,185.06,2.70,8.41,254.13,2.38,7.03,237.61,1.12,1.11,90.94,1.75,4.95,245.15,,,,2.57,5.14,229.00,,,,,
2024-06-22 23:10,1.76,2.89,0.84,1.97,2.53,1.15,9.70,1.82,2.67,214.15,1.50,7.03,249.89,0.92,1.22,188.81,2.77,8.45,252.93,2.36,7.03,237.16,1.07,1.06,91.41,1.71,4.72,246.05,,,,2.57,5.14,229.17,,,,,
2024-06-22 23:20,1.75,2.88,0.84,1.97,2.49,1.18,5.35,1.79,2.61,214.28,1.51,6.93,247.58,0.91,1.20,192.55,2.84,8.50,251.73,2.34,7.03,236.72,1.02,1.01,91.87,1.68,4.48,246.94,,,,2.57,5.14,229.33,,,,,
2024-06-22 23:30,1.75,2.87,0.83,1.96,2.43,1.17,1.71,1.75,2.55,214.41,1.52,6.83,245.27,0.89,1.19,196.29,2.91,8.54,250.53,2.32,7.03,236.27,0.97,0.96,92.33,1.65,4.25,247.84,,,,2.57,5.14,229.50,,,,,
2024-06-22 23:40,1.74,2.86,0.83,1.95,2.46,1.09,358.59,1.72,2.48,214.53,1.53,6.73,242.96,0.88,1.17,200.03,2.98,8.59,249.33,2.29,7.03,235.83,0.92,0.90,92.79,1.62,4.01,248.73,,,,2.57,5.14,229.67,,,,,
2024-06-22 23:50,1.73,2.84,0.82,1.94,2.47,1.12,355.67,1.69,2.42,214.66,1.54,6.63,240.66,0.87,1.16,203.78,3.05,8.63,248.13,2.27,7.03,235.38,0.87,0.85,93.26,1.59,3.78,249.63,,,,2.57,5.14,229.83,,,,,
2024-06-23 00:00,1.72,2.83,0.82,1.93,2.47,1.11,352.80,1.65,2.36,214.79,1.55,6.52,238.35,0.85,1.14,207.52,3.11,8.68,246.93,2.25,7.03,234.94,0.82,0.80,93.72,1.56,3.54,250.52,,,,2.57,5.14,230.00,,,,,
2024-06-23 00:10,1.71,2.82,0.82,1.92,2.45,1.15,349.93,1.62,2.30,214.91,1.56,6.42,236.04,0.84,1.12,211.26,3.18,8.72,245.73,2.22,7.03,234.49,0.81,0.79,122.74,1.49,3.47,250.26,,,,2.48,5.05,230.17,,,,,
2024-06-23 00:20,1.71,2.81,0.81,1.92,2.45,1.10,348.33,1.58,2.24,215.04,1.57,6.32,233.73,0.82,1.11,215.01,3.25,8.77,244.53,2.20,7.03,234.05,0.80,0.77,151.75,1.43,3.41,250.00,,,,2.40,4.97,230.33,,,,,
2024-06-23 00:30,1.71,2.81,0.82,1.91,2.44,1.10,348.25,1.55,2.18,215.17,1.58,6.22,231.42,0.81,1.09,218.75,3.32,8.81,243.33,2.18,7.03,233.60,0.79,0.76,180.77,1.37,3.34,249.74,,,,2.32,4.89,230.50,,,,,
2024-06-23 00:40,1.71,2.81,0.82,1.92,2.47,1.10,347.99,1.51,2.12,215.29,1.59,6.12,229.11,0.79,1.08,222.49,3.39,8.86,242.13,2.15,7.02,233.16,0.78,0.74,209.79,1.31,3.27,249.48,,,,2.23,4.80,230.67,,,,,
2024-06-23 00:50,,,,,,,,1.48,2.06,215.42,1.60,6.02,226.81,0.78,1.06,226.24,3.46,8.90,240.93,2.13,7.02,232.71,0.76,0.72,238.80,1.25,3.20,249.21,,,,2.14,4.72,230.83,,,,,
2024-06-23 01:00,,,,,,,,1.44,1.99,215.55,1.62,5.92,224.50,0.76,1.05,229.98,3.53,8.95,239.73,2.11,7.02,232.27,0.75,0.71,267.82,1.18,3.13,248.95,,,,2.06,4.63,231.00,,,,,
2024-06-23 01:10,,,,,,,,1.41,1.93,215.68,1.63,5.82,222.19,0.75,1.03,233.72,3.59,8.99,238.53,2.08,7.02,231.83,0.86,0.88,264.90,1.14,3.01,246.86,,,,2.06,4.55,231.17,,,,,
2024-06-23 01:20,,,,,,,,1.38,1.87,215.80,1.64,5.72,219.88,0.74,1.01,237.47,3.66,9.04,237.32,2.06,7.02,231.38,0.96,1.05,261.98,1.10,2.90,244.76,,,,2.06,4.46,231.33,,,,,
2024-06-23 01:30,,,,,,,,1.34,1.81,215.93,1.65,5.62,217.57,0.72,1.00,241.21,3.73,9.08,236.12,2.04,7.02,230.94,1.06,1.21,259.06,1.05,2.78,242.66,,,,2.06,4.38,231.50,,,,,
2024-06-23 01:40,,,,,,,,1.31,1.75,216.06,1.66,5.51,215.27,0.71,0.98,244.95,3.80,9.13,234.92,2.02,7.02,230.49,1.16,1.38,256.14,1.01,2.67,240.57,,,,2.06,4.29,231.67,,,,,
2024-06-23 01:50,,,,,,,,1.27,1.69,216.18,1.67,5.41,212.96,0.69,0.97,248.69,3.87,9.17,233.72,1.99,7.02,230.05,1.27,1.55,253.23,0.97,2.56,238.47,,,,2.06,4.20,231.83,,,,,
2024-06-23 02:00,,,,,,,,1.24,1.63,216.31,1.68,5.31,210.65,0.68,0.95,252.44,3.94,9.22,232.52,1.97,7.02,229.60,1.37,1.72,250.31,0.92,2.44,236.37,,,,2.06,4.12,232.00,,,,,
