datetime,sha
2022-03-08 10:48:08,195920c348df4320dbce7ee84ad8714285d387e3
2022-03-08 11:09:42,2a1d8b5d843cd69cb60867b0a9dd9758f51b8ef9
2022-03-08 11:32:03,d0aec214d40cb43ae3c060cfe0cdfeca20a88e25
2022-03-08 11:34:14,4b0469f3263c0c21e123c47a9b9700a90978744b
2022-03-08 11:44:14,b529d55b4b651c6e55a13e1cb638a9f190e8d272
2022-03-08 11:49:14,cd5e987414b46dbd7fb7a71238e0e44827f7f741
2022-03-08 11:59:14,d5014dcf6401576d5decdca6731d69917ce75a45
2022-03-08 12:04:14,5131f378980a74465ee156b78acad59bbc0b720b
2022-03-08 12:14:14,2693354800889da25e416eb53b5c6e2abfd82f7c
2022-03-08 12:19:14,97ae227d66001512bcd5327436f85e49bc78ee23
2022-03-08 12:24:14,605cbdd9d368b419607a86871d980352a44e8a83
2022-03-08 12:29:13,30c3da046700609d7f79755f7fba7b147f9110c3
2022-03-08 12:34:13,3b84c0a91432c71eff3495492fd2270fdd345679
2022-03-08 12:49:55,cb211bf880b8ce7fec010ac502fedf18f4598c4b
2022-03-08 12:54:16,fa70ea48c63aab699ff13f89ed1c6ea8f03fdb91
2022-03-08 13:00:20,fa29abba369240ac5e5fb2280fdd7816cad9b0a9
2022-03-08 13:04:25,8b5304c0dd617e1fe2b3393b9f45f42c2c5c8665
2022-03-08 13:09:18,2505acbabd6254f7c8a02376939a947e54ad7c21
2022-03-08 13:14:27,7f74ba268a9dcf404951d42a57dccf1886b485d8
2022-03-08 13:24:21,ce1c794c4db383f59b09562b50621da756aa83e1
2022-03-08 13:30:39,f8ff13f18acffeae2c730b864ee72bed89d53459
2022-03-08 13:34:21,48b9799d56184fe4b87f1c022576796458918d4c
2022-03-08 13:44:22,129c0af6b0b4d37a234563f6d6c526b556d714c9
2022-03-08 13:54:21,4ff0a816c21016a29f927ad3c05410f3d5a7bd89
2022-03-08 13:59:25,61b656915b8c8807a302fac35f4f081bee3df755
2022-03-08 14:04:13,6170a7eee40dcbf8524556e645c619d58459e641
2022-03-08 14:09:27,9038653411a87e71d46031d56a026b17c8a1b000
2022-03-08 14:19:26,34e010e848735eeb570429ec315580c4702bef3d
2022-03-08 14:24:27,6b5bdc7bc4a30a831d6b4e3269b878a4f66b9787
2022-03-08 14:29:26,38db7e8b9b329fc237d2b02a1a279610cae0842d
2022-03-08 14:34:26,5bc9c9753d23397d8dc362d8747aedd6ba7058d5
2022-03-08 14:39:28,44c1bccd3040ead18b31cf3eaba4f8fee52be173
2022-03-08 14:44:33,826b6ca70329781bdb16cda36ede4f8924cec42a
2022-03-08 14:49:26,b16096cde3675a6a8494cbee8e52cfd353a2fbff
2022-03-08 14:59:27,d1f46e911cce2bc6ce4d60e06c371b7e03525edd
2022-03-08 15:04:21,b6492604c6d275cba820ae20909ecf9f381edf49
2022-03-08 15:14:21,252cb4ad2b474fec018053e77d29ea92b518b990
2022-03-08 15:24:27,7e27cbc745346eb5867b8e3b100d337d00d16832
2022-03-08 15:34:22,27896334d4f435cc1a42322b75e5e2f2a8e69ed2
2022-03-08 15:44:26,2436e9fe7894b6b09c7968e9ba40da53d04751d5
2022-03-08 15:54:23,e71c7198e7c964b87310b2daaaf3a1ea8613b247
2022-03-08 15:59:26,585d8ca5f493c607ef585bbb8aa5ddd7689ed390
2022-03-08 16:09:25,c1619fb72f79faf603cf60fccb46a63ef19614f0
2022-03-08 16:19:26,ca2478c90585023a4ef339d29b31aea35c0e58ab
2022-03-08 16:24:26,16760570268731c931d9ae30838abb8c7c48fd76
2022-03-08 16:29:27,e9596cd215816aaa82be33987114269ced288d25
2022-03-08 16:39:26,09d6d640da934a05b6f801fa92741c14679fa16b
2022-03-08 16:49:26,bc9c685a500f076aa7ca5250e75305f3e53085f0
2022-03-08 16:59:27,9fceed1ea0459d4277c211ba9b0eafeb77ac1f80
2022-03-08 17:04:26,10f507055173cb3ee88d188ac28161b7d185aad6
2022-03-08 17:14:25,4a14d69e38dcc76f9e753dd8182ac0fec7ea5bca
2022-03-08 17:19:27,96f312b336f94f98d1fa324a9c7bbde3493b9736
2022-03-08 17:29:26,b4d52722c0d34006b2a45d566877fd5bf9140e11
2022-03-08 17:34:26,eecd16ec9bea1a52c0a3e86344a71d0133b0414c
2022-03-08 17:44:28,59b78691f539dd4dac1a884290a6f8c4da2449a3
2022-03-08 17:49:26,3bc2ecb46ccaa02987a543850cbcf19a401b2329
2022-03-08 17:59:28,024b2fa7a299266901422b368b6460994073d9c2
2022-03-08 18:09:27,dc98283bbbf5d3686b4c83bc0696f90b42488922
2022-03-08 18:14:24,107aaea9598d9c38a33bbfc5b9f75e9d2fbebe4e
2022-03-08 18:24:27,7ab26d9d466616c18d825f4f987a68c7f013de81
2022-03-08 18:34:25,22c0b6c1aae97dc7c2042b8a33942ca0964440bb
2022-03-08 18:44:28,22b2734d4ed71a17ae6449e2b4e82cb322da133d
2022-03-08 18:54:26,7a5aaeb293f559bd96d7ee6afddafcc609e41994
2022-03-08 19:04:20,a9c034f947628009358e8fe384149a8699e6c469
2022-03-08 19:09:25,27204f753f1db2992cb92785c2f687d858c2e2ef
2022-03-08 19:14:28,e7bf34ea3b3b90d19188a74fb9ead8ac93d8bf52
2022-03-08 19:24:28,578d3e854253b2268def24c022518837cf047162
2022-03-08 19:29:27,b1f70c6c8c84686f6860e92fd94aacacb90197ed
2022-03-08 19:39:26,b00031674cb58b0492d828ce3d40b6d1ca7d8bda
2022-03-08 19:44:28,d8a03c840a6be1f5fdf10d65c79875e53528e251
2022-03-08 19:54:27,f2b07735983c69e6be2a535a64363d0380eab9bb
2022-03-08 20:04:26,e92ae5bd64b3460ab7a33b2310566beaadbff9ce
2022-03-08 20:14:26,48b9375489a3ae6745699a8e4e9fd79d089a80be
2022-03-08 20:24:26,11baa2b554fd56689c8cdc0148743e9bc0daffa1
2022-03-08 20:34:26,3ac39ee51a456b54558c69b2f5e39cb185624d61
2022-03-08 20:39:26,b1a6ac1768382e21aadfb452dc88c9c6ce4f2295
2022-03-08 20:49:29,922ba20ec452c43ce0795bfa976c9b7fa1ba50c5
2022-03-08 20:59:27,b67a3d7998ca441991b32dc1b10552b906a7bd92
2022-03-08 21:09:31,534ba2f58b53cfabbe73d9ee47eed9f2abcca5aa
2022-03-08 21:14:30,bd2901ebbb9c5a1fb66054897577f48afcae02f9
2022-03-08 21:22:03,dc6fde14bcad75ae00df0a10c9c8695c0bfc74a2
2022-03-08 21:57:41,097e01da7576f424680242c7ea7b21c7df071306
2022-03-08 22:24:29,1721dda846e80399dd3f2254c26f3074030945c4
2022-03-08 22:34:33,f92334095707cd9c072d35ea27f24bc3a52cfdc4
2022-03-08 22:44:35,cf10b65bf711a5f83aa2abe450c580c62980acef
2022-03-08 22:54:37,684fe9610d395355cefdc0e7b26167d7032659cc
2022-03-08 23:04:21,8ea9a6753dc382b7ab88a0fd2b0141f69d0a1df3
2022-03-08 23:14:14,d600bc9cd665ee57d02610dcaa03f5bed8b31900
2022-03-08 23:24:14,ce68a74a3e62641ac601d321b045423dd55a14cf
2022-03-08 23:34:23,450f83350b6a0d58be8d688f6de21b1952da3261
2022-03-08 23:39:18,2905ee21c565fce87a7f910cb291e2d9a78d7f60
2022-03-08 23:49:14,5e6142d18d65a5d4eae0d566d2c1cc59656db976
2022-03-08 23:54:22,2e6b77781b7f5041c51208b84fc4439b675dd772
2022-03-08 23:59:26,7bcb33c865d28c2f6c13db49661f4de04a266fb0
2022-03-09 00:09:13,a2f60eb53c80dd6560aef4fcbbd8f647b707a473
2022-03-09 00:19:27,581bc3fe25bd0dd16b520b06ba15664fbf729c8a
2022-03-09 00:29:28,88a6fd58e898ed99628d4d13d10967864387dbff
2022-03-09 00:34:13,4fc7d6a7871fb10e09a47b96ff0e41f1137ced4e
2022-03-09 00:39:40,d1949ad76c0a6db4a8daa3783ae86d800b57b87d
2022-03-09 01:00:07,a62a4ad5dd9955927888f8485c88c7934df77570
2022-03-09 07:09:13,1bc4501efad33a3b3d57a63dc3bdfe251168156d
2022-03-09 07:19:14,23b64c9e26dbd6801823ffe197acf36d8c9e9048
2022-03-09 07:29:13,a4ac9bebb6270af5a80489405d26b598e8e244ea
2022-03-09 07:39:14,c5ceaa911ff745e54e67447f0180bd4beeeeac68
2022-03-09 07:49:13,c525f4ad2fe916ec0a8282e6c9d25fcbf13b046f
2022-03-09 07:54:13,68c2db114f535338fa88684f792ca3732304b8f2
2022-03-09 08:04:14,c750d6ec97aa0febe80e873f95baa026803489d3
2022-03-09 08:14:14,7400f224393bc26b2494a0276b2c212942bf55df
2022-03-09 08:24:14,fda4c402ef2d7527962f9575a5015f46584439c6
2022-03-09 08:34:14,53cc482033210a92a4d43688b65b1ecde852a290
2022-03-09 08:39:14,7185adbe09cbdc71458e189bc2f5590da43ec95b
2022-03-09 08:49:14,fe313986409f36cca79720f4474d0c1330884ff3
2022-03-09 08:59:14,78709452ea280a2288f45b1e7de6897a6fd3754f
2022-03-09 09:09:29,3076c716745f000f3250a76771b3e172f47fe9ef
2022-03-09 09:19:14,d46153431d3bd8721fa175689c88f4d4c38df654
2022-03-09 09:24:14,dcd5eb31fbe58ab0351d7045444ae776dc948464
2022-03-09 09:34:22,659021e69453b120bda7061556a2a82c40fe1b48
2022-03-09 09:39:15,35f8e2ce4e3e6f62669e8e003144212d6f7fa45d
2022-03-09 09:49:29,1579c94135a65f4e64e83446df38dd4fc9dd3911
2022-03-09 09:59:30,480367554575472531fee08bdd609bdfb5707be6
2022-03-09 10:04:23,23d087b3d74519c26bed72f18147bbbaf6703b42
2022-03-09 10:14:24,b55c00b110cc1cbc7f5b1234c27d690b54bb2700
2022-03-09 10:24:23,8f14ef846a10625af8797d5ae7d2978abec98a11
2022-03-09 10:29:29,5060a8eb3a1e7a464098ad5345f0ff21f04a7008
2022-03-09 10:39:29,208343ab19e6dd1ecbc39760a80d86b5798ca97d
2022-03-09 10:44:30,0e772a2bf9edc0b54a282a6342484329e19c61d4
2022-03-09 10:54:25,a6f512ab4c9dbb1248cc4f2058ff32e775ab0027
2022-03-09 11:04:20,c38a0c902fb637689d5e74c5b317e2423e462307
2022-03-09 11:09:27,499a0593d43f1e9af506f8c12c7417af865af778
2022-03-09 11:19:29,0ace6fdcd001986da43294e00d016f843a376e1a
2022-03-09 11:24:22,8355acc695bd0cb0634e51fb07dd60b345ff7f79
2022-03-09 11:34:27,e847fa0e249fd2b7cc1c66a71b8a6d7f5702c8ce
2022-03-09 11:39:28,1fd5b48c5efc9dd52c7dda3ee03f70a65ed61651
2022-03-09 11:49:30,3562e5858b6752330d822247968cdfece4238033
2022-03-09 11:54:27,707d3b0be13b3e5adea43642a2db9aee1e78b160
2022-03-09 12:04:27,a1049364f4823c97eb753792d1099cd979024c63
2022-03-09 12:09:28,29b586a9ea165fd5608b4957b53717236231f331
2022-03-09 12:19:28,0a422f66f14c2598ab61010f351bdc4552cf92e6
2022-03-09 12:29:29,67afac0b2719acda56c57139c8f4736265fabc63
2022-03-09 12:39:29,d8b3f1491fba0019b6fa99480f9004dfc2539f73
2022-03-09 12:44:28,4d6f624d9d2b02ca8d100b1a4fec75918b87ec4b
2022-03-09 12:54:34,3b7c3a44253ac5a4fca8ebcd5d7eaa03c4dae5bc
2022-03-09 13:04:32,9fdd025338e4e83921f236b30973d3cfefda53ce
2022-03-09 13:09:20,c6b769409c2cb664aa52a733b76b3abf354964ca
2022-03-09 13:14:23,8880386a0a8aae62b89416cbf7bb613555bc7188
2022-03-09 13:24:26,d5591c1be29b78f68c21fb23e23ba119ea998521
2022-03-09 13:34:27,aae6a1ec42e642fbdcdcf678454a4e1c995509f1
2022-03-09 13:39:28,2513687a30c80225b3d4490d9ff7503324c781b5
2022-03-09 13:49:29,eebf6a0214293f1f2d715c5544977f7ec0472b47
2022-03-09 13:54:28,431a204e3f34d4d5f492b562fc60991da3be0768
2022-03-09 14:04:32,f44eb1b4bbcb1d84f55bc115ca1ab981e5249557
2022-03-09 14:09:27,f069640c1f342a8d975d84c26fa3fc3e5f876132
2022-03-09 14:19:28,6314a0bdb92cf081405222e92f90d321ff7ab0e9
2022-03-09 14:29:28,42e6ced770f4eba30701798b9223bd85f8eca543
2022-03-09 14:34:30,811e71343688fd7b07e2a65f5aa8fc07b19e89da
2022-03-09 14:39:32,c15e63f207366645b97df44f1194d468543050ab
2022-03-09 14:49:31,6a3c998b074eb2965f8ef13a4f2072b09195a6af
2022-03-09 14:59:28,03ac797cbcfcdd7d74ddecd1ef365b98a5b95333
2022-03-09 15:09:31,60ac33ed94803b4a75acfaf846af99b3e03d9d7f
2022-03-09 15:14:30,9b2be6daa8c564d4474b1f59ba682fc5e374ed0b
2022-03-09 15:24:33,5b55a317dd5bec74000ce90b701d572a2c7ab6d0
2022-03-09 15:34:23,778dc5255ffec47122e6bf70675b599213b8c2b9
2022-03-09 15:44:23,9919b4c9ca35c4c2679e4430b2d8519862e5f280
2022-03-09 15:54:23,9af7712cd6182e7d4c3711b3423791ece2ee61fe
2022-03-09 16:04:25,876b99113c36882ced04606603f41e8f3a8bc756
2022-03-09 16:14:28,1082ec375e41146c2e8d2572542d7dbbb97f913f
2022-03-09 16:19:28,004c98334cc1a43994ed3636535dcc316495e248
2022-03-09 16:24:30,89b0cbe20db7255ac2a378b87ad6557532493042
2022-03-09 16:34:29,c47a1ee05c607e2a350bd8eda9417a0168418f5d
2022-03-09 16:44:31,8c7f1e2ce0f60e44c8470a383a05ad85c71bdacc
2022-03-09 16:54:30,f0d6efe79715e8436d3bbd26f8bf85790370a7d4
2022-03-09 17:04:28,3c593e6284272118b72c72bbfb21b99e13d7f7c2
2022-03-09 17:14:27,2974699d72e0e08c0dcd92ac4740b1b6163acffc
2022-03-09 17:19:28,efee2871f62878fcba2daddb87a954742fe94f03
2022-03-09 17:24:38,62068cec2f51cbc808a2d06c9b830058d40a32e9
2022-03-09 17:34:40,705ff56fdcb39750e166b0f1f2368eb96c2e4dfb
2022-03-09 17:39:30,eebc42a979c47f04a01a27b79dca2113d16d7c7b
2022-03-09 17:49:37,a772908d8fd3939580208d6e905e6bc838723738
2022-03-09 17:59:32,3a18907a9794d3ff9475981bb3d8aa5aaf3ac193
2022-03-09 18:04:29,3eb840ed46c454748177813ded0041f80ae1c9e1
2022-03-09 18:14:26,2a572ecd2c202158f86f38b62b1c5a91b39227a3
2022-03-09 18:24:32,9c4ca7ce2f48503b36e4f4ab600f1eaa72925cc6
2022-03-09 18:34:33,36c365baad01c10191ab19e9fdf9e889b94bd505
2022-03-09 18:44:36,8b630ee3cd40297f7559d6fdfb138dc49ce7309c
2022-03-09 18:54:35,68511fb62ca067416eec5e55a1a19e2cfe59126b
2022-03-09 18:59:32,b2f9e49be51eda41f10d3d90192fff76edc99767
2022-03-09 19:09:25,d730dd748bdb2eb50214bd9297074cbcf5ff58e4
2022-03-09 19:19:33,d078018ad695acd5ede8361d5ba028133f105162
2022-03-09 19:29:39,875f9b65cdeab079e776ce84a70c9b8b35a098dc
2022-03-09 19:34:33,fb032de81967e562e7342610a3123734502934c1
2022-03-09 19:40:19,b975abd830064d59cbee839d2c0e674bbd40815a
2022-03-09 19:49:53,40ffaddaeb042f178422c0ab32d0f1e25c56b343
2022-03-09 19:59:33,8ef791ca2410de269c05a643e44deb7bbd99a64a
2022-03-09 20:09:35,20d3559ef3aa6bcf8de927c24eb7c67141c8ca74
2022-03-09 20:14:34,2c01aa048701d87ec7dd5bf46c0cd5924ac7d69a
2022-03-09 20:24:32,c0e1f89e0f917c7508c11eb462b5e5d4ffde1fe7
2022-03-09 20:29:35,913802fcddfb2dc95e5227a3ab6fb8dcd58ab8ce
2022-03-09 20:39:41,f65d31235de82b766bd5896749e331d2ee88d4cb
2022-03-09 20:44:32,455c99dc07ea227b6e15546fb41b3e01717138dc
2022-03-09 20:54:35,3729fdf10c16eef27d4dd1a8db0c093624180eb4
2022-03-09 21:04:41,40fe6d05f8dbece6b46ca8c9897a19b763d20831
2022-03-09 21:09:33,5cc5043561862c569a902140daa1ced694f5dd5a
2022-03-09 21:14:41,359a53764e13942b69d2938432e776424fb3e112
2022-03-09 21:24:44,373979ce32a41a930ee10d97bab1adf431d986b8
2022-03-09 21:29:32,b08549f837c247764db7f4c48344637a7b24d86d
2022-03-09 21:39:36,ef2ab3e591652082e93b23498c2407bb311c89b7
2022-03-09 21:44:35,637573e8bf8ea6b21885110f3605e2db5f757f73
2022-03-09 21:54:36,c4804ef7d3015dd9b5c2d1ead8eb4e12b576579c
2022-03-09 21:59:34,c522d7a309046b312829a7d6e7c896d282433d88
2022-03-09 22:04:35,d463b35cc3c26d536db14edafa4e44ab461e4142
2022-03-09 22:09:39,8e408a8d01d15d834dc57bbe4181471a9df5d41e
2022-03-09 22:19:34,2c217a87da0067522a5ca94d49398cc278a7099a
2022-03-09 22:29:34,402bc5ffe8fe0140f1fda4405bb2db4c6fc9f3f0
2022-03-09 22:39:33,0989c1f8d6e182f80117a30344f816ac10513ffe
2022-03-09 22:49:41,c6838dffd0a7d8f9ea5738184f2fade293721bf1
2022-03-09 22:54:41,7450628210aa9c4c9ed506e5236536a380157279
2022-03-09 23:04:37,ed60ccd8e8f90d17983048608adbc69568ac0ab4
2022-03-09 23:09:33,ecdfa8945396dbca60bb307d941ebe98497615b5
2022-03-09 23:14:39,524698aad69c21fca590cf0015412e48979b2b24
2022-03-09 23:24:35,c8b05f78c0921df410181da74151bc30c803e3e7
2022-03-09 23:34:38,a4b00568c4b073bcfa578bea0c5f039cc3231fdd
2022-03-09 23:39:33,4b724142745b1716ad2a7f9189b261dbfda7e95e
2022-03-09 23:44:33,4fbfb1dabd70a1c95afde202c3bca6a31b57e79b
2022-03-09 23:54:36,5d71a6861dc147cdc4570c8793baf2d8c48bb231
2022-03-10 00:04:33,b9f17769cccbc18d495b9751f7e714581dfd162f
2022-03-10 00:14:36,0d957e8601576c4f783f1a76d5a19e87b9e4b231
2022-03-10 00:19:33,80680d16bb6969856f7fa9cdfb6bb11ccad49087
2022-03-10 00:29:33,dd6d823556ef38187f7c368843ef6cbd87ac872d
2022-03-10 00:39:34,4b380d585bc8f5f82bb051d81c4bea70a61309a3
2022-03-10 00:49:32,bfeb2edf13e40b6fddf896d3a8f34cce6b466cae
2022-03-10 00:59:43,71ad29432e2f17e800d33defd0a7edaac8fef5cd
2022-03-10 07:09:21,aeea3b723d7a58c85c5c5246410961110cf4af0d
2022-03-10 07:19:34,778da06b685a435215a696db6886eed0e7807504
2022-03-10 07:29:33,249994c902afd1e32bdeb7e53edf598d74e9a362
2022-03-10 07:34:38,afa2b96f412e1bff47ac6bf88032917391f464af
2022-03-10 07:44:29,4f26876c90a496099e37ca21e9d4bd54f6945036
2022-03-10 07:54:28,bc10f77cff9cfdfb61067d779bdf064bc653f90d
2022-03-10 08:04:36,4176ed8e67d58aa092d20679b00eafbe8ed0cfd9
2022-03-10 08:09:34,d4798113bcadf48dece07b3e5b28c8b3a3f640e0
2022-03-10 08:19:36,2b57ca0de93dbc07918de78738ae162c30787497
2022-03-10 08:29:39,7dbe5c1835f6b24616b9d8e6e8b4444a1f2c92bb
2022-03-10 08:39:35,7c5fc6a019c0197cece6d0c8a8f9b849fa378f34
2022-03-10 08:44:35,2a29d6e295542315f206d3c30105a25dcb0e1e36
2022-03-10 08:59:44,5f37f7ec4bb304353c8d73560c3021c4378bd28f
2022-03-10 09:09:33,1197f63e7eeb9fe76f1f27fa45f8607e6525ec68
2022-03-10 09:14:35,3298e52418ecf2021994c948192e590894c36dc6
2022-03-10 09:24:34,39de1d484943afedb4d53996c76b5ca05865ed37
2022-03-10 09:29:41,e9a10aeb431daa24a1f4aab14816886d5cd144d5
2022-03-10 09:39:36,b4fb97016975d1a44fb071e5c8d90d50eb321502
2022-03-10 09:49:15,715ff5ae57add506b5ee16512958a34e2dad48b1
2022-03-10 09:59:13,24bf0f848b1bbdfe894e35bb32ccc994da74e543
2022-03-10 10:09:13,3002dc4fdf79b98006e47dd1998b24abd2a4b3a0
2022-03-10 10:19:14,cf326327b16413f92f91af84f18fa85ad414d12e
2022-03-10 10:29:13,21e14e92fa54410d59482dcda789bbcf7d5326d0
2022-03-10 10:39:14,b4e3ea84467e298f678b71c8caff8b12c5cace11
2022-03-10 10:49:13,593c52ba1a84cd8e349e1a6c09b7050a43ddc0f7
2022-03-10 10:59:15,68269d882356e565434ca87f24e7b45ac1b66b32
2022-03-10 11:04:13,b51fdfe1843f532a76a8065934e2bdc774f75bf7
2022-03-10 11:14:13,f8944d49d272eb18da86e12c4eac5fa673ed5290
2022-03-10 11:19:13,a353ce654de184f773813ab27b0607bfa4535910
2022-03-10 11:29:14,ea7a7cbd8bfb2731905cdba35cc01f36efa6a18f
2022-03-10 11:34:14,47a767c985986ec76cd061e952e6fded3e58ad47
2022-03-10 11:44:13,6ac01e253b673dcb082a7f4de69323bd035ff3a9
2022-03-10 11:54:13,8fdbe54832be9ca6c061fdcbdc6d5c55df4a9cb5
2022-03-10 12:04:13,affa2d33759236aafae083899293967005a3190b
2022-03-10 12:14:22,c1242705ed19a219d1d9e9208b45373e78d99ed5
2022-03-10 12:19:13,781d7636df51742bd7c7880c6d81d44ba075e9a6
2022-03-10 12:29:14,6b300c90901c6920d22c4e6aceff1d54493e52d2
2022-03-10 12:39:14,b55b0294bfaa49a52a5cb330ae6bd3bbc74824e9
2022-03-10 12:49:29,8156b930913d06488c184375833b4ad966617e49
2022-03-10 12:54:14,d661036cfd4dd1c6b854578f15f289590b4aab8d
2022-03-10 13:04:14,8b44e842d1015aa121b48b1cc9b85ce125642e0a
2022-03-10 13:14:14,792b171dfdb841cba06e91026c9935f2594d4031
2022-03-10 13:19:13,9e1c009f02d1de6c4e415d2e2a27b4765971ac91
2022-03-10 13:24:14,022b0ffa94f580b5e2cff433ecdd6568e3807f78
2022-03-10 13:34:13,868fbbf4ddaa1483ac0691041a4cd4e6c08efe16
2022-03-10 13:44:14,02e1aa30aad7854fabd0060b52f258b60959ef50
2022-03-10 13:49:13,63e67f66169cbca314922a2434eba22ad8f31e1b
2022-03-10 13:59:14,b2c6070546c5d9ecf5374554cdbd222de89b02f4
2022-03-10 14:09:14,72e34f50a5efef8c410f5fdc46cb6c4aa08fc08c
2022-03-10 14:19:13,aa7423a22eb14a16ab87cefa8e9f1f242b16a357
2022-03-10 14:29:13,faf9886ad2e7a0cb9a3e2a0fb66eeb803ad70c78
2022-03-10 14:39:14,41d20bf1d2b0c9ceba6464ed06267efc32aa0ca0
2022-03-10 14:49:20,c3fcafbaa80f841d7fd7c58cc285ab932e837449
2022-03-10 14:59:13,bf22f51b49953fda12e5d066e128f536756c02fe
2022-03-10 15:09:14,29160a2ef30d7d753ccc498f35fd578a11caaf75
2022-03-10 15:19:14,3c187b0c2d19f7b6aed185ebaa62016a6be7689f
2022-03-10 15:29:14,ddea7f6c9db06f9e2103329a6e962a2d6a7ed4c5
2022-03-10 15:34:14,4e155ee862e44494d16fdbe3e6c3244a6c33f0c2
2022-03-10 15:44:14,f0ef2cbc2b1fe3b13cea87dfe405cc35b18462c9
2022-03-10 15:54:15,bd37cd112ec499002e3e417651758b77ad0a8ff9
2022-03-10 16:04:16,06aea71c6333313c6eadc301cd16ad79f97a5878
2022-03-10 16:14:14,9f0813733da4ac5cd75151faa302fb3b2e3b4f4e
2022-03-10 16:19:14,5e348bb59f2bca5040a9215cfb4bc2d4cd3c2e21
2022-03-10 16:29:14,cd9e65c874ad130f7ef3a9e6fc9334207710e9f5
2022-03-10 16:34:14,19d595a32d7319c5d1ec5ac0d0ffa847476a27e6
2022-03-10 16:44:14,7da9c2274d6dbca83afa3e7f973edd4ac260ff99
2022-03-10 16:54:14,35c3743f3a5534d21070a6404a52f569bb316a94
2022-03-10 17:04:14,bfb9a6afe81a4337f337e93fb9afe53d2ea01ebd
2022-03-10 17:14:15,8841fd01e1a7e4f3a1a45750c79391e5e8bcb390
2022-03-10 17:24:14,299888238cd0189f5a4fa24ec543f8256fdb8d65
2022-03-10 17:34:14,032c897f2591872f308a2ff6fef6bff0c50b6fc0
2022-03-10 17:44:14,4b06becb8680a592a0de010d6df6e40269c14d03
2022-03-10 17:54:15,3399d44b9174e9d913e34d3bee977df42241fe4a
2022-03-10 17:59:14,bd1e621271b107e5040ed9d8c0b8f43a8c379ff8
2022-03-10 18:09:14,8e6124bf4e0ef5e57cb19a86516255660f6d4cd9
2022-03-10 18:19:20,b41695d9747b763bd7bf1479bdc491105554818f
2022-03-10 18:29:14,c431d4d5592db3985cfcefd7c5d1b3836865c96f
2022-03-10 18:34:14,bc87d358dba9169e7aeb8205957089d13a8d8ccf
2022-03-10 18:44:14,148a5fecb98a140be6d3ba4b9a547a249a82aa64
2022-03-10 18:54:14,5a43a1e36cc273104962ffce5a56d3339fc79d12
2022-03-10 19:04:14,ab7061dc4625aabb268427e67bf4a0ce405071f1
2022-03-10 19:09:14,7ed9ea14a16e19b1454f872e79a4c016905dec93
2022-03-10 19:19:14,c55f47bb58deac819986412211c04051cb7b9472
2022-03-10 19:29:14,e5a173db0dd58fb326580a0c581b1c486b975e2a
2022-03-10 19:39:14,9878aa39987da703f448f4c8b5f556806f79b833
2022-03-10 19:49:14,256fadc67afde0b437155335fd40ada67b65a5c0
2022-03-10 19:59:14,8d482c1d954b68bbacc2f002c415a614af30f441
2022-03-10 20:09:19,84d13eb05a07d751382f32ffbf950a08c231b2d7
2022-03-10 20:19:21,8cf5e896ccce6af7226bcb80a385a77eb627fe3d
2022-03-10 20:29:19,6f04146dfff43e5eb85e8a7d1a57b37af55f38b1
2022-03-10 20:34:14,060ca99e080e74b7ddecbd342ba4a054d24a994c
2022-03-10 20:44:13,d60246a63ce8fe8b80926822fa30896a28f49e5b
2022-03-10 20:49:21,da44d63d330f4963ebef313825aff8b77e778f44
2022-03-10 20:59:21,9abbd21932bbfaef85fd0ebb2bf8dff843edd780
2022-03-10 21:04:21,5a18f83c277d45cf27903bf9de78e15e6c2f3669
2022-03-10 21:14:23,a24a3be7fa5bf235916eb77f4d0e27e393fb1a79
2022-03-10 21:24:33,a17f5a3cf9b4415abfcc64116b1370ff5c54e454
2022-03-10 21:34:31,2bdba08126f85a3e11d4b22db8112a42dee59488
2022-03-10 21:39:28,0b6a2dff1f20c5213359fd0b8c11739ccff79081
2022-03-10 21:49:34,af62792fe804abc7742a48a15af181ef68ceb7b2
2022-03-10 21:54:33,f15cc0f1fb9c5b2a2f29d3bd31a8e1153c7ecc35
2022-03-10 21:59:35,b0e3763ec3597d03547db296022adfdff596b1db
2022-03-10 22:09:31,ea9e44071af285a2fee98d10693bb460a6638f70
2022-03-10 22:14:32,a6448a7655e9ab2646668c351c2109fc520eae4f
2022-03-10 22:19:42,f1d6eb59eb933006509cda358552153ec4a18e5d
2022-03-10 22:29:41,81aa05988c74060d84e987c718e2b05928978906
2022-03-10 22:34:23,9eb8954596326a2cc1556aea400fcbb8006a1208
2022-03-10 22:44:25,1ff401af0431c6b81ec42c1256045b24b6342aa1
2022-03-10 22:54:35,a822de83d007591736281f1f9982d4195fe180b7
2022-03-10 23:04:30,befc8ab71f6174b088555523ca316beede1206fd
2022-03-10 23:09:32,02f5c84e76d7f1cf80905db08a4ab21480fb058d
2022-03-10 23:14:33,ead609d2d944d22fdf6cac077da18cf8d5723450
2022-03-10 23:24:34,42e22410e7f2678349d6c0c0dac4189c5270effa
2022-03-10 23:29:33,af48c546569c0711a648cc5d2611ff2b794fc5f8
2022-03-10 23:39:36,87fde41ca1b595a7c2d5d9ce359fe7a27cdcaa34
2022-03-10 23:49:33,b2ed17af2cdba02bf32a8fb2edcfa9919ce0960a
2022-03-10 23:54:33,e5bce706a1c4decd5a4831d23c073ea1541b3a9c
2022-03-10 23:59:35,5b3e18c46e689067df47e8e35dc78cb9d86660b0
2022-03-11 00:04:38,0a96d025bb0eba9f6c790e8d46b77436e6a0fdea
2022-03-11 00:14:36,64ab9588ec966384db25abc59988c36c27856f5a
2022-03-11 00:24:39,029e7647e7d07cfd93d8f4249138258e49f466f9
2022-03-11 00:29:32,5a80714b5b681dae68710ff5f31ab056e4746e93
2022-03-11 00:39:38,b1d6bbe3aec426b5671961d092a997a6168e6dd7
2022-03-11 00:49:35,aead08a78abdb84857748b7fad5b488937326637
2022-03-11 00:59:35,0c14ecec6c9388511a764c209a9a87e0ed5457db
2022-03-11 07:04:24,1b1d4336d420aa6e0d19d601649e3fba1582360b
2022-03-11 07:09:36,9289b6f3aa6e674bb96cb852debe8f146a1a822f
2022-03-11 07:19:38,3968dc53884025b7992e1d0c3f2ae9480e8ba572
2022-03-11 07:29:31,a27e2600943c8a590fe58ab7d7f4fb661db45c95
2022-03-11 07:34:38,2180697ce26435e11b1aac5bfbbe5ba369da5111
2022-03-11 07:44:40,72e18c696703a2b7d2da0b4f3bb4ae601e11799d
2022-03-11 07:49:31,9d56bc7031768bdc57f8d02a630a9871a4762991
2022-03-11 07:59:36,bb9e7ec84b369866846a551782be50ab300ea103
2022-03-11 08:09:36,a9399ca6fe198bdc798c2c8110fb956431395eba
2022-03-11 08:15:10,bbba480c2aaf1cb2457b9380133922780d0128d7
2022-03-11 08:25:11,39deb85417286f2f54520418de0d86dd9f2fbf94
2022-03-11 08:30:11,69862eb9563d505761ce4d3442bc80fec357db7e
2022-03-11 08:39:33,77b689e01d3474922521f521c0f3506a252ba0ea
2022-03-11 08:44:25,fe82fcae5023828526375633009987d1820545bf
2022-03-11 08:57:16,ed966f571551952e33981104684b26ee231aefdb
2022-03-11 09:09:43,750b0f19dd7c83717a0599b8544977bad54263c7
2022-03-11 09:19:36,c81ebf65911957ce1d3621b633184b4da8f66518
2022-03-11 09:29:33,acdb2bdb62e52eef597372fa42a9d3afe8c22a61
2022-03-11 09:39:35,5b596438f3baabd07581fd2e0dafbac9f479f3cd
2022-03-11 09:44:18,a7c890a4787f6f63ec1dde166e18778361e9a01a
2022-03-11 09:54:27,bd6881df0909310cec00a85d32dcfe2eab6d5d71
2022-03-11 10:04:27,5f698bda4d5a8d0280e184842be0f07ce3563532
2022-03-11 10:09:40,34229ea42df79915c2a09a5ea90dc33992ce9ded
2022-03-11 10:19:24,8161fc2362f50656117c8f9778b262758da5ba18
2022-03-11 10:29:32,4926255b1702bd717aa4b66c69e544cf6b541d73
2022-03-11 10:39:36,fbe60253629b9dab906ea55310127e7bb87d045a
2022-03-11 10:46:59,c19b3603539a7238b87343d5e70a178fd096e24d
2022-03-11 10:52:56,d412c1f2d7d70dbb4cdcf2e24bb89e09dcd7f675
2022-03-11 11:04:14,1074be62950bcb9d846c51cfc59bbd2bf11ad231
2022-03-11 11:12:37,f0b8a930f8f3a20d0630df276c92ed3b78c2b4d6
2022-03-11 11:19:42,103db59c691b16b1c659c1d55f98cf58058abadf
2022-03-11 11:25:03,0b437da25d5e72a8685591e43d1b9d4b5ce8ebbf
2022-03-11 11:31:25,5b62a852033a7de8ecf34b46eb5aedbd6c30c7df
2022-03-11 11:40:30,786120c4c4dafa763d5895a3d68e517a9c4c25fa
2022-03-11 11:50:13,c7208e4dc2b1570d89565d64ec77f47d8fa2bf9e
2022-03-11 11:57:53,fff428cbbb07f4e133d58a26df0c222ccad18a9a
2022-03-11 12:06:04,3e7ba88140a4183ecec54d2be035b54bfd7b593d
2022-03-11 12:19:15,9599e7abfb01db7482db7df25bdc1fb0eb172682
2022-03-11 12:29:54,8ef49dedfb1bdf5c3cd5d9e76096512a549c19e5
2022-03-11 12:44:39,2226239ca09fe3f0aa578e12dc3adc2d9889461a
2022-03-11 12:54:14,a3e663074304c0ba6de730ed43ab3d91385f66e3
2022-03-11 13:04:23,18dd374e3946fadedc1d8bcf8e6860b37c0409d6
2022-03-11 13:14:14,ab2ec5ef9e4fc08018c3ac6c4ad1d9c8f48ad4f0
2022-03-11 13:24:24,100d56a86cab0f91b1dcbbf472cd719013f0f862
2022-03-11 13:29:32,7ec02104633616332045fab5a694a3c9873f705d
2022-03-11 13:39:14,21986e0f4c23fc7c33d21e4adf1630ba0710fc5c
2022-03-11 13:49:14,b74186bf54e55c909d2724b20626c93d9395bb21
2022-03-11 13:54:14,aea09c8e36c9b5b1ce6f0fa2ddfa4fb26a6749d4
2022-03-11 14:04:23,49d3ed98b6fbf0aa990875158ae37e23f0c0e5cc
2022-03-11 14:14:34,6debc4887dde3b5294a6d59cee7e24b364473d22
2022-03-11 14:24:14,233437fa43276cdc23ec55618593d8ae42182c66
2022-03-11 14:29:14,7aa1c2d17ef75a0fae88f153e018956d7908b59d
2022-03-11 14:39:14,9d941e46ba90559fdbc8551735614f61429043e9
2022-03-11 14:49:15,c56cd8cf3cea50f4748dafe2f1ded00ce8aa13bc
2022-03-11 14:59:14,0b6c4e077502cfd6fdc5b5caa9932e5848f4fe44
2022-03-11 15:09:14,274bebb301a585ce8c68681d10b648a15d7814a9
2022-03-11 15:19:27,6185afca692580bc158c1c15affca07c75edaf43
2022-03-11 15:24:14,b23f567b56f91f9d34b89d2781ee707c148d506e
2022-03-11 15:34:14,c650fefc393df63b2cbc7fecd68b2e13e8db882e
2022-03-11 15:44:14,e383a65799f207fe30917c78b758fbc3d624ee9f
2022-03-11 15:54:15,ac1124984b13eac3ab1b5efe1155155d05c1581e
2022-03-11 16:04:25,2455c8b3df675972b6891b8cafd319ff1430313a
2022-03-11 16:14:25,cd65e3402a7bc1c9d4bca22b2992674dc7b104c7
2022-03-11 16:19:41,a061b7dfaed8009a00724fe7144a5f79b6f137bb
2022-03-11 16:29:14,96670eb8bd8d2645993b0a348a989134211be5e9
2022-03-11 16:39:36,e3b66227a10d7c6814173dbb5a2b1af5517487e0
2022-03-11 16:49:37,d034156758c07df247f3b9560ddf43ea21e1a4fa
2022-03-11 16:54:35,7f3e2b9c75f2d5183482f5c3d5b0ed1fee5056a1
2022-03-11 17:04:14,ba029723f3dc17babfbd1985188cc53be0df76a7
2022-03-11 17:14:14,066913906e5bd883a976e78ebd6e1197c3adee6c
2022-03-11 17:24:14,659956816e68cb44c39e67c8fcb08fcf1edf9dea
2022-03-11 17:34:25,14a13339f1341e960126b9d0e9c387081fc13c07
2022-03-11 17:44:31,f94d61a437ed9266f3d286afa07ba37ff7298e65
2022-03-11 17:49:15,aad9d3859d26bbe26874fdaebb048e18c338ffd6
2022-03-11 17:59:14,8ee70063cbd49d0d1dfe72c256cd91aba15a6b01
2022-03-11 18:09:35,512133f5e540efec30ed671e6076976e68321927
2022-03-11 18:14:35,36f37351b13d041c3ac745e82ed342a7848bef6c
2022-03-11 18:24:36,13b1f657c3e6ea9326c4bc6868afc5278a851fb3
2022-03-11 18:34:14,a46fa82240d6deb47676fd2b978620284844b991
2022-03-11 18:44:13,b8c45c9022327371dd109d999066c8ea36e601e2
2022-03-11 18:54:24,15e86a4275f013c3d6814a30ae59d86c8e554608
2022-03-11 19:04:34,4f71bec143a70ec83bae7fd2758aefc0622dbf18
2022-03-11 19:09:13,8feb5b36e38024324abe2ac0851f4a4ed1a7ba36
2022-03-11 19:19:13,a2ddff9f9451317dc836d28bcaa77cd4e81ee5c5
2022-03-11 19:29:13,61f34445c652654d3e3ea9760cf1c55be80a5c9f
2022-03-11 19:39:33,e61bb11ea1de6fae32acdefed7d5057d21060fef
2022-03-11 19:44:39,ea531e9c984219974b9ea6ed75c385a4fd39de0c
2022-03-11 19:54:14,56836cf8fcfa42d93c38a179a103deaedd054458
2022-03-11 20:04:24,f166742f9a1bdfc4ac755214cbd388aa8400a6b3
2022-03-11 20:14:27,00a68a7c8933dd16694aa66c7a4fd81541de4081
2022-03-11 20:24:34,f6438c5e82e0df01664543cc36b1a04e96549537
2022-03-11 20:29:26,806026d0d5b7a3ae886e03a63fa7ab9b482b205f
2022-03-11 20:39:14,75af72381bbfd08deb9d121c763667e3a6a8063f
2022-03-11 20:49:34,a00b0a0287f91dafa82dc227db44b5f8f91529e8
2022-03-11 20:59:32,80ae3417cc67ffe38b0b428939d3c62e30b84cda
2022-03-11 21:09:32,fbba08783d8fba72683d3ad42ca0bb5dbf8bfccc
2022-03-11 21:19:35,7b9491a7622a6faff288eb563671f7477f4a80d2
2022-03-11 21:24:37,5e44750a34a5e7264ceab288bdc86e80d0610ec8
2022-03-11 21:34:22,62858d71ba0087ffbed097a867d1ba27fe5b290d
2022-03-11 21:44:26,fb71f60348cf6904941575f369009e70d77150e5
2022-03-11 21:54:33,de51271e6ea36aebb6c0075234f2da71c9d8ca87
2022-03-11 21:59:35,78e505294d74f06be39487eaa1e13e3c0ed39c20
2022-03-11 22:09:14,a003392d9718d99d1cf9ee03047266a230a96ed1
2022-03-11 22:14:32,8c108c81905e7e084dd93bd3b5e46857b5f5d2f3
2022-03-11 22:19:33,b829741fc064510214fd3a9b7595115de730a5cf
2022-03-11 22:29:35,9fa70fdb43b16b818fb76ef32a5d9f979db47200
2022-03-11 22:39:32,fa45209366b915b0a4a34415a315ffb6b86ecce9
2022-03-11 22:44:37,1abbd09635dd799769b7bc5276c12744a4328909
2022-03-11 22:54:37,3f9741d3320d0ce84f04aab440bb796fc36adff9
2022-03-11 22:59:41,25097d268efbaa17d0d424bd7eb0f67abe1d10de
2022-03-11 23:09:33,ec53f7d48d30ea0daafd157cda205a2a6c6596c8
2022-03-11 23:14:14,b8e2829dba7494b821fb1b68c9549de756bed0dc
2022-03-11 23:24:20,8cd0910344b138ec627b2a1286ea925671862d40
2022-03-11 23:34:24,031ede7033e570ea6540ec8949983c63dd4e78a5
2022-03-11 23:44:27,842afb9819d07fadc1130dc02fc3175f4850ab35
2022-03-11 23:54:38,272fa279c9aafe6174e27622d7f54a8241b48399
2022-03-11 23:59:37,fff2ca17bd8247418eb89b7b098d4e0437426891
2022-03-12 00:09:35,40095b67708a81b6f2810b0ed415f17414e24435
2022-03-12 00:19:38,949e827437bbe44acff2c2149403be7a9923b9bd
2022-03-12 00:29:32,d754b5f3e417f2579700ef128baccc01f9a37a38
2022-03-12 00:34:37,9e2e85ab89185a34385dd46c6f2cfed4748c3f20
2022-03-12 00:44:14,bb249881dedbe54ab1539e6fbaa5a61071097df3
2022-03-12 00:54:25,b6a64a7c899cf625255a763c922e23c84cc95dc1
2022-03-12 00:59:40,7db9de6530dbb710fd34fe2640484bd74b52e8e0
2022-03-12 01:09:33,b2fab05cca0f007ce6130e1c7a6fdd4999032cf7
2022-03-12 01:19:35,665b6be1622f08d54caf101bf0c3e1948cb4790d
2022-03-12 01:24:34,09d859209608c929f1ca5451a3c61aa5fa4def97
2022-03-12 01:34:34,4b2af033b5771bee217d7a40654ac11b40eb8eb3
2022-03-12 01:44:33,70568763ff62fdc2b4199bc2b433fd53618b5376
2022-03-12 01:54:14,af78ec04824beceee71f30308b3e4ab0fcc1a023
2022-03-12 02:04:20,2ed9c774ab00f6cb1f8dde621a5bbabb24c89fad
2022-03-12 02:14:25,4aec972b0346e1c4096a4a75df91885646a8115a
2022-03-12 02:24:38,4b097309455ea0563816ba012b632e4b2eae3d61
2022-03-12 02:29:14,839f43e21e8c5209f41336b2aa6072fa1329b4d9
2022-03-12 02:39:29,5af2eba1d9e7382c961124235351d1f7ef4ce87a
2022-03-12 02:49:37,f4fff9d94b70d2dff53fa957ddf0fcae465483e9
2022-03-12 02:59:34,1f19ae77a7ca9a16d04d4e47d6309c504ff4a5c4
2022-03-12 03:04:15,f1b5cb2264ae18c05e36a53c0db83cbd1264c1f4
2022-03-12 03:14:32,7990920213652aa494027255d76a21b9b0453316
2022-03-12 03:24:26,c326cb175cd685ae5134c23cf2902b046f59b74c
2022-03-12 03:29:14,84dee587bb0bce783bad0802516e452356ac690e
2022-03-12 03:39:14,817a5f86b83610ecac144fc71ae83fd6d9ad03d8
2022-03-12 03:49:30,4af5a7b0d52d3b3418eb0fdf169c25e29aaa0d7d
2022-03-12 03:59:33,19e34da8302e1c59a2607d872d9a5438693d9f3e
2022-03-12 04:09:38,d50b95be9e3c9a324688bb2143a5651b00056a4d
2022-03-12 04:14:15,279f15642713e376b54f38d59bf584e2aace37a5
2022-03-12 04:19:42,13fa2df17fc8a6403c1f7d32ce99357d33ababa0
2022-03-12 04:30:31,cf80236ca27ff4b22d95487d3c7173c3ad1677c8
2022-03-12 04:39:47,f37c04716c60ca7f5931a7e8efe86500d5b3e44c
2022-03-12 04:44:34,692013bbc9dbbcf98a4bd8917aaf1b8de40c7552
2022-03-12 04:54:38,0e266f9bb1fb85ca6e5954310944448c6162ac12
2022-03-12 04:59:26,a86fd2b54d1ae5f1aa5d856ff288cf92a1b86391
2022-03-12 05:09:34,44807f693545c97d717be8af87ba97e26c13bfcb
2022-03-12 05:14:33,1bf05de9d13d9d28cf27e8e4b2f69d899408c0e2
2022-03-12 05:19:37,ea68b51481759db8b1b68faf4be0b07fba17392f
2022-03-12 05:29:40,101fcabae270ee5e264384b91790d5b6a8b568a5
2022-03-12 05:34:14,8604a501daecb3323579af4a086473ec8a57e8ec
2022-03-12 05:44:14,4eda7ca96b1ac7d1372afd820c079af39cad7a41
2022-03-12 05:54:24,1069d042a5a0f0d6fa6f1c1d169e10a8ca9717cf
2022-03-12 06:04:27,34da8b02f65fdf7730d6de6f3a29416545830f4b
2022-03-12 06:14:36,f7c0f2d1bdd4e56d217cbc817aacf8d9a472e4d9
2022-03-12 06:24:41,6fb2334639e6b97638db4687069bf55c7335f7bf
2022-03-12 06:29:32,07f37b2945c3a9622f2ac7c05a4552125ca98bd5
2022-03-12 06:34:33,10f50d8907b45e214b44511e30d0e7743fe345e8
2022-03-12 06:39:36,10192afcff8929cd9a1d76992c5d61da7237c988
2022-03-12 06:49:37,3b6ffb5d8e59e29229bcce054cd6f289e0f0aa32
2022-03-12 06:54:15,1dacbee07732c8f290ece0b9deb032750111a5db
2022-03-12 07:04:25,82d990270fada1a4abbc2d51c7fc667a5f028648
2022-03-12 07:14:26,742e859104b0c60649f8ee00c91b8e86cbef0d6c
2022-03-12 07:24:35,c03a2f95c55a7879da6367c5e22290ea74f0ad3b
2022-03-12 07:34:34,a16b6be0b6cd8cb532f89e1c0129fdc5eb26f1e4
2022-03-12 07:39:35,6786144db2db9d4705b5a4638fe38bff78cd1e8b
2022-03-12 07:49:33,dd73efbbe7a0f013dcc89fb02e3932ada9dab8a7
2022-03-12 07:59:35,ac97705ea96b9a42f70cdb9e74ca70fd2a5f992b
2022-03-12 08:09:38,508a4e4ca687fb52b0a266635096edd7eb312bcc
2022-03-12 08:19:34,cf70e5784d0575fdac5159b68ecfb950efeaea42
2022-03-12 08:24:29,cddb612788fd1c7bee83aa7d3f22a0e7c7e11d81
2022-03-12 08:29:33,931472820172526eee13f477dfafc312bd40019f
2022-03-12 08:39:35,b49186d63a323561ec67bf28833b74f55ff0db57
2022-03-12 08:44:34,feac30637d6a66eb97092b68b61e69f8b4774181
2022-03-12 08:54:33,834858015624ded0e1886beba592971235fd45dd
2022-03-12 09:04:45,f74e8a5f314a8d29d4cd29803b3fde2918518a75
2022-03-12 09:14:37,36a454dfa89917e0288fe26904bdf5ce53410ec9
2022-03-12 09:24:41,4f8d8a66ece8f6053a3ff08b29ab5c2a3e78dd04
2022-03-12 09:34:23,f35eb4093abf3ef36b06cd030ac67dd1d8b31671
2022-03-12 09:44:34,93a2cd7a2ac0ca03877a671cde580b0197aa4780
2022-03-12 09:54:41,1abe722bce494a11fd36d0342e39e926b5ad8b33
2022-03-12 10:04:15,97d2c4241d8e0ecd1f36067efc63b158c4d39338
2022-03-12 10:14:14,3655239ce42b503de9aeb2edd8a258b632f3aa53
2022-03-12 10:24:14,23028d9fbc02ab28ba81c0c8fbdf2d08cb32c9c2
2022-03-12 10:34:13,197897d193954a0b1b1dfbe412cb80ac0a375d9b
2022-03-12 10:44:14,62478547d131d40b09a69f5044578098ece274e5
2022-03-12 10:54:13,752f6e6370baa0096851425639eeca3d05495f7f
2022-03-12 11:04:14,5bcd6c3bb1f80931ccf798147e5b71a66ff04e10
2022-03-12 11:09:14,584d84ffe97730303c6c9293fbd46006c209be90
2022-03-12 11:19:14,2e55455cc74cf14b5b63ff385b8674cd93d7d07c
2022-03-12 11:29:14,2ed1c5569b08c3be1da27ecb2fd7fbfb80497b2e
2022-03-12 11:39:14,1bf51df783f06cea7dd555c62e83bd9271327e2f
2022-03-12 11:49:14,831c180af911f9164d9a4bc0ca305b3317ba60b6
2022-03-12 11:54:14,9667930df30c394c2825aec19fbeb24914e518ae
2022-03-12 12:04:14,99cac296fb0555cd9faa081e756e9c6119b783ca
2022-03-12 12:09:14,c238ac5c05d25485b668a1f8c414347c269b9eb1
2022-03-12 12:19:14,f2f6726cbfaa0b85d08528e55fc8610672092980
2022-03-12 12:24:14,81f1ded198b78b95b9314ffdcc1f920231009074
2022-03-12 12:34:14,572b8eca4d3fef0eea43c243c4f1f7a44bed0871
2022-03-12 12:44:14,837f81c7ed90b321a9c2ff7c2e3d679fb3b1fb75
2022-03-12 12:49:13,5dc6eeea5832a0ebb25829fd90436a97a5c9ff6c
2022-03-12 12:59:14,e5eedb125d69d07337a4090e47f1a8472541523a
2022-03-12 13:04:14,3759f8122f0361d5d351fbdeb2ad50884f482b3e
2022-03-12 13:14:14,5decdaeee3a08c466780a7fe26f24c49d06329b6
2022-03-12 13:19:14,c7b13e949d90821ce064e3d55b2421167ba57187
2022-03-12 13:29:14,1b3fa87bb43bb110a271387cf8cc4508b9626f25
2022-03-12 13:39:14,68a59b802bc41ad93b17606940747ecbcb6093a5
2022-03-12 13:49:14,36d16da7200252141bdd62c73dd8b25a6095205a
2022-03-12 13:54:14,ffd2c290931afbee30895e06231ed69ca567001e
2022-03-12 14:04:14,cc0bb3e39c5a90a7228c61c13b5db16203b25119
2022-03-12 14:09:14,39f92695939749c16a242b10a2d22b82464647e8
2022-03-12 14:19:14,c92aed5bc3951ee2591d9e673fc0730d4a448abc
2022-03-12 14:29:14,7659042fba524f493907e6943451eb6559b004c9
2022-03-12 14:39:14,f3f43fe51100d7b5b0b852a4e7b509bcff428a0c
2022-03-12 14:49:13,acc05bfd3f7124e5d3e9026e97daddc161fb5e83
2022-03-12 14:54:13,5feba6ee629a47d6c3fc5b0dbba8842bb81a4cb0
2022-03-12 15:04:13,931bedddb98a0ce72796bcab6a972cfaa8afdeb5
2022-03-12 15:14:13,656bca859f111ae8b0919fe9af59fccdf4165171
2022-03-12 15:24:13,fc1a258a946b7174a623107b9d052d5755caaea2
2022-03-12 15:34:13,f3cc0452d9e6e07a400423f0ebb7a07f8a8fc750
2022-03-12 15:39:13,e6b066037effc1eeb9e40f2b7e09927eb54fdce3
2022-03-12 15:44:13,ccacaa051b90470c19bc97dfb90710e2283588ee
2022-03-12 15:54:13,086d1b6cef9e5851a1d8bf6b70ac94e7ec95878d
2022-03-12 15:59:13,714653f31bee5c95ac89d530dc833c207be6dee2
2022-03-12 16:09:14,f3a2761795ba4b46d3e0d148b13529855e437536
2022-03-12 16:14:13,75e0de94a722db11b0f571e56a9fccd0d372b3e9
2022-03-12 16:19:13,8ec05e32e8004ee1b13f9b4202a6e696cb9c803a
2022-03-12 16:29:13,c7f11f379c1cffdafec206479efa2498a1d56ef1
2022-03-12 16:34:15,1a7a3461bbb5a44dfd6e420a06b74df77cc32e0d
2022-03-12 16:44:14,3504af307fb35135adeeca6b5561a78fe5cc1467
2022-03-12 16:54:13,704f690764a4f5dc93adafe91ed09b0184b420a5
2022-03-12 17:04:13,9b81b0902c9565cf3736010ffe7516deda84d51c
2022-03-12 17:09:13,dc6e47f5fd33f06b94f0ece2a77ca049a86f6298
2022-03-12 17:19:13,88c6bf2d95137774044db177ae0fa746f5079452
2022-03-12 17:29:13,90cad86bd2a053b2010c7bb7a8fdf5bcfa013493
2022-03-12 17:39:13,429aa9e4490167496383256787a2ac260e6acb2d
2022-03-12 17:49:13,f0362f2ad3502ff84cc86c270f4a9928b4f6a4ed
2022-03-12 17:59:13,ba53c66fa9d9b653fc92d73356e6b0a8a6e9c0b7
2022-03-12 18:04:13,23c82036c940e1fa17aa9af27675ed24a0bddfa7
2022-03-12 18:14:13,8c48f5134a5f30c2940b1f9fe7dff5b47ef77c51
2022-03-12 18:24:13,839ba97421c276555e10dfe10bd1fc10ac0b402d
2022-03-12 18:34:13,c4efec8c6ce46f7bee08a3cc4b80859fb52f5fba
2022-03-12 18:39:13,2ec333ed0cc5526ef5503017ea181056b80158e5
2022-03-12 18:49:13,29c3e61de895d0d46b6f263ba9b300e1c7db6cee
2022-03-12 18:59:13,d6f0a2507003bbe1f21ce7965f3756523371440a
2022-03-12 19:09:14,96a01eb640ed8568e32ac57f9ae6f8ed2df4c102
2022-03-12 19:14:13,ad03d39b1eebfed8e9d9fe6207430a3ca7722325
2022-03-12 19:24:13,ead080f4f9a32f8f0e22e1efed293b76595e5551
2022-03-12 19:34:14,cb56b9f79812accb97ae44c91fa0a5f1b7a26eb9
2022-03-12 19:44:14,4d4c39c219ff46974fc2e94e5ed9551c7f2ca00f
2022-03-12 19:54:13,bf9a3f84a5f57f57c7ced3981fd115ed87a8f411
2022-03-12 19:59:14,4178ed9f8ee36a4706690c1359cfca348ef60429
2022-03-12 20:04:15,5956334a0a0c2a4a3eeeb2c00f26450735bd1c7e
2022-03-12 20:14:24,6bb6bd68fc31009ee50b13907090098618a3b53c
2022-03-12 20:24:14,6bebc8957f38b1b0d0bebad7f875eff82d69c5ab
2022-03-12 20:34:14,098bf6695c9390c994c9c5108a3ae7e036782df3
2022-03-12 20:44:15,66f6df56b995fc19216725cea442bc3859244fec
2022-03-12 20:54:13,3b8e270247e8fccee4526254a6fa2d2aadbebff4
2022-03-12 21:04:27,39948b82aefced290047943cc52ed81b41a31e48
2022-03-12 21:14:14,8f7a3c124aa71c15552648db79111e87500740fa
2022-03-12 21:24:32,4841ff48e8996e82d946d6ccc1071465a375d7d4
2022-03-12 21:34:21,e71cefaa1405837f1591cc14c59295219113cd26
2022-03-12 21:39:14,494f3f1a90e177c3f54eb80f4a3695bfd0424784
2022-03-12 21:44:30,1c146b129053e2f4985a7733a6cc4f316612892a
2022-03-12 21:54:29,86f59885c66e130b61739f1362dfee33486b4b91
2022-03-12 21:59:24,43899a65c2850dc80768d64752a73702151b7c93
2022-03-12 22:09:27,1c7c640b41da1da8ae942de8628e17f0f696d48a
2022-03-12 22:14:16,5b2301e4b930be80900852bf16389efeef8ecd2d
2022-03-12 22:24:15,e8dc640e35123f0b8aec266c8810e19a7503f368
2022-03-12 22:29:19,854dd40696490f2c17c7cdb2608349f382baf85f
2022-03-12 22:39:17,29422c1e8a1a590b6336ce8e8abbee6e8658acc7
2022-03-12 22:49:27,224df0ed1f9f66204b0e01ea2e44359cdd5bd601
2022-03-12 22:54:23,52e473ac875b3afbbbaf86e6cc8d3399c96cd2d6
2022-03-12 23:04:25,33133626a49874e40f307c1e07b0bf59092d05cb
2022-03-12 23:14:14,fce4f27ddfbc6e558dd257c9dc72b95a3badbc88
2022-03-12 23:24:17,fad5c5f72006d583b36310961e8ede4abb952251
2022-03-12 23:34:33,135f1fbdbebab5188c53b6e61abf13d05299eb92
2022-03-12 23:44:14,52959bf208b9f90c0dddf0438f2f691d8c86b212
2022-03-12 23:54:15,bbe060658d5b579cab2ff9c539171d1639eff26e
2022-03-13 00:04:19,1551b653e8baa787101e6d65d2d3d769373677d1
2022-03-13 00:14:22,99843832b5f769b212d92c1c6373be75c1169508
2022-03-13 00:24:19,c60f8fe17980b2b779499f4aefcf0471bd13860f
2022-03-13 00:34:24,c72d377828729da515b029a8b1e35a6c929f57b5
2022-03-13 00:44:14,5d85752d4302b19c7aaa4b3653baf77fad07d22c
2022-03-13 00:54:24,6465b2ee16d7c323c503f2a188285ac8ca1d10b8
2022-03-13 00:59:14,69a32bc51e7d1c92ba5fac7338b7869a0acbdba7
2022-03-13 01:09:14,9f450853e6458fa7ac5fbe464d2e92f17ef79ebc
2022-03-13 01:19:14,3e949654f6edf17df8225d1bbdcc84dd195e8e5a
2022-03-13 01:29:13,998090411fe350ce42f8b7a6cad1a0df8e652a0a
2022-03-13 01:39:13,636e45409c3802cea7a0dff71bdf69e2f6f703d0
2022-03-13 01:49:31,833a9d289563a7f4f1f2c539059f34ec6bdd98b5
2022-03-13 01:54:13,bd2440b1c4705711ce67b524d2fb4972b470690a
2022-03-13 02:04:13,f2fd422fe384c91d1ead14e30a5819c47dc1bc54
2022-03-13 02:14:14,d465ba715cc0bb090984777b27690db02f430306
2022-03-13 02:24:32,af98f1dacbfad0a8c8039eee89d542e32faf71ed
2022-03-13 02:34:22,ef57d35b37006931ec81a388faa91b274f85b9be
2022-03-13 02:39:13,c1dfaceb123e93a500e8f3dfcc431b7db32d3fad
2022-03-13 02:49:14,5fa322eb93cb5f49fc69f7687487dabb75e2ed39
2022-03-13 02:54:25,a4b32f1e1b209fe6b71771c2d28abfffd0907926
2022-03-13 03:04:27,bebee1c047f1597bce8d5f8cde90a4e16c2c2096
2022-03-13 03:14:33,df097029d3fd3ac46aa3a8a020c8740e7799177b
2022-03-13 03:24:14,4c19b409a7f79b978635cb730fbb5190b7175d18
2022-03-13 03:34:22,73541159909bf1be32ca6d2e9ba0792996b35364
2022-03-13 03:39:13,8e473b2e3f578596d8283910d0ad93a4e91d8b1d
2022-03-13 03:44:22,5430938cbd7a7bb8f2ba82698792be132017e17a
2022-03-13 03:54:15,56e73625207f5c0a24619396d911aa190fea4e0c
2022-03-13 04:04:16,312e86e15ccebba7767a19393d56e7ccab4d7ab3
2022-03-13 04:14:22,932fd04eb2bca2eda20e2b9ecf001cbd93d93400
2022-03-13 04:24:24,213ea682c7cbfd375954573ae7f02abbb04efccc
2022-03-13 04:29:14,813d8f8da94aa37d13f4ba4531f2236c6cfbc20b
2022-03-13 04:34:17,44b2a263889e906c8d1ad27792f0396b569eab5d
2022-03-13 04:44:31,ad32e6b7944748d45b0d841c15759cbf73361d70
2022-03-13 04:54:32,13675d88e2b27d31a168dfc9ef68ffa2838cb3ae
2022-03-13 05:04:38,6632e0141592fcf631fa2339164435ac263a7b29
2022-03-13 05:09:30,b078a36e4d2a1d341167d3e50d623de02c0bd0f0
2022-03-13 05:19:27,60a41858ef46c8d291b3b1b52dd65c8904e16d93
2022-03-13 05:24:24,ad590a3922a0c2158bf0381b820e9ab3faf423ea
2022-03-13 05:34:16,9daee01c2107d12a8b431dd7098f3d467c9bf6b7
2022-03-13 05:44:14,d9a15da7472b05716d0004f3a7652258884f8367
2022-03-13 05:54:28,87b46981bf89dd58cb6ede1ca4fbfacc6a40d293
2022-03-13 05:59:31,699fbde6af144961e5d16e07485e4fa4c5886330
2022-03-13 06:09:14,9792430721cfb2e8822a97a7fc4c30e05fa6b778
2022-03-13 06:14:25,988ba25226fdf93ad1fd0fd617cabfbca279708b
2022-03-13 06:24:13,bed0f8bd6491182263ffb43dd6d82ddf088d23fa
2022-03-13 06:34:14,05fbfb0bcea7047b28628ea3a2c9764396afe228
2022-03-13 06:44:19,1bcdc0eb50c9ad6a6347a31f2b155374925fb1ee
2022-03-13 06:54:31,810e9a4fdf7eb8e451bf9c2ba1181bf55ff18760
2022-03-13 07:04:22,b5cd64444d990f0cf935a69c845c2bf24c879175
2022-03-13 07:09:14,435a91370be6e52ad902c33f6beda5a72fa4c9b5
2022-03-13 07:14:18,c4f40d156d328a3ae0b4139663bd5de8eaf8a9ab
2022-03-13 07:24:30,1112e6a156da43344d549223bb1be85c7ed937fd
2022-03-13 07:34:27,7c0de4b8a7fb5116d01ff4b6f50e1d7feaad3f22
2022-03-13 07:44:18,0bbf0553b2a40fd6df2d7222136a59f92175b825
2022-03-13 07:49:29,72400c5c9e1a42db4fd77fe5ae7852d60246787d
2022-03-13 07:59:14,fca78b1e50d8c24ffd6e48e72daa18abfbf070aa
2022-03-13 08:09:32,cc31db26ff6da90b40f05aebd4b8389b7365e61b
2022-03-13 08:14:14,e549ec6464124d154517bfe30b0caff14f523eee
2022-03-13 08:24:14,abbc0510ef1a121b54bd65e15291d6680f60d28e
2022-03-13 08:34:14,0ac10181bc9b657c16a1a6ae1301c8e5eb57a509
2022-03-13 08:39:28,02ac4083b2887ab36efd36713100a0f93dd170b5
2022-03-13 08:44:39,bcdfe072934e3151bdde0321331cadf79331096b
2022-03-13 08:59:35,d821f39199820f06e2f2e6265979d72a8c14a50f
2022-03-13 09:04:14,c1139a9eac6494cdb665eae5c73a54d2e154fee4
2022-03-13 09:14:22,6317a9161a5f4d3cad10fb23dc7dc9425c0629f1
2022-03-13 09:24:14,4f2cf4d6317174cb5123fc69eed5f28b50ffba4d
2022-03-13 09:34:24,586799fb64937eb433be090cc9f15427117f7e2c
2022-03-13 09:44:33,64661706a097f1892e9a620e15ac3a8a1b892143
2022-03-13 09:54:23,3409e1e189880173b705c614a044465329268840
2022-03-13 09:59:14,2a4118d22504139498fdd1616d46e56e69f0ce03
2022-03-13 10:09:15,a419c4ac0a1c12c7e404d4013df409bc51d706af
2022-03-13 10:14:23,222d593f800e3239832431ff076d853cfaa26049
2022-03-13 10:19:29,e574be382ea88cdafd621f9587efd5ac1223c144
2022-03-13 10:24:34,630525a6cc421fde464abb33b19c2d44f94e8b8f
2022-03-13 10:34:23,fc77d9b9a940a3cdfa1ff3f6c000406768130e28
2022-03-13 10:39:14,b22d259ed4a9d12558053769b10d9bf834b52cb0
2022-03-13 10:44:30,0215bd7409bbed8c4cbc748e3bde39347a0c9b71
2022-03-13 10:54:25,4306d72afaa79a8e033b92a8e8dd19b3f9a82ec4
2022-03-13 11:04:14,5b0d8da99b063e76300a31c03c76bb6264aaeb7b
2022-03-13 11:09:36,8f8fce6181ae5f742ff29a6999a0f46bff489e89
2022-03-13 11:14:43,8a13221d9c9dea61d531723364ca42d9b8c4b8e9
2022-03-13 11:24:29,84000612820b48c46089f2f9743df1b747ac870c
2022-03-13 11:34:14,6f268a2d6dfa39702a89e49f999280742cb9a685
2022-03-13 11:44:14,4e73b77ccfdb095fdc1151751187809f14552a16
2022-03-13 11:54:14,64d0e24510d351209c52e86483b557b249564d41
2022-03-13 12:04:13,38830ade870b2650a3b714bbe67b7a64ef78db64
2022-03-13 12:14:13,fbfe72b676e9adf183661d076074503882c9b648
2022-03-13 12:24:13,d358c3f386b66cbfd4825020bc40047eeb6a9768
2022-03-13 12:34:13,b4ed07381b165569c986a74d24e2d8587a6c0691
2022-03-13 12:39:22,6714c563b16af54a9750cb7d479b298c80a8f2b9
2022-03-13 12:44:24,9882ab7777fe7fd66b2aa2908b8b899dbf4d814b
2022-03-13 12:54:27,5e75c3581166d705d02ec90fe5bd90097c1f6659
2022-03-13 12:59:13,363de5257aa1f5f1b35563b185cf1f7c963e8663
2022-03-13 13:09:32,bd9c102750e57a2b93eb4493cafbed3ae1ef02aa
2022-03-13 13:19:16,40098f31cb3afb8d8bceeb5270ca49b329a56ca8
2022-03-13 13:24:24,453ce4816a7f2bce7fd57ad4cd02574a380bf08b
2022-03-13 13:34:13,f9ad6e6b0d61ce2d4f5cb9a6d7f7ea408eb68347
2022-03-13 13:44:23,d0a123ddb348733af678aeb1bc25b3b4a56c9684
2022-03-13 13:54:22,689e6b03fbd2dc5abeaab371d47131ac34d25469
2022-03-13 14:04:21,b46dee6826110b3aad04a9752e3aba933b1fa50a
2022-03-13 14:14:26,4c615179a308a53db7213b13cd307fcc76701558
2022-03-13 14:19:13,b1241122c2695227c9824ec7a6937934a414e9ec
2022-03-13 14:24:25,2dce13ba387a7f236d8178f2e6136b8fb036c149
2022-03-13 14:34:22,390c0704079088cfd57097dac0db9bf18bcc74bc
2022-03-13 14:39:25,91cfb5e091f6e86556092edd52df308f1d466fe7
2022-03-13 14:49:27,fc4ffbf03ae3e12893ac218e16714293c9550720
2022-03-13 14:59:13,d1c036de327d8ed913b3d8f1168b2023da526050
2022-03-13 15:04:21,00c1d090b952e00f8b68afe0270aebdccc8df2d5
2022-03-13 15:09:26,ebf0b7c977622e5a40ba6960e75be9920100fcc8
2022-03-13 15:14:29,1479e4f1b5d69a2c75a39f525bbf4a79c70a23f4
2022-03-13 15:24:29,77ba4f9c35ae8b617665c648008862beb452f455
2022-03-13 15:29:25,82a43fc3bc256e94db5825d1dfa6b0732c26ddc0
2022-03-13 15:39:23,54b509cd6e199e144a16810eab194931d247d0be
2022-03-13 15:44:13,8372c5d1b43dd9d3c1e8483e0935456667e9be37
2022-03-13 15:49:14,444c1ddb311a7dff7c474f04bb48e23409b10c1d
2022-03-13 15:59:13,18b590801fa2fb4d1530ea9f01c84d02ef8ba66e
2022-03-13 16:04:23,5228626a85c0e45e89625e83ba6613117df7c9f5
2022-03-13 16:09:33,main
