step,Konstanz SW mean,Konstanz SW max,Konstanz SW min,Konstanz SW 3s max,Konstanz GEFS-c00 mean,Konstanz GEFS-c00 max,Konstanz GEFS-p01 mean,Konstanz GEFS-p01 max,Konstanz GEFS-p02 mean,Konstanz GEFS-p02 max,Konstanz GEFS-p03 mean,Konstanz GEFS-p03 max,Konstanz GEFS-p04 mean,Konstanz GEFS-p04 max,Konstanz GFS mean,Konstanz GFS max,Konstanz ICON-EU mean,Konstanz ICON-EU max,Konstanz ICON-D2 mean,Konstanz ICON-D2 max,Konstanz MOSMIX mean,Konstanz MOSMIX max,Konstanz SW mean se,Konstanz SW max se,Konstanz SW min se,Konstanz SW 3s max se
0,0.97,2.61,0.36,1.01,1.13,4.79,1.25,5.09,1.22,5.20,1.20,5.49,1.18,5.00,1.26,6.17,1.09,4.64,1.28,4.04,1.15,4.33,0.05,0.12,0.01,0.05
1,0.96,2.61,0.36,1.01,1.13,4.79,1.26,5.10,1.22,5.20,1.20,5.50,1.18,5.00,1.26,6.18,1.09,4.67,1.28,4.05,1.15,4.34,0.04,0.12,0.01,0.05
2,0.96,2.60,0.36,1.01,1.13,4.79,1.26,5.11,1.22,5.21,1.21,5.51,1.19,5.01,1.26,6.18,1.09,4.67,1.29,4.06,1.15,4.34,0.04,0.12,0.01,0.05
3,0.96,2.59,0.36,1.01,1.13,4.80,1.27,5.13,1.22,5.21,1.21,5.51,1.19,5.02,1.26,6.18,1.10,4.68,1.29,4.06,1.15,4.33,0.04,0.12,0.01,0.05
4,0.96,2.60,0.36,1.01,1.13,4.81,1.28,5.15,1.23,5.22,1.22,5.53,1.19,5.04,1.27,6.19,1.10,4.69,1.29,4.07,1.15,4.34,0.04,0.12,0.01,0.05
5,0.96,2.61,0.36,1.01,1.14,4.82,1.28,5.17,1.23,5.23,1.22,5.54,1.20,5.05,1.27,6.20,1.10,4.71,1.30,4.09,1.15,4.33,0.04,0.13,0.01,0.05
6,0.97,2.63,0.36,1.02,1.14,4.82,1.29,5.16,1.24,5.22,1.22,5.54,1.20,5.05,1.27,6.19,1.10,4.70,1.30,4.10,1.15,4.34,0.05,0.13,0.01,0.05
7,0.96,2.61,0.36,1.02,1.14,4.82,1.29,5.17,1.23,5.22,1.22,5.54,1.20,5.05,1.27,6.19,1.10,4.71,1.31,4.10,1.15,4.34,0.04,0.13,0.01,0.05
8,0.96,2.61,0.36,1.01,1.14,4.84,1.30,5.19,1.24,5.24,1.23,5.56,1.20,5.08,1.27,6.21,1.11,4.73,1.31,4.12,1.15,4.33,0.04,0.13,0.01,0.05
9,0.97,2.62,0.36,1.02,1.15,4.86,1.31,5.21,1.25,5.25,1.24,5.57,1.21,5.10,1.28,6.22,1.11,4.72,1.32,4.13,1.16,4.35,0.05,0.13,0.01,0.05
10,0.97,2.62,0.36,1.02,1.15,4.85,1.31,5.20,1.25,5.24,1.24,5.55,1.21,5.09,1.28,6.19,1.10,4.71,1.32,4.12,1.15,4.35,0.04,0.13,0.01,0.05
11,0.97,2.63,0.36,1.02,1.15,4.86,1.31,5.21,1.25,5.25,1.24,5.56,1.21,5.10,1.27,6.20,1.10,4.70,1.32,4.14,1.15,4.34,0.05,0.13,0.01,0.05
12,0.98,2.65,0.36,1.03,1.15,4.87,1.31,5.22,1.26,5.26,1.24,5.55,1.21,5.11,1.28,6.19,1.10,4.68,1.33,4.16,1.16,4.35,0.05,0.13,0.01,0.05
13,0.97,2.64,0.36,1.03,1.15,4.87,1.31,5.23,1.26,5.27,1.24,5.55,1.21,5.11,1.27,6.19,1.10,4.68,1.33,4.18,1.16,4.35,0.05,0.13,0.01,0.05
14,0.97,2.64,0.37,1.02,1.16,4.89,1.32,5.24,1.27,5.28,1.25,5.55,1.21,5.13,1.28,6.19,1.10,4.67,1.34,4.20,1.16,4.34,0.05,0.13,0.01,0.05
15,0.97,2.64,0.36,1.03,1.16,4.90,1.32,5.25,1.27,5.28,1.25,5.55,1.21,5.13,1.27,6.19,1.10,4.65,1.34,4.22,1.16,4.34,0.05,0.13,0.01,0.05
16,0.97,2.65,0.36,1.03,1.16,4.90,1.32,5.25,1.27,5.29,1.25,5.54,1.21,5.13,1.27,6.17,1.10,4.64,1.35,4.24,1.16,4.35,0.05,0.13,0.01,0.05
17,0.98,2.67,0.37,1.03,1.17,4.91,1.32,5.27,1.28,5.30,1.25,5.54,1.21,5.14,1.27,6.17,1.10,4.62,1.35,4.25,1.16,4.35,0.05,0.13,0.01,0.05
18,0.99,2.69,0.37,1.04,1.17,4.92,1.33,5.28,1.29,5.32,1.26,5.55,1.22,5.16,1.28,6.16,1.10,4.62,1.35,4.28,1.17,4.37,0.05,0.13,0.01,0.05
19,0.98,2.66,0.36,1.03,1.17,4.92,1.33,5.28,1.29,5.31,1.26,5.54,1.22,5.15,1.28,6.14,1.10,4.61,1.35,4.30,1.16,4.37,0.05,0.13,0.01,0.05
20,0.98,2.65,0.36,1.03,1.18,4.93,1.33,5.29,1.29,5.32,1.27,5.53,1.22,5.16,1.27,6.14,1.10,4.59,1.36,4.32,1.16,4.36,0.05,0.13,0.01,0.05
21,0.98,2.66,0.36,1.03,1.18,4.95,1.33,5.31,1.29,5.34,1.27,5.55,1.22,5.18,1.28,6.15,1.10,4.58,1.36,4.35,1.17,4.37,0.05,0.13,0.01,0.05
22,0.98,2.65,0.36,1.03,1.18,4.95,1.33,5.32,1.29,5.34,1.28,5.54,1.22,5.20,1.28,6.15,1.10,4.57,1.36,4.36,1.17,4.37,0.05,0.13,0.01,0.05
23,0.98,2.65,0.36,1.03,1.18,4.95,1.33,5.32,1.29,5.34,1.28,5.54,1.22,5.20,1.27,6.14,1.10,4.55,1.36,4.36,1.16,4.36,0.05,0.13,0.01,0.05
24,0.98,2.66,0.37,1.03,1.18,4.94,1.33,5.33,1.29,5.34,1.28,5.53,1.23,5.22,1.27,6.13,1.11,4.54,1.36,4.38,1.17,4.37,0.05,0.13,0.01,0.05
25,0.98,2.66,0.36,1.03,1.19,4.95,1.33,5.35,1.30,5.35,1.29,5.54,1.23,5.23,1.27,6.14,1.11,4.53,1.36,4.39,1.17,4.38,0.05,0.13,0.01,0.05
26,0.97,2.65,0.36,1.03,1.19,4.96,1.33,5.35,1.30,5.35,1.29,5.53,1.23,5.25,1.27,6.14,1.11,4.52,1.36,4.39,1.17,4.37,0.05,0.13,0.01,0.05
27,0.98,2.64,0.36,1.03,1.19,4.96,1.33,5.36,1.30,5.36,1.29,5.52,1.24,5.26,1.28,6.15,1.11,4.52,1.36,4.40,1.17,4.37,0.05,0.13,0.01,0.05
28,0.98,2.65,0.36,1.03,1.19,4.97,1.33,5.37,1.30,5.37,1.29,5.53,1.24,5.29,1.28,6.15,1.11,4.52,1.36,4.41,1.17,4.38,0.05,0.13,0.01,0.05
29,0.99,2.68,0.37,1.04,1.20,4.98,1.34,5.40,1.31,5.39,1.30,5.54,1.25,5.31,1.28,6.16,1.12,4.51,1.36,4.42,1.17,4.40,0.05,0.14,0.01,0.05
30,0.99,2.68,0.37,1.04,1.20,4.98,1.34,5.39,1.31,5.39,1.30,5.53,1.25,5.30,1.28,6.15,1.12,4.52,1.36,4.41,1.17,4.40,0.05,0.14,0.01,0.05
31,0.99,2.69,0.37,1.04,1.20,4.98,1.34,5.39,1.32,5.40,1.30,5.53,1.24,5.31,1.28,6.16,1.12,4.51,1.36,4.42,1.17,4.40,0.05,0.14,0.01,0.05
32,0.99,2.69,0.37,1.04,1.20,4.99,1.34,5.41,1.32,5.42,1.31,5.53,1.25,5.32,1.29,6.16,1.12,4.51,1.36,4.42,1.18,4.41,0.05,0.14,0.01,0.05
33,0.99,2.70,0.37,1.05,1.20,4.99,1.33,5.40,1.32,5.42,1.31,5.53,1.25,5.33,1.29,6.16,1.11,4.51,1.36,4.41,1.18,4.41,0.05,0.14,0.01,0.05
34,1.00,2.70,0.37,1.05,1.20,4.99,1.33,5.41,1.33,5.43,1.31,5.53,1.25,5.35,1.29,6.16,1.11,4.51,1.36,4.40,1.18,4.41,0.05,0.14,0.01,0.05
35,1.00,2.72,0.37,1.05,1.20,4.99,1.33,5.42,1.33,5.44,1.31,5.52,1.25,5.36,1.29,6.17,1.11,4.51,1.36,4.39,1.17,4.41,0.05,0.14,0.01,0.05
36,1.00,2.72,0.37,1.05,1.20,4.99,1.32,5.42,1.33,5.45,1.32,5.51,1.25,5.37,1.30,6.17,1.11,4.52,1.37,4.37,1.18,4.41,0.05,0.14,0.01,0.05
37,0.99,2.71,0.37,1.05,1.20,5.00,1.32,5.42,1.33,5.46,1.31,5.51,1.25,5.38,1.30,6.19,1.11,4.52,1.37,4.36,1.18,4.42,0.05,0.14,0.01,0.05
38,0.99,2.70,0.36,1.04,1.20,4.99,1.31,5.42,1.33,5.46,1.31,5.50,1.25,5.38,1.30,6.19,1.12,4.52,1.38,4.35,1.17,4.41,0.05,0.13,0.01,0.05
39,0.99,2.69,0.37,1.04,1.20,4.99,1.31,5.41,1.33,5.46,1.31,5.49,1.25,5.38,1.30,6.20,1.12,4.54,1.38,4.36,1.17,4.41,0.05,0.13,0.01,0.05
40,0.99,2.70,0.36,1.04,1.20,5.00,1.31,5.42,1.33,5.47,1.31,5.48,1.25,5.38,1.30,6.21,1.12,4.54,1.38,4.37,1.17,4.41,0.05,0.13,0.01,0.05
41,0.99,2.71,0.37,1.05,1.20,5.00,1.30,5.41,1.33,5.48,1.31,5.48,1.25,5.39,1.30,6.22,1.12,4.54,1.39,4.38,1.17,4.41,0.05,0.13,0.01,0.05
42,0.99,2.71,0.37,1.04,1.20,5.00,1.30,5.42,1.33,5.50,1.31,5.48,1.25,5.40,1.30,6.23,1.12,4.55,1.39,4.39,1.18,4.42,0.05,0.13,0.01,0.05
43,0.99,2.71,0.36,1.04,1.20,5.02,1.30,5.44,1.34,5.51,1.31,5.49,1.25,5.42,1.30,6.26,1.12,4.55,1.40,4.40,1.18,4.43,0.05,0.13,0.01,0.05
44,0.99,2.70,0.37,1.04,1.20,5.03,1.30,5.45,1.34,5.52,1.32,5.49,1.25,5.43,1.31,6.27,1.12,4.55,1.40,4.40,1.18,4.43,0.05,0.13,0.01,0.05
45,0.99,2.69,0.37,1.04,1.20,5.02,1.30,5.45,1.34,5.52,1.32,5.49,1.26,5.43,1.31,6.28,1.12,4.55,1.41,4.39,1.18,4.42,0.05,0.13,0.01,0.05
46,0.99,2.70,0.37,1.05,1.21,5.03,1.31,5.47,1.34,5.53,1.33,5.50,1.27,5.45,1.32,6.29,1.12,4.54,1.42,4.39,1.19,4.42,0.05,0.13,0.01,0.05
47,1.00,2.72,0.37,1.05,1.21,5.05,1.31,5.48,1.34,5.55,1.34,5.51,1.27,5.47,1.32,6.31,1.12,4.54,1.42,4.40,1.19,4.43,0.05,0.13,0.01,0.05
48,1.00,2.71,0.37,1.05,1.21,5.05,1.31,5.48,1.34,5.55,1.34,5.51,1.27,5.47,1.31,6.31,1.12,4.55,1.42,4.40,1.19,4.43,0.05,0.13,0.01,0.05
49,1.00,2.72,0.37,1.05,1.21,5.05,1.31,5.49,1.34,5.54,1.34,5.52,1.27,5.48,1.31,6.32,1.12,4.54,1.42,4.40,1.18,4.43,0.05,0.13,0.01,0.05
50,1.00,2.72,0.37,1.05,1.21,5.06,1.31,5.50,1.34,5.55,1.34,5.53,1.27,5.49,1.31,6.33,1.12,4.55,1.41,4.39,1.18,4.44,0.05,0.13,0.01,0.05
51,1.00,2.73,0.37,1.05,1.21,5.06,1.31,5.50,1.34,5.55,1.35,5.53,1.28,5.50,1.32,6.35,1.12,4.55,1.42,4.39,1.19,4.44,0.05,0.13,0.01,0.05
52,1.00,2.73,0.37,1.06,1.21,5.06,1.31,5.50,1.34,5.55,1.35,5.52,1.28,5.50,1.32,6.35,1.12,4.55,1.41,4.39,1.19,4.44,0.05,0.13,0.01,0.05
53,1.01,2.75,0.37,1.06,1.22,5.08,1.31,5.52,1.34,5.56,1.35,5.54,1.29,5.53,1.33,6.38,1.12,4.55,1.42,4.41,1.19,4.45,0.05,0.13,0.01,0.05
54,1.00,2.73,0.37,1.06,1.21,5.06,1.31,5.50,1.34,5.54,1.35,5.53,1.28,5.52,1.32,6.37,1.12,4.56,1.41,4.39,1.19,4.44,0.05,0.13,0.01,0.05
55,1.00,2.72,0.37,1.05,1.22,5.05,1.31,5.49,1.34,5.52,1.35,5.52,1.29,5.52,1.33,6.38,1.12,4.57,1.42,4.40,1.19,4.44,0.05,0.13,0.01,0.05
56,1.00,2.73,0.37,1.05,1.22,5.07,1.31,5.50,1.34,5.53,1.35,5.52,1.29,5.53,1.33,6.39,1.12,4.58,1.42,4.41,1.19,4.45,0.05,0.13,0.01,0.05
57,1.00,2.73,0.37,1.06,1.22,5.06,1.31,5.49,1.34,5.52,1.36,5.51,1.29,5.53,1.33,6.38,1.12,4.58,1.42,4.40,1.19,4.45,0.05,0.13,0.01,0.05
58,1.01,2.74,0.37,1.06,1.22,5.06,1.31,5.48,1.34,5.52,1.36,5.51,1.30,5.54,1.34,6.39,1.13,4.59,1.42,4.40,1.20,4.47,0.05,0.13,0.01,0.05
59,1.01,2.75,0.37,1.06,1.23,5.08,1.31,5.49,1.35,5.53,1.36,5.52,1.30,5.56,1.34,6.41,1.13,4.59,1.42,4.41,1.20,4.47,0.05,0.13,0.01,0.05
60,1.00,2.74,0.37,1.06,1.23,5.07,1.30,5.48,1.35,5.52,1.36,5.51,1.30,5.56,1.34,6.40,1.13,4.59,1.42,4.38,1.20,4.48,0.05,0.13,0.01,0.05
61,1.00,2.72,0.37,1.06,1.23,5.06,1.30,5.45,1.34,5.49,1.36,5.48,1.31,5.55,1.34,6.37,1.13,4.60,1.42,4.34,1.20,4.47,0.05,0.13,0.01,0.05
62,1.00,2.72,0.37,1.06,1.23,5.06,1.30,5.46,1.34,5.49,1.36,5.49,1.31,5.56,1.34,6.38,1.13,4.61,1.42,4.33,1.20,4.47,0.05,0.13,0.01,0.05
63,1.00,2.72,0.37,1.06,1.23,5.08,1.30,5.46,1.35,5.49,1.36,5.49,1.31,5.57,1.34,6.39,1.13,4.62,1.42,4.33,1.20,4.48,0.05,0.13,0.01,0.05
64,1.00,2.75,0.37,1.06,1.23,5.11,1.30,5.48,1.35,5.52,1.36,5.51,1.31,5.59,1.34,6.41,1.13,4.63,1.42,4.34,1.20,4.48,0.05,0.13,0.01,0.05
65,1.01,2.74,0.37,1.06,1.23,5.09,1.30,5.48,1.35,5.50,1.37,5.49,1.32,5.58,1.34,6.40,1.14,4.64,1.42,4.32,1.20,4.49,0.05,0.13,0.01,0.05
66,1.00,2.74,0.37,1.06,1.23,5.10,1.30,5.48,1.35,5.49,1.37,5.49,1.32,5.58,1.34,6.40,1.14,4.64,1.42,4.32,1.20,4.49,0.05,0.13,0.01,0.05
67,1.00,2.74,0.37,1.06,1.24,5.10,1.30,5.47,1.35,5.49,1.37,5.49,1.33,5.59,1.34,6.39,1.14,4.65,1.43,4.33,1.19,4.48,0.05,0.13,0.01,0.05
68,1.00,2.74,0.37,1.06,1.24,5.11,1.30,5.48,1.35,5.49,1.37,5.49,1.33,5.60,1.34,6.39,1.14,4.65,1.43,4.33,1.20,4.47,0.05,0.13,0.01,0.05
69,1.00,2.73,0.37,1.06,1.23,5.10,1.30,5.47,1.35,5.47,1.36,5.48,1.33,5.59,1.33,6.37,1.14,4.65,1.42,4.32,1.19,4.47,0.05,0.13,0.01,0.05
70,1.00,2.74,0.37,1.06,1.24,5.12,1.30,5.48,1.35,5.48,1.37,5.49,1.33,5.60,1.33,6.38,1.14,4.65,1.42,4.33,1.19,4.47,0.04,0.13,0.01,0.05
71,1.01,2.75,0.37,1.06,1.24,5.13,1.30,5.50,1.35,5.49,1.37,5.51,1.34,5.63,1.34,6.38,1.14,4.65,1.43,4.35,1.20,4.48,0.05,0.13,0.01,0.05
72,1.00,2.73,0.37,1.06,1.24,5.13,1.30,5.48,1.35,5.48,1.37,5.49,1.34,5.62,1.33,6.35,1.15,4.65,1.43,4.34,1.20,4.48,0.04,0.13,0.01,0.05
73,1.00,2.74,0.37,1.06,1.24,5.15,1.30,5.50,1.35,5.50,1.37,5.51,1.35,5.65,1.34,6.37,1.14,4.66,1.43,4.36,1.20,4.48,0.04,0.13,0.01,0.05
74,1.00,2.73,0.37,1.06,1.25,5.15,1.30,5.50,1.35,5.49,1.37,5.51,1.35,5.66,1.33,6.35,1.15,4.66,1.43,4.35,1.20,4.48,0.04,0.13,0.01,0.05
75,1.00,2.73,0.37,1.06,1.25,5.15,1.30,5.49,1.35,5.48,1.38,5.51,1.36,5.67,1.33,6.32,1.15,4.67,1.43,4.35,1.20,4.49,0.04,0.13,0.01,0.05
76,1.00,2.73,0.37,1.06,1.26,5.17,1.31,5.51,1.36,5.49,1.38,5.52,1.37,5.68,1.33,6.31,1.15,4.67,1.43,4.36,1.20,4.49,0.04,0.13,0.01,0.05
77,1.01,2.73,0.37,1.06,1.26,5.18,1.31,5.52,1.36,5.50,1.38,5.53,1.37,5.71,1.33,6.31,1.15,4.67,1.43,4.36,1.20,4.50,0.04,0.13,0.01,0.05
78,1.01,2.74,0.37,1.06,1.26,5.19,1.31,5.53,1.36,5.51,1.39,5.54,1.38,5.71,1.33,6.30,1.14,4.67,1.43,4.36,1.21,4.51,0.04,0.13,0.01,0.05
79,1.00,2.73,0.37,1.06,1.26,5.20,1.31,5.53,1.36,5.52,1.39,5.53,1.38,5.71,1.33,6.30,1.14,4.65,1.43,4.36,1.20,4.50,0.04,0.12,0.01,0.05
80,1.01,2.74,0.37,1.06,1.27,5.21,1.31,5.54,1.37,5.54,1.39,5.54,1.38,5.72,1.33,6.31,1.14,4.65,1.43,4.36,1.20,4.51,0.04,0.12,0.01,0.05
81,1.01,2.75,0.37,1.07,1.25,5.15,1.32,5.55,1.36,5.53,1.38,5.53,1.35,5.63,1.33,6.28,1.14,4.66,1.43,4.36,1.21,4.51,0.04,0.12,0.01,0.05
82,1.02,2.76,0.37,1.07,1.26,5.16,1.32,5.56,1.37,5.56,1.39,5.53,1.36,5.64,1.33,6.29,1.14,4.68,1.43,4.37,1.21,4.52,0.04,0.13,0.01,0.05
83,1.02,2.76,0.37,1.08,1.25,5.16,1.32,5.56,1.37,5.56,1.38,5.52,1.36,5.63,1.33,6.27,1.14,4.68,1.43,4.36,1.21,4.52,0.04,0.12,0.01,0.05
84,1.02,2.77,0.37,1.08,1.26,5.17,1.32,5.57,1.37,5.59,1.38,5.53,1.36,5.64,1.33,6.28,1.14,4.70,1.43,4.35,1.21,4.53,0.04,0.13,0.01,0.05
85,1.01,2.76,0.37,1.07,1.26,5.17,1.32,5.57,1.37,5.59,1.38,5.52,1.36,5.63,1.33,6.27,1.14,4.71,1.43,4.35,1.21,4.53,0.04,0.12,0.01,0.05
86,1.02,2.76,0.37,1.08,1.26,5.16,1.33,5.58,1.37,5.60,1.38,5.51,1.36,5.63,1.33,6.27,1.14,4.71,1.43,4.34,1.21,4.53,0.04,0.12,0.01,0.05
87,1.02,2.76,0.37,1.08,1.25,5.16,1.33,5.59,1.37,5.61,1.38,5.51,1.36,5.63,1.33,6.27,1.15,4.73,1.43,4.34,1.21,4.53,0.04,0.12,0.01,0.05
88,1.02,2.76,0.37,1.07,1.26,5.17,1.33,5.61,1.38,5.64,1.38,5.51,1.37,5.63,1.33,6.28,1.15,4.75,1.43,4.33,1.21,4.54,0.04,0.12,0.01,0.05
89,1.01,2.75,0.37,1.07,1.25,5.16,1.33,5.61,1.38,5.66,1.37,5.51,1.36,5.62,1.33,6.28,1.15,4.76,1.43,4.33,1.21,4.54,0.04,0.12,0.01,0.05
90,1.01,2.75,0.37,1.07,1.26,5.17,1.34,5.64,1.38,5.68,1.37,5.51,1.37,5.63,1.34,6.29,1.15,4.78,1.43,4.33,1.22,4.55,0.04,0.12,0.01,0.05
91,1.01,2.75,0.37,1.07,1.25,5.17,1.34,5.65,1.38,5.71,1.37,5.51,1.37,5.62,1.34,6.30,1.16,4.79,1.43,4.34,1.21,4.56,0.04,0.13,0.01,0.05
92,1.01,2.75,0.37,1.07,1.25,5.16,1.34,5.66,1.39,5.73,1.37,5.50,1.37,5.61,1.34,6.30,1.16,4.81,1.43,4.34,1.22,4.56,0.04,0.13,0.01,0.05
93,1.01,2.75,0.37,1.07,1.25,5.16,1.34,5.67,1.39,5.74,1.37,5.50,1.37,5.62,1.34,6.30,1.16,4.83,1.43,4.35,1.22,4.57,0.04,0.13,0.01,0.05
94,1.01,2.76,0.37,1.07,1.26,5.17,1.35,5.70,1.39,5.76,1.37,5.52,1.38,5.62,1.35,6.32,1.17,4.84,1.43,4.37,1.22,4.58,0.05,0.13,0.01,0.05
95,1.01,2.75,0.37,1.07,1.25,5.16,1.35,5.70,1.39,5.76,1.37,5.50,1.38,5.60,1.35,6.31,1.17,4.85,1.43,4.38,1.22,4.58,0.05,0.13,0.01,0.05
96,1.01,2.75,0.37,1.07,1.25,5.17,1.35,5.71,1.39,5.78,1.36,5.51,1.38,5.61,1.35,6.32,1.17,4.86,1.43,4.40,1.22,4.59,0.05,0.13,0.01,0.05
97,1.02,2.76,0.37,1.07,1.26,5.16,1.36,5.71,1.40,5.78,1.36,5.50,1.38,5.59,1.36,6.31,1.17,4.86,1.44,4.42,1.23,4.59,0.05,0.13,0.01,0.05
98,1.02,2.77,0.37,1.08,1.26,5.17,1.36,5.73,1.40,5.80,1.36,5.51,1.38,5.60,1.36,6.32,1.17,4.87,1.44,4.44,1.23,4.60,0.05,0.13,0.01,0.05
99,1.02,2.77,0.37,1.08,1.26,5.17,1.37,5.73,1.40,5.80,1.36,5.51,1.38,5.59,1.37,6.32,1.17,4.87,1.44,4.45,1.23,4.61,0.05,0.13,0.01,0.05
100,1.03,2.79,0.38,1.09,1.26,5.16,1.37,5.74,1.40,5.81,1.37,5.51,1.38,5.59,1.37,6.32,1.17,4.86,1.44,4.46,1.23,4.61,0.05,0.13,0.01,0.05
101,1.03,2.81,0.38,1.10,1.26,5.16,1.37,5.74,1.40,5.81,1.36,5.52,1.38,5.58,1.37,6.31,1.17,4.86,1.44,4.48,1.23,4.62,0.05,0.13,0.01,0.05
102,1.04,2.81,0.38,1.10,1.26,5.17,1.38,5.75,1.40,5.81,1.37,5.52,1.38,5.58,1.37,6.32,1.17,4.87,1.45,4.49,1.23,4.62,0.05,0.13,0.01,0.05
103,1.03,2.81,0.38,1.10,1.26,5.17,1.38,5.74,1.40,5.81,1.37,5.51,1.38,5.57,1.37,6.31,1.18,4.86,1.45,4.50,1.24,4.63,0.05,0.14,0.01,0.05
104,1.03,2.81,0.38,1.10,1.26,5.17,1.38,5.76,1.40,5.82,1.36,5.52,1.39,5.58,1.37,6.32,1.18,4.86,1.45,4.51,1.24,4.63,0.05,0.14,0.01,0.05
105,1.04,2.81,0.38,1.10,1.27,5.18,1.39,5.76,1.41,5.81,1.37,5.52,1.39,5.58,1.37,6.33,1.18,4.84,1.45,4.51,1.24,4.64,0.05,0.14,0.01,0.05
106,1.04,2.83,0.38,1.10,1.27,5.17,1.39,5.77,1.41,5.80,1.36,5.52,1.39,5.57,1.38,6.33,1.18,4.83,1.45,4.52,1.24,4.64,0.05,0.14,0.01,0.05
107,1.04,2.83,0.38,1.11,1.27,5.18,1.40,5.77,1.41,5.81,1.36,5.53,1.39,5.56,1.38,6.34,1.18,4.81,1.45,4.52,1.24,4.65,0.05,0.14,0.01,0.05
108,1.04,2.83,0.38,1.11,1.27,5.19,1.40,5.78,1.41,5.81,1.36,5.53,1.39,5.56,1.38,6.36,1.18,4.80,1.45,4.51,1.24,4.65,0.05,0.14,0.01,0.05
109,1.05,2.83,0.38,1.11,1.27,5.19,1.41,5.80,1.41,5.81,1.36,5.53,1.39,5.56,1.38,6.37,1.18,4.78,1.45,4.51,1.24,4.65,0.05,0.14,0.01,0.05
110,1.05,2.84,0.38,1.11,1.27,5.19,1.41,5.80,1.41,5.81,1.37,5.54,1.40,5.56,1.39,6.37,1.18,4.76,1.46,4.51,1.24,4.65,0.05,0.14,0.01,0.05
111,1.05,2.85,0.38,1.12,1.28,5.19,1.42,5.80,1.42,5.80,1.37,5.54,1.40,5.56,1.39,6.38,1.19,4.76,1.46,4.52,1.25,4.67,0.05,0.14,0.01,0.05
112,1.06,2.86,0.38,1.12,1.28,5.20,1.42,5.81,1.42,5.80,1.37,5.54,1.40,5.55,1.39,6.39,1.19,4.74,1.46,4.51,1.25,4.66,0.05,0.14,0.01,0.05
113,1.06,2.85,0.38,1.12,1.28,5.18,1.42,5.79,1.41,5.78,1.36,5.52,1.39,5.54,1.39,6.37,1.19,4.73,1.47,4.49,1.24,4.65,0.05,0.14,0.01,0.05
114,1.05,2.84,0.38,1.12,1.27,5.18,1.42,5.79,1.41,5.77,1.36,5.52,1.39,5.52,1.39,6.37,1.18,4.71,1.46,4.48,1.24,4.65,0.05,0.14,0.01,0.05
115,1.05,2.84,0.38,1.11,1.27,5.17,1.42,5.78,1.41,5.76,1.36,5.51,1.39,5.51,1.39,6.37,1.18,4.70,1.47,4.47,1.24,4.64,0.05,0.14,0.01,0.05
116,1.05,2.85,0.38,1.12,1.28,5.17,1.42,5.79,1.41,5.76,1.36,5.52,1.39,5.52,1.40,6.38,1.19,4.70,1.47,4.47,1.24,4.65,0.05,0.14,0.01,0.05
117,1.06,2.86,0.39,1.12,1.28,5.17,1.43,5.79,1.42,5.75,1.36,5.52,1.39,5.52,1.40,6.38,1.19,4.69,1.47,4.46,1.25,4.64,0.05,0.14,0.01,0.05
118,1.06,2.88,0.39,1.13,1.28,5.17,1.43,5.79,1.42,5.74,1.36,5.52,1.39,5.52,1.41,6.39,1.19,4.70,1.48,4.46,1.25,4.65,0.05,0.14,0.01,0.05
119,1.07,2.88,0.39,1.13,1.28,5.17,1.43,5.78,1.42,5.73,1.36,5.52,1.39,5.52,1.40,6.39,1.19,4.68,1.48,4.45,1.25,4.65,0.05,0.14,0.01,0.05
120,1.06,2.88,0.39,1.13,1.28,5.18,1.43,5.78,1.41,5.73,1.36,5.52,1.39,5.52,1.40,6.39,1.19,4.68,1.47,4.44,1.25,4.65,0.05,0.14,0.01,0.05
121,1.06,2.87,0.39,1.13,1.28,5.18,1.43,5.77,1.42,5.72,1.36,5.53,1.39,5.53,1.41,6.39,1.18,4.66,1.47,4.43,1.25,4.65,0.05,0.14,0.01,0.05
122,1.06,2.87,0.39,1.13,1.28,5.18,1.43,5.78,1.42,5.72,1.37,5.54,1.39,5.54,1.41,6.39,1.18,4.67,1.47,4.43,1.25,4.66,0.05,0.14,0.01,0.05
123,1.06,2.87,0.39,1.13,1.29,5.19,1.44,5.78,1.42,5.73,1.37,5.55,1.40,5.54,1.41,6.40,1.19,4.67,1.48,4.44,1.25,4.66,0.05,0.14,0.01,0.05
124,1.06,2.86,0.38,1.12,1.28,5.17,1.43,5.76,1.42,5.71,1.37,5.54,1.39,5.53,1.41,6.38,1.18,4.66,1.47,4.43,1.25,4.65,0.05,0.14,0.01,0.05
125,1.05,2.86,0.38,1.12,1.28,5.17,1.43,5.75,1.42,5.70,1.37,5.54,1.39,5.53,1.41,6.37,1.18,4.66,1.47,4.44,1.25,4.65,0.05,0.14,0.01,0.05
126,1.05,2.84,0.38,1.12,1.28,5.17,1.43,5.75,1.42,5.70,1.37,5.55,1.39,5.53,1.41,6.37,1.18,4.66,1.47,4.45,1.24,4.65,0.05,0.14,0.01,0.05
127,1.05,2.85,0.38,1.12,1.29,5.17,1.44,5.75,1.42,5.70,1.37,5.56,1.39,5.54,1.41,6.37,1.18,4.65,1.47,4.46,1.25,4.65,0.05,0.14,0.01,0.05
128,1.05,2.85,0.38,1.12,1.29,5.18,1.44,5.75,1.42,5.70,1.38,5.57,1.39,5.55,1.41,6.39,1.18,4.66,1.47,4.46,1.25,4.65,0.05,0.14,0.01,0.05
129,1.06,2.85,0.38,1.12,1.29,5.18,1.45,5.76,1.43,5.71,1.38,5.58,1.39,5.55,1.42,6.40,1.18,4.66,1.47,4.47,1.25,4.66,0.05,0.14,0.01,0.05
130,1.06,2.86,0.38,1.12,1.30,5.18,1.45,5.77,1.43,5.71,1.38,5.59,1.40,5.56,1.42,6.40,1.18,4.66,1.48,4.47,1.25,4.66,0.05,0.14,0.01,0.05
131,1.05,2.85,0.38,1.12,1.30,5.19,1.45,5.77,1.43,5.71,1.38,5.60,1.39,5.57,1.42,6.40,1.18,4.66,1.47,4.47,1.25,4.65,0.05,0.14,0.01,0.05
132,1.05,2.85,0.38,1.12,1.30,5.19,1.46,5.78,1.43,5.72,1.39,5.61,1.40,5.57,1.42,6.40,1.18,4.67,1.48,4.45,1.25,4.66,0.05,0.14,0.01,0.05
133,1.05,2.84,0.38,1.12,1.30,5.18,1.46,5.77,1.43,5.72,1.39,5.61,1.40,5.59,1.41,6.40,1.18,4.66,1.48,4.45,1.25,4.65,0.05,0.14,0.01,0.05
134,1.05,2.84,0.38,1.12,1.30,5.18,1.46,5.78,1.44,5.72,1.39,5.61,1.40,5.60,1.41,6.41,1.18,4.64,1.48,4.45,1.25,4.65,0.05,0.14,0.01,0.05
135,1.06,2.85,0.39,1.12,1.30,5.18,1.46,5.78,1.44,5.73,1.39,5.62,1.40,5.60,1.41,6.42,1.18,4.64,1.49,4.46,1.25,4.64,0.05,0.14,0.01,0.05
136,1.06,2.85,0.39,1.12,1.30,5.18,1.46,5.78,1.44,5.74,1.39,5.63,1.40,5.62,1.41,6.41,1.18,4.62,1.50,4.48,1.25,4.64,0.05,0.14,0.01,0.05
137,1.07,2.88,0.39,1.13,1.30,5.19,1.46,5.79,1.45,5.76,1.40,5.64,1.41,5.64,1.41,6.42,1.17,4.62,1.51,4.51,1.25,4.64,0.05,0.14,0.02,0.05
138,1.06,2.86,0.39,1.13,1.30,5.18,1.46,5.78,1.44,5.76,1.40,5.65,1.40,5.64,1.41,6.42,1.17,4.60,1.53,4.54,1.25,4.64,0.05,0.14,0.01,0.05
139,1.06,2.86,0.38,1.12,1.30,5.19,1.46,5.79,1.45,5.77,1.40,5.66,1.40,5.66,1.41,6.42,1.17,4.61,1.55,4.58,1.25,4.65,0.05,0.14,0.01,0.05
140,1.06,2.86,0.39,1.12,1.31,5.19,1.46,5.78,1.45,5.77,1.41,5.68,1.41,5.67,1.41,6.43,1.17,4.61,1.59,4.64,1.25,4.65,0.05,0.14,0.02,0.05
141,1.06,2.85,0.38,1.13,1.30,5.19,1.46,5.78,1.45,5.77,1.41,5.69,1.41,5.69,1.41,6.43,1.17,4.61,1.64,4.63,1.25,4.65,0.05,0.14,0.01,0.05
142,1.06,2.86,0.39,1.13,1.31,5.20,1.46,5.79,1.45,5.78,1.42,5.71,1.41,5.70,1.41,6.43,1.17,4.60,1.68,4.61,1.25,4.65,0.05,0.14,0.02,0.05
143,1.06,2.85,0.39,1.12,1.31,5.21,1.46,5.79,1.45,5.79,1.42,5.73,1.42,5.72,1.41,6.44,1.17,4.58,1.77,4.59,1.25,4.66,0.05,0.14,0.02,0.05
144,1.05,2.84,0.38,1.12,1.31,5.21,1.46,5.80,1.46,5.79,1.42,5.74,1.42,5.73,1.42,6.44,1.18,4.58,1.86,4.51,1.25,4.66,0.05,0.14,0.02,0.05
145,1.05,2.84,0.39,1.12,1.31,5.23,1.46,5.81,1.46,5.79,1.43,5.77,1.42,5.75,1.42,6.45,1.18,4.57,1.91,4.54,1.25,4.66,0.05,0.14,0.02,0.05
146,1.05,2.85,0.39,1.12,1.31,5.23,1.46,5.81,1.46,5.80,1.43,5.78,1.43,5.76,1.42,6.46,1.19,4.55,1.98,4.61,1.25,4.67,0.05,0.15,0.02,0.05
147,1.05,2.85,0.39,1.12,1.32,5.24,1.46,5.81,1.46,5.80,1.43,5.80,1.43,5.78,1.42,6.47,1.20,4.53,2.09,4.70,1.25,4.67,0.05,0.14,0.02,0.05
148,1.06,2.85,0.39,1.12,1.32,5.25,1.46,5.82,1.46,5.80,1.44,5.82,1.44,5.80,1.42,6.48,1.20,4.50,2.12,4.76,1.26,4.67,0.05,0.15,0.02,0.05
149,1.06,2.85,0.39,1.12,1.32,5.25,1.46,5.82,1.46,5.80,1.44,5.84,1.44,5.81,1.43,6.49,1.21,4.47,2.16,4.81,1.26,4.67,0.05,0.15,0.02,0.06
150,1.06,2.85,0.39,1.12,1.32,5.26,1.46,5.84,1.46,5.81,1.44,5.85,1.44,5.83,1.43,6.51,1.21,4.46,2.18,4.85,1.26,4.68,0.05,0.15,0.02,0.06
151,1.05,2.85,0.39,1.13,1.32,5.26,1.46,5.85,1.46,5.79,1.44,5.86,1.44,5.83,1.43,6.51,1.21,4.43,2.19,4.85,1.26,4.67,0.05,0.15,0.02,0.06
152,1.06,2.86,0.39,1.13,1.32,5.27,1.46,5.86,1.46,5.80,1.45,5.88,1.44,5.85,1.43,6.53,1.21,4.43,2.20,4.83,1.26,4.67,0.05,0.15,0.02,0.06
153,1.06,2.87,0.39,1.13,1.32,5.27,1.47,5.87,1.46,5.80,1.45,5.88,1.45,5.87,1.43,6.52,1.21,4.43,2.19,4.75,1.26,4.67,0.05,0.15,0.02,0.06
154,1.06,2.87,0.39,1.13,1.32,5.28,1.47,5.88,1.46,5.79,1.45,5.90,1.45,5.87,1.43,6.53,1.22,4.43,2.17,4.62,1.26,4.67,0.05,0.15,0.02,0.06
155,1.06,2.87,0.39,1.13,1.31,5.28,1.47,5.89,1.46,5.80,1.46,5.91,1.45,5.88,1.43,6.52,1.22,4.41,2.14,4.57,1.26,4.67,0.05,0.15,0.02,0.06
156,1.06,2.86,0.39,1.13,1.32,5.29,1.47,5.91,1.47,5.80,1.46,5.92,1.45,5.90,1.44,6.54,1.23,4.43,2.11,4.49,1.26,4.67,0.05,0.15,0.02,0.06
157,1.06,2.86,0.39,1.13,1.32,5.28,1.47,5.91,1.46,5.78,1.47,5.93,1.45,5.90,1.44,6.53,1.24,4.43,2.08,4.43,1.26,4.66,0.05,0.15,0.02,0.06
158,1.06,2.86,0.39,1.13,1.32,5.30,1.48,5.92,1.47,5.79,1.47,5.94,1.45,5.91,1.45,6.54,1.25,4.44,2.05,4.33,1.26,4.66,0.05,0.15,0.02,0.06
159,1.06,2.84,0.39,1.13,1.32,5.29,1.47,5.91,1.47,5.77,1.47,5.93,1.45,5.91,1.45,6.53,1.25,4.48,2.03,4.29,1.26,4.65,0.05,0.15,0.02,0.06
160,1.06,2.85,0.39,1.13,1.32,5.29,1.47,5.91,1.46,5.77,1.47,5.95,1.46,5.94,1.45,6.53,1.26,4.55,2.06,4.28,1.26,4.65,0.05,0.15,0.02,0.06
161,1.06,2.85,0.39,1.13,1.32,5.31,1.48,5.93,1.47,5.78,1.48,5.98,1.47,5.97,1.45,6.55,1.26,4.59,2.03,4.25,1.26,4.66,0.05,0.15,0.02,0.06
162,1.06,2.84,0.39,1.12,1.32,5.31,1.47,5.92,1.47,5.77,1.49,5.98,1.47,5.98,1.45,6.54,1.26,4.66,2.01,4.21,1.26,4.66,0.05,0.15,0.02,0.06
163,1.05,2.85,0.39,1.12,1.32,5.31,1.47,5.93,1.47,5.77,1.49,6.00,1.47,6.00,1.45,6.54,1.26,4.70,1.98,4.18,1.26,4.66,0.05,0.15,0.02,0.06
164,1.06,2.85,0.39,1.12,1.32,5.32,1.48,5.94,1.47,5.77,1.50,6.01,1.47,6.01,1.46,6.54,1.27,4.75,1.95,4.10,1.27,4.67,0.05,0.15,0.02,0.06
165,1.06,2.85,0.39,1.13,1.33,5.32,1.48,5.94,1.47,5.76,1.50,6.02,1.47,6.02,1.46,6.54,1.26,4.80,1.91,4.06,1.27,4.67,0.05,0.15,0.02,0.06
166,1.06,2.86,0.39,1.13,1.33,5.32,1.48,5.94,1.47,5.76,1.51,6.02,1.48,6.03,1.46,6.54,1.25,4.83,1.88,4.00,1.27,4.67,0.05,0.15,0.02,0.06
167,1.06,2.85,0.39,1.13,1.33,5.33,1.48,5.94,1.47,5.76,1.51,6.04,1.48,6.05,1.47,6.56,1.24,4.87,1.87,4.06,1.27,4.66,0.05,0.15,0.02,0.06
168,1.06,2.86,0.39,1.13,1.33,5.34,1.48,5.95,1.47,5.77,1.52,6.06,1.48,6.07,1.47,6.58,1.24,4.92,1.85,4.12,1.27,4.67,0.05,0.15,0.02,0.06
169,1.06,2.86,0.39,1.13,1.33,5.35,1.48,5.95,1.47,5.77,1.53,6.07,1.48,6.08,1.48,6.58,1.23,4.94,1.84,4.20,1.27,4.66,0.05,0.15,0.02,0.06
170,1.07,2.87,0.39,1.13,1.33,5.36,1.48,5.96,1.47,5.78,1.53,6.08,1.48,6.09,1.48,6.60,1.22,4.98,1.85,4.31,1.27,4.66,0.05,0.15,0.02,0.06
171,1.07,2.89,0.39,1.14,1.34,5.38,1.49,5.98,1.47,5.79,1.54,6.11,1.49,6.11,1.49,6.64,1.21,5.02,1.83,4.36,1.27,4.67,0.05,0.15,0.02,0.06
172,1.07,2.90,0.39,1.14,1.34,5.39,1.49,6.00,1.48,5.80,1.55,6.13,1.49,6.12,1.50,6.66,1.20,5.03,1.83,4.45,1.27,4.68,0.06,0.15,0.02,0.06
173,1.07,2.90,0.39,1.14,1.34,5.41,1.50,6.03,1.48,5.82,1.55,6.15,1.50,6.15,1.50,6.69,1.20,5.04,1.83,4.55,1.28,4.69,0.06,0.15,0.02,0.06
174,1.07,2.90,0.39,1.14,1.34,5.42,1.50,6.04,1.48,5.83,1.55,6.16,1.50,6.16,1.51,6.70,1.20,5.05,1.83,4.67,1.28,4.69,0.05,0.15,0.02,0.06
175,1.07,2.90,0.39,1.14,1.35,5.43,1.51,6.05,1.48,5.83,1.55,6.16,1.51,6.18,1.51,6.72,1.21,5.05,1.84,4.80,1.28,4.69,0.06,0.15,0.02,0.06
176,1.08,2.90,0.39,1.15,1.35,5.43,1.51,6.06,1.48,5.84,1.56,6.17,1.51,6.18,1.51,6.73,1.22,5.05,1.85,4.94,1.28,4.69,0.05,0.15,0.02,0.06
177,1.08,2.91,0.39,1.15,1.35,5.43,1.51,6.07,1.48,5.85,1.56,6.18,1.51,6.19,1.52,6.74,1.21,5.02,1.85,5.04,1.28,4.70,0.05,0.15,0.02,0.06
178,1.08,2.91,0.39,1.15,1.35,5.43,1.51,6.07,1.48,5.85,1.56,6.18,1.51,6.20,1.51,6.74,1.21,5.01,1.84,5.16,1.28,4.70,0.05,0.15,0.02,0.06
179,1.08,2.91,0.39,1.15,1.35,5.44,1.52,6.08,1.48,5.86,1.56,6.20,1.52,6.22,1.52,6.75,1.21,4.96,1.84,5.25,1.28,4.70,0.05,0.15,0.02,0.06
180,1.08,2.91,0.39,1.15,1.35,5.44,1.52,6.08,1.48,5.88,1.57,6.20,1.52,6.23,1.51,6.75,1.21,4.94,1.84,5.39,1.28,4.70,0.05,0.15,0.02,0.06
181,1.08,2.92,0.39,1.15,1.35,5.45,1.52,6.10,1.48,5.90,1.57,6.23,1.52,6.24,1.52,6.76,1.21,4.92,1.82,5.56,1.28,4.71,0.05,0.15,0.02,0.06
182,1.09,2.93,0.39,1.16,1.36,5.45,1.53,6.10,1.49,5.91,1.58,6.24,1.53,6.26,1.52,6.78,1.22,4.89,1.80,5.71,1.29,4.71,0.05,0.15,0.02,0.06
183,1.09,2.94,0.40,1.16,1.36,5.45,1.53,6.10,1.49,5.92,1.58,6.24,1.53,6.26,1.53,6.78,1.22,4.82,1.78,5.86,1.29,4.72,0.05,0.15,0.02,0.06
184,1.09,2.93,0.40,1.16,1.35,5.44,1.53,6.10,1.49,5.92,1.58,6.25,1.53,6.25,1.53,6.78,1.22,4.77,1.76,6.00,1.28,4.71,0.05,0.15,0.02,0.06
185,1.09,2.94,0.40,1.16,1.36,5.46,1.54,6.12,1.49,5.95,1.58,6.26,1.53,6.27,1.53,6.79,1.23,4.71,1.75,6.10,1.29,4.70,0.05,0.15,0.02,0.06
186,1.09,2.94,0.40,1.17,1.36,5.46,1.54,6.12,1.50,5.96,1.59,6.27,1.54,6.27,1.53,6.80,1.25,4.71,1.72,6.14,1.29,4.71,0.05,0.15,0.02,0.06
187,1.10,2.95,0.40,1.17,1.36,5.46,1.54,6.12,1.50,5.97,1.59,6.28,1.54,6.28,1.54,6.81,1.25,4.67,1.69,6.24,1.29,4.70,0.05,0.15,0.02,0.06
188,1.10,2.96,0.40,1.17,1.36,5.47,1.54,6.13,1.50,5.98,1.59,6.30,1.54,6.29,1.54,6.82,1.24,4.67,1.67,6.35,1.29,4.71,0.05,0.15,0.02,0.06
189,1.10,2.95,0.40,1.17,1.36,5.46,1.54,6.12,1.50,5.98,1.59,6.30,1.54,6.28,1.54,6.81,1.25,4.67,1.66,6.51,1.28,4.70,0.05,0.15,0.02,0.06
190,1.09,2.94,0.40,1.17,1.36,5.46,1.54,6.12,1.50,5.98,1.59,6.31,1.55,6.28,1.54,6.82,1.26,4.67,1.64,6.70,1.29,4.70,0.05,0.15,0.02,0.06
191,1.09,2.94,0.40,1.16,1.36,5.48,1.54,6.14,1.50,6.01,1.60,6.33,1.55,6.30,1.54,6.84,1.27,4.69,1.65,6.92,1.28,4.71,0.05,0.15,0.02,0.06
192,1.09,2.94,0.40,1.16,1.36,5.48,1.54,6.14,1.50,6.03,1.60,6.34,1.55,6.31,1.55,6.84,1.28,4.70,1.65,7.08,1.29,4.72,0.05,0.15,0.02,0.06
193,1.09,2.95,0.40,1.17,1.37,5.49,1.55,6.15,1.51,6.04,1.60,6.36,1.55,6.31,1.55,6.86,1.30,4.74,1.64,7.24,1.29,4.72,0.05,0.15,0.02,0.06
194,1.10,2.95,0.40,1.17,1.37,5.50,1.55,6.14,1.51,6.06,1.61,6.38,1.55,6.31,1.56,6.86,1.31,4.77,1.63,7.41,1.29,4.73,0.05,0.15,0.02,0.06
195,1.09,2.94,0.40,1.17,1.37,5.50,1.55,6.15,1.51,6.07,1.61,6.39,1.56,6.31,1.56,6.86,1.33,4.82,1.61,7.56,1.29,4.72,0.05,0.15,0.02,0.06
196,1.09,2.94,0.40,1.17,1.37,5.51,1.55,6.15,1.51,6.07,1.61,6.40,1.56,6.31,1.56,6.87,1.34,4.87,1.58,7.70,1.29,4.73,0.05,0.14,0.02,0.06
197,1.09,2.93,0.40,1.16,1.37,5.50,1.55,6.15,1.51,6.07,1.60,6.40,1.56,6.31,1.56,6.85,1.35,4.92,1.57,7.83,1.29,4.72,0.05,0.14,0.02,0.05
198,1.09,2.93,0.40,1.16,1.37,5.51,1.55,6.15,1.51,6.08,1.61,6.41,1.56,6.31,1.56,6.86,1.36,4.99,1.56,7.94,1.29,4.73,0.05,0.14,0.02,0.05
199,1.09,2.93,0.40,1.16,1.37,5.51,1.55,6.14,1.51,6.09,1.61,6.42,1.55,6.31,1.56,6.87,1.36,5.04,1.57,8.07,1.29,4.73,0.05,0.14,0.02,0.05
200,1.09,2.93,0.40,1.16,1.37,5.52,1.56,6.15,1.51,6.11,1.60,6.42,1.56,6.31,1.56,6.88,1.37,5.11,1.57,8.16,1.29,4.73,0.05,0.14,0.02,0.05
201,1.09,2.93,0.40,1.16,1.37,5.52,1.56,6.14,1.52,6.11,1.60,6.41,1.56,6.31,1.56,6.87,1.38,5.18,1.57,8.22,1.29,4.73,0.05,0.14,0.02,0.05
202,1.09,2.92,0.40,1.16,1.37,5.53,1.56,6.15,1.52,6.13,1.60,6.42,1.56,6.30,1.56,6.88,1.37,5.24,1.56,8.26,1.29,4.73,0.05,0.14,0.02,0.05
203,1.09,2.92,0.40,1.16,1.37,5.54,1.56,6.15,1.52,6.14,1.61,6.43,1.56,6.30,1.56,6.88,1.38,5.32,1.56,8.30,1.29,4.73,0.05,0.14,0.02,0.05
204,1.08,2.91,0.40,1.16,1.37,5.53,1.56,6.15,1.52,6.14,1.60,6.43,1.56,6.30,1.56,6.87,1.38,5.38,1.56,8.37,1.29,4.73,0.05,0.14,0.02,0.05
205,1.08,2.91,0.40,1.16,1.38,5.53,1.56,6.14,1.52,6.15,1.60,6.43,1.56,6.30,1.55,6.86,1.36,5.41,1.55,8.37,1.29,4.73,0.05,0.14,0.01,0.05
206,1.08,2.91,0.40,1.15,1.37,5.52,1.56,6.14,1.52,6.15,1.60,6.43,1.55,6.30,1.55,6.84,1.34,5.41,1.54,8.37,1.29,4.74,0.05,0.14,0.01,0.05
207,1.08,2.90,0.40,1.15,1.37,5.52,1.56,6.15,1.52,6.15,1.60,6.43,1.56,6.30,1.55,6.83,1.32,5.42,1.51,8.28,1.28,4.73,0.05,0.14,0.01,0.05
208,1.08,2.89,0.40,1.15,1.37,5.52,1.56,6.15,1.52,6.16,1.60,6.45,1.56,6.31,1.54,6.83,1.31,5.42,1.50,8.15,1.28,4.73,0.05,0.13,0.01,0.05
209,1.07,2.88,0.39,1.14,1.37,5.52,1.56,6.16,1.52,6.16,1.60,6.46,1.56,6.30,1.54,6.82,1.30,5.43,1.46,7.97,1.28,4.73,0.05,0.13,0.01,0.05
210,1.07,2.88,0.39,1.14,1.37,5.52,1.56,6.16,1.52,6.17,1.60,6.47,1.56,6.31,1.54,6.80,1.29,5.45,1.42,7.80,1.28,4.74,0.05,0.13,0.01,0.05
211,1.07,2.88,0.39,1.14,1.37,5.53,1.56,6.17,1.53,6.18,1.61,6.49,1.55,6.30,1.54,6.80,1.28,5.46,1.40,7.59,1.28,4.72,0.05,0.13,0.01,0.05
212,1.07,2.87,0.39,1.14,1.37,5.52,1.56,6.17,1.53,6.20,1.61,6.50,1.55,6.29,1.54,6.80,1.28,5.46,1.37,7.37,1.28,4.72,0.05,0.13,0.01,0.05
213,1.07,2.87,0.39,1.14,1.37,5.52,1.55,6.18,1.53,6.20,1.61,6.50,1.55,6.29,1.54,6.79,1.26,5.40,1.37,7.11,1.27,4.72,0.05,0.13,0.01,0.05
214,1.07,2.86,0.40,1.14,1.37,5.52,1.56,6.17,1.53,6.20,1.62,6.51,1.55,6.29,1.54,6.79,1.25,5.35,1.36,6.90,1.27,4.72,0.05,0.13,0.01,0.05
215,1.07,2.87,0.40,1.14,1.38,5.54,1.56,6.19,1.54,6.23,1.62,6.54,1.56,6.31,1.54,6.81,1.25,5.32,1.35,6.66,1.28,4.73,0.05,0.13,0.01,0.05
216,1.06,2.86,0.39,1.14,1.38,5.55,1.56,6.20,1.54,6.24,1.62,6.55,1.56,6.33,1.55,6.82,1.24,5.31,1.34,6.42,1.28,4.73,0.05,0.13,0.01,0.05
217,1.06,2.86,0.40,1.14,1.37,5.55,1.55,6.20,1.54,6.25,1.62,6.56,1.56,6.34,1.54,6.83,1.25,5.28,1.33,6.15,1.28,4.73,0.05,0.13,0.01,0.05
218,1.06,2.87,0.40,1.14,1.37,5.55,1.55,6.20,1.54,6.26,1.62,6.57,1.56,6.35,1.54,6.84,1.25,5.23,1.31,5.92,1.28,4.74,0.05,0.13,0.01,0.05
219,1.07,2.87,0.40,1.14,1.37,5.56,1.55,6.20,1.54,6.28,1.62,6.59,1.56,6.36,1.54,6.85,1.25,5.18,1.30,5.72,1.28,4.74,0.05,0.13,0.01,0.05
220,1.07,2.87,0.40,1.14,1.37,5.57,1.55,6.20,1.55,6.29,1.63,6.61,1.56,6.36,1.55,6.86,1.24,5.11,1.30,5.50,1.28,4.75,0.05,0.13,0.01,0.05
221,1.07,2.88,0.40,1.14,1.38,5.58,1.55,6.20,1.55,6.31,1.63,6.62,1.56,6.37,1.55,6.86,1.25,5.05,1.28,5.25,1.29,4.76,0.05,0.13,0.01,0.05
222,1.07,2.87,0.40,1.14,1.37,5.58,1.54,6.20,1.55,6.31,1.63,6.64,1.56,6.37,1.55,6.86,1.24,4.97,1.26,5.00,1.29,4.76,0.05,0.13,0.01,0.05
223,1.07,2.88,0.40,1.14,1.37,5.59,1.54,6.19,1.55,6.32,1.64,6.65,1.56,6.37,1.55,6.87,1.23,4.89,1.25,4.81,1.28,4.76,0.05,0.13,0.01,0.05
224,1.07,2.89,0.40,1.14,1.37,5.60,1.54,6.20,1.55,6.34,1.64,6.68,1.56,6.38,1.56,6.89,1.23,4.82,1.24,4.63,1.29,4.77,0.05,0.13,0.01,0.05
225,1.07,2.88,0.40,1.15,1.37,5.61,1.53,6.17,1.55,6.33,1.64,6.70,1.55,6.36,1.55,6.88,1.23,4.76,1.24,4.44,1.29,4.76,0.05,0.13,0.01,0.05
226,1.07,2.88,0.40,1.14,1.38,5.61,1.53,6.17,1.55,6.33,1.65,6.73,1.55,6.37,1.56,6.88,1.24,4.70,1.23,4.26,1.29,4.77,0.05,0.13,0.01,0.05
227,1.07,2.88,0.40,1.14,1.38,5.62,1.53,6.18,1.56,6.35,1.65,6.74,1.56,6.38,1.56,6.89,1.26,4.67,1.23,4.13,1.29,4.78,0.05,0.13,0.01,0.05
228,1.07,2.88,0.40,1.14,1.38,5.64,1.53,6.19,1.56,6.36,1.65,6.77,1.56,6.39,1.56,6.90,1.27,4.65,1.25,4.04,1.29,4.79,0.05,0.14,0.01,0.05
229,1.08,2.89,0.40,1.15,1.39,5.65,1.54,6.19,1.56,6.37,1.65,6.78,1.56,6.40,1.57,6.92,1.29,4.68,1.26,3.94,1.30,4.80,0.05,0.14,0.01,0.05
230,1.08,2.90,0.40,1.15,1.39,5.67,1.53,6.20,1.57,6.38,1.65,6.81,1.56,6.41,1.57,6.93,1.31,4.69,1.26,3.84,1.30,4.81,0.05,0.14,0.01,0.05
231,1.08,2.89,0.40,1.15,1.39,5.68,1.54,6.20,1.57,6.38,1.66,6.82,1.56,6.42,1.57,6.94,1.32,4.74,1.25,3.74,1.30,4.81,0.05,0.14,0.01,0.05
232,1.08,2.89,0.40,1.15,1.39,5.69,1.54,6.22,1.57,6.39,1.66,6.84,1.56,6.43,1.57,6.95,1.33,4.79,1.23,3.60,1.30,4.82,0.05,0.14,0.01,0.05
233,1.08,2.88,0.40,1.14,1.39,5.69,1.54,6.22,1.57,6.37,1.66,6.84,1.56,6.43,1.57,6.94,1.33,4.83,1.22,3.48,1.30,4.82,0.05,0.14,0.01,0.05
234,1.07,2.89,0.40,1.14,1.39,5.70,1.54,6.23,1.57,6.38,1.65,6.86,1.56,6.43,1.57,6.95,1.34,4.89,1.20,3.36,1.30,4.83,0.05,0.14,0.01,0.05
235,1.08,2.89,0.40,1.14,1.40,5.72,1.54,6.25,1.57,6.38,1.65,6.87,1.56,6.44,1.57,6.94,1.34,4.93,1.19,3.29,1.30,4.83,0.05,0.14,0.01,0.05
236,1.08,2.89,0.40,1.15,1.40,5.73,1.55,6.27,1.57,6.38,1.65,6.89,1.56,6.45,1.57,6.95,1.34,4.98,1.18,3.23,1.30,4.83,0.05,0.14,0.01,0.05
237,1.08,2.90,0.40,1.15,1.40,5.73,1.55,6.28,1.57,6.38,1.66,6.90,1.56,6.46,1.57,6.94,1.34,5.03,1.18,3.22,1.30,4.84,0.05,0.14,0.01,0.05
238,1.08,2.90,0.40,1.15,1.41,5.75,1.55,6.29,1.58,6.38,1.66,6.93,1.56,6.48,1.58,6.94,1.33,5.07,1.17,3.19,1.30,4.85,0.05,0.14,0.01,0.05
239,1.08,2.90,0.40,1.15,1.41,5.74,1.55,6.29,1.58,6.38,1.66,6.94,1.56,6.47,1.58,6.93,1.33,5.09,1.17,3.16,1.30,4.85,0.05,0.14,0.01,0.05
240,1.08,2.89,0.40,1.15,1.41,5.75,1.56,6.30,1.58,6.37,1.66,6.95,1.56,6.47,1.58,6.92,1.31,5.10,1.16,3.09,1.30,4.85,0.05,0.14,0.01,0.05
241,1.08,2.90,0.40,1.15,1.41,5.75,1.56,6.32,1.58,6.38,1.66,6.98,1.56,6.48,1.58,6.92,1.29,5.11,1.15,3.02,1.30,4.85,0.05,0.14,0.01,0.05
242,1.08,2.91,0.40,1.15,1.41,5.76,1.56,6.34,1.58,6.38,1.66,7.00,1.56,6.50,1.59,6.94,1.27,5.09,1.15,2.99,1.30,4.86,0.05,0.14,0.01,0.05
243,1.08,2.90,0.40,1.15,1.41,5.78,1.56,6.37,1.58,6.38,1.67,7.03,1.56,6.51,1.59,6.95,1.26,5.10,1.14,2.96,1.30,4.86,0.05,0.14,0.01,0.05
244,1.08,2.90,0.40,1.15,1.42,5.78,1.57,6.37,1.58,6.38,1.67,7.04,1.56,6.51,1.60,6.95,1.25,5.09,1.13,2.92,1.30,4.87,0.05,0.14,0.01,0.05
245,1.08,2.90,0.40,1.15,1.42,5.77,1.57,6.39,1.58,6.37,1.66,7.05,1.56,6.52,1.60,6.96,1.24,5.10,1.14,2.92,1.30,4.88,0.05,0.14,0.01,0.05
246,1.08,2.90,0.40,1.15,1.42,5.78,1.57,6.40,1.59,6.38,1.67,7.07,1.56,6.52,1.61,6.98,1.24,5.12,1.12,2.83,1.31,4.89,0.05,0.14,0.01,0.05
247,1.08,2.91,0.40,1.15,1.42,5.78,1.58,6.42,1.59,6.37,1.67,7.08,1.56,6.53,1.61,6.99,1.24,5.13,1.13,2.77,1.31,4.90,0.05,0.14,0.01,0.05
248,1.09,2.92,0.40,1.16,1.43,5.79,1.58,6.44,1.59,6.37,1.67,7.09,1.56,6.53,1.62,7.02,1.26,5.15,1.13,2.71,1.31,4.91,0.05,0.14,0.01,0.05
249,1.09,2.91,0.40,1.16,1.43,5.78,1.58,6.45,1.59,6.36,1.67,7.09,1.56,6.54,1.63,7.03,1.25,5.12,1.14,2.57,1.31,4.91,0.05,0.14,0.01,0.05
250,1.09,2.92,0.40,1.16,1.43,5.78,1.59,6.47,1.59,6.36,1.67,7.10,1.56,6.54,1.63,7.05,1.27,5.12,1.15,2.61,1.31,4.92,0.05,0.14,0.01,0.05
251,1.09,2.92,0.40,1.16,1.43,5.77,1.59,6.50,1.59,6.36,1.67,7.11,1.56,6.54,1.63,7.06,1.27,5.10,1.16,2.66,1.32,4.93,0.05,0.14,0.01,0.05
252,1.09,2.92,0.40,1.16,1.43,5.78,1.60,6.53,1.60,6.36,1.67,7.12,1.55,6.54,1.63,7.08,1.28,5.11,1.10,2.79,1.32,4.93,0.05,0.14,0.01,0.05
253,1.09,2.93,0.40,1.17,1.43,5.77,1.60,6.55,1.60,6.35,1.67,7.12,1.55,6.54,1.64,7.09,1.30,5.13,1.11,2.87,1.32,4.93,0.05,0.14,0.02,0.05
254,1.10,2.94,0.40,1.17,1.43,5.77,1.60,6.57,1.60,6.34,1.66,7.12,1.55,6.55,1.64,7.10,1.31,5.14,1.13,3.06,1.32,4.94,0.05,0.14,0.02,0.05
255,1.10,2.95,0.41,1.17,1.44,5.78,1.61,6.60,1.60,6.34,1.66,7.13,1.56,6.57,1.64,7.13,1.33,5.12,0.27,0.64,1.32,4.95,0.05,0.15,0.02,0.06
256,1.10,2.95,0.41,1.18,1.44,5.78,1.61,6.62,1.60,6.33,1.66,7.13,1.56,6.58,1.65,7.14,1.34,5.08,0.32,0.77,1.32,4.95,0.05,0.15,0.02,0.06
257,1.10,2.92,0.41,1.17,1.44,5.76,1.61,6.62,1.60,6.31,1.66,7.11,1.55,6.57,1.64,7.12,1.35,5.04,0.39,0.96,1.32,4.94,0.05,0.14,0.02,0.06
258,1.10,2.92,0.41,1.17,1.44,5.75,1.61,6.64,1.60,6.31,1.66,7.11,1.55,6.57,1.64,7.13,1.36,5.00,0.47,1.08,1.32,4.94,0.05,0.14,0.02,0.05
259,1.10,2.93,0.40,1.17,1.44,5.76,1.62,6.68,1.60,6.31,1.66,7.12,1.56,6.59,1.64,7.14,1.38,4.98,0.57,1.27,1.32,4.95,0.05,0.14,0.02,0.06
260,1.10,2.94,0.41,1.17,1.45,5.77,1.63,6.71,1.60,6.32,1.66,7.13,1.56,6.60,1.64,7.15,1.38,4.94,0.74,1.56,1.33,4.95,0.05,0.15,0.02,0.06
261,1.10,2.94,0.41,1.17,1.45,5.77,1.64,6.73,1.61,6.31,1.66,7.13,1.56,6.62,1.64,7.16,1.39,4.89,,,1.33,4.96,0.05,0.15,0.02,0.06
262,1.10,2.94,0.41,1.17,1.46,5.78,1.65,6.77,1.61,6.31,1.67,7.14,1.56,6.64,1.65,7.17,1.39,4.86,,,1.33,4.96,0.05,0.15,0.02,0.06
263,1.10,2.94,0.41,1.17,1.46,5.78,1.65,6.79,1.61,6.29,1.67,7.14,1.57,6.66,1.65,7.17,1.40,4.83,,,1.33,4.96,0.05,0.15,0.02,0.06
264,1.10,2.94,0.41,1.17,1.46,5.78,1.66,6.81,1.61,6.29,1.67,7.16,1.57,6.68,1.65,7.17,1.41,4.80,,,1.33,4.96,0.05,0.15,0.02,0.06
265,1.10,2.95,0.41,1.18,1.46,5.79,1.66,6.83,1.61,6.29,1.68,7.17,1.58,6.71,1.65,7.19,1.42,4.79,,,1.33,4.96,0.05,0.15,0.02,0.06
266,1.11,2.95,0.41,1.18,1.47,5.79,1.67,6.85,1.62,6.29,1.68,7.19,1.58,6.73,1.65,7.20,1.42,4.78,,,1.33,4.96,0.05,0.15,0.02,0.06
267,1.11,2.97,0.41,1.18,1.47,5.80,1.68,6.87,1.62,6.30,1.70,7.22,1.59,6.76,1.66,7.23,1.43,4.80,,,1.34,4.98,0.05,0.15,0.02,0.06
268,1.11,2.97,0.41,1.19,1.47,5.80,1.68,6.89,1.63,6.30,1.70,7.23,1.60,6.79,1.66,7.24,1.43,4.82,,,1.34,4.98,0.05,0.15,0.02,0.06
269,1.11,2.97,0.41,1.19,1.47,5.81,1.69,6.90,1.63,6.30,1.71,7.25,1.60,6.81,1.66,7.25,1.43,4.83,,,1.34,4.98,0.06,0.15,0.02,0.06
270,1.11,2.97,0.41,1.19,1.47,5.81,1.69,6.89,1.62,6.29,1.71,7.25,1.61,6.83,1.66,7.26,1.43,4.85,,,1.34,4.98,0.06,0.15,0.02,0.06
271,1.11,2.98,0.41,1.19,1.47,5.80,1.69,6.89,1.62,6.28,1.71,7.25,1.61,6.85,1.67,7.28,1.43,4.87,,,1.34,4.98,0.06,0.15,0.02,0.06
272,1.12,2.98,0.41,1.19,1.47,5.78,1.68,6.85,1.61,6.24,1.71,7.22,1.61,6.84,1.67,7.29,1.42,4.89,,,1.33,4.98,0.06,0.15,0.02,0.06
273,1.12,2.99,0.41,1.19,1.47,5.77,1.68,6.85,1.61,6.21,1.71,7.21,1.61,6.86,1.67,7.32,1.42,4.98,,,1.34,4.99,0.06,0.15,0.02,0.06
274,1.12,3.00,0.41,1.20,1.47,5.76,1.68,6.83,1.60,6.20,1.71,7.18,1.61,6.86,1.67,7.35,1.41,5.05,,,1.34,5.00,0.06,0.16,0.02,0.06
275,1.12,3.00,0.41,1.20,1.46,5.75,1.67,6.81,1.60,6.18,1.71,7.18,1.61,6.86,1.67,7.36,1.40,5.11,,,1.33,4.99,0.06,0.16,0.02,0.06
276,1.13,3.02,0.41,1.20,1.47,5.78,1.68,6.82,1.60,6.19,1.71,7.20,1.61,6.89,1.67,7.39,1.40,5.19,,,1.34,4.99,0.06,0.16,0.02,0.06
277,1.13,3.04,0.41,1.21,1.47,5.81,1.68,6.84,1.60,6.22,1.72,7.23,1.62,6.94,1.68,7.41,1.39,5.25,,,1.34,5.00,0.06,0.16,0.02,0.06
278,1.15,3.09,0.42,1.22,1.49,5.86,1.69,6.88,1.62,6.27,1.74,7.30,1.64,7.00,1.69,7.44,1.37,5.27,,,1.34,5.01,0.06,0.16,0.02,0.06
279,1.17,3.16,0.42,1.25,1.51,5.94,1.71,6.94,1.64,6.35,1.77,7.40,1.66,7.08,1.69,7.48,1.38,5.33,,,1.35,5.02,0.06,0.17,0.02,0.06
280,1.18,3.21,0.42,1.27,1.53,5.97,1.72,6.96,1.66,6.38,1.79,7.44,1.68,7.13,1.69,7.48,1.36,5.35,,,1.35,5.02,0.06,0.17,0.02,0.07
281,1.27,4.36,0.42,1.27,1.52,5.98,1.72,6.96,1.66,6.39,1.79,7.46,1.67,7.17,1.69,7.50,1.36,5.38,,,1.35,5.03,0.35,1.35,0.08,0.34
282,2.44,6.21,0.65,2.46,1.51,5.99,1.71,6.98,1.65,6.42,1.78,7.48,1.67,7.21,1.69,7.49,1.37,5.46,,,1.35,5.02,1.05,2.92,0.29,1.07
283,2.97,7.89,0.86,3.06,1.51,6.03,1.72,7.02,1.65,6.45,1.78,7.53,1.69,7.30,1.69,7.49,1.38,5.52,,,1.35,5.03,1.31,3.50,0.32,1.31
284,3.09,8.12,0.87,3.18,1.50,6.06,1.72,7.03,1.65,6.47,1.78,7.55,1.69,7.33,1.68,7.47,1.39,5.57,,,1.35,5.03,1.34,3.64,0.32,1.37
285,3.22,8.43,0.92,3.37,1.50,6.08,1.72,7.05,1.65,6.49,1.79,7.58,1.69,7.38,1.69,7.50,1.39,5.60,,,1.35,5.04,1.39,3.80,0.36,1.42
286,3.24,8.73,0.90,3.43,1.50,6.11,1.73,7.12,1.66,6.52,1.79,7.59,1.69,7.42,1.70,7.51,1.40,5.58,,,1.35,5.01,1.43,3.95,0.37,1.48
287,0.05,1.59,0.08,0.00,1.52,6.19,1.77,7.30,1.68,6.65,1.82,7.68,1.72,7.57,1.71,7.55,1.41,5.62,,,1.33,4.98,,,,
288,0.10,0.28,0.00,0.12,1.56,6.27,1.78,7.34,1.74,6.82,1.85,7.73,1.75,7.63,1.73,7.73,1.45,5.75,,,1.35,5.00,,,,
