step,Konstanz SW mean,Konstanz SW max,Konstanz SW min,Konstanz SW 3s max,Konstanz GEFS-c00 mean,Konstanz GEFS-c00 max,Konstanz GEFS-p01 mean,Konstanz GEFS-p01 max,Konstanz GEFS-p02 mean,Konstanz GEFS-p02 max,Konstanz GEFS-p03 mean,Konstanz GEFS-p03 max,Konstanz GEFS-p04 mean,Konstanz GEFS-p04 max,Konstanz GFS mean,Konstanz GFS max,Konstanz ICON-EU mean,Konstanz ICON-EU max,Konstanz ICON-D2 mean,Konstanz ICON-D2 max,Konstanz MOSMIX mean,Konstanz MOSMIX max,Konstanz SW mean se,Konstanz SW max se,Konstanz SW min se,Konstanz SW 3s max se
0,4891.51,4921.65,4891.33,4714.89,4889.88,4917.24,4891.18,4918.36,4888.92,4916.46,4890.42,4917.90,4891.01,4918.87,4889.86,4917.21,4884.56,4921.28,4886.02,4921.97,4890.47,4927.84,2119.68,2132.11,2119.73,2068.22
1,4853.20,4883.06,4853.03,4734.30,4851.59,4878.81,4852.77,4879.75,4850.62,4878.03,4852.14,4879.49,4852.72,4880.43,4851.56,4878.86,4846.44,4883.00,4847.92,4883.58,4852.23,4889.39,2106.56,2118.89,2106.62,2065.98
2,4853.03,4882.87,4852.90,4734.14,4851.43,4878.79,4852.48,4879.56,4850.41,4877.92,4851.98,4879.44,4852.58,4880.48,4851.41,4878.92,4846.45,4883.13,4848.00,4883.78,4852.13,4889.37,2113.42,2125.79,2113.48,2073.20
3,4872.08,4902.03,4871.94,4733.95,4870.46,4897.86,4871.46,4898.61,4869.42,4896.99,4871.00,4898.52,4871.65,4899.66,4870.42,4898.01,4865.53,4902.36,4867.16,4903.11,4871.19,4908.55,2122.49,2134.91,2122.56,2078.96
4,4852.87,4882.72,4852.73,4714.66,4851.17,4878.53,4852.06,4879.14,4850.12,4877.64,4851.72,4879.18,4852.38,4880.37,4851.16,4878.75,4846.38,4883.09,4848.06,4883.95,4851.99,4889.23,2118.85,2131.25,2118.92,2075.75
5,4814.61,4844.28,4814.44,4676.27,4812.84,4840.06,4813.59,4840.50,4811.78,4839.19,4813.38,4840.71,4814.05,4841.95,4812.81,4840.33,4808.18,4844.69,4809.86,4845.63,4813.74,4850.77,2112.49,2124.86,2112.55,2069.93
6,4872.12,4902.16,4871.92,4733.99,4870.40,4897.74,4871.16,4898.24,4869.31,4896.86,4870.95,4898.45,4871.63,4899.72,4870.40,4898.02,4865.69,4902.67,4867.36,4903.53,4871.18,4908.60,2122.48,2134.92,2122.53,2078.95
7,4852.50,4882.42,4852.29,4695.00,4850.80,4878.03,4851.48,4878.45,4849.68,4877.13,4851.34,4878.74,4852.02,4880.04,4850.79,4878.31,4846.13,4883.03,4847.75,4883.86,4851.59,4888.90,2114.13,2126.52,2114.18,2067.34
8,4852.47,4882.38,4852.26,4733.56,4850.81,4878.01,4851.46,4878.43,4849.68,4877.12,4851.35,4878.73,4852.02,4880.09,4850.79,4878.25,4846.17,4883.15,4847.75,4883.89,4851.59,4888.96,2114.12,2126.50,2114.17,2073.93
9,4891.30,4921.48,4891.06,4733.93,4889.68,4916.99,4890.27,4917.38,4888.52,4916.10,4890.22,4917.74,4890.89,4919.14,4889.65,4917.17,4885.04,4922.36,4886.53,4923.00,4890.36,4928.06,2126.26,2138.73,2126.29,2078.93
10,4929.41,4959.80,4929.16,4753.29,4927.65,4955.10,4928.08,4955.34,4926.47,4954.20,4928.15,4955.82,4928.84,4957.28,4927.63,4955.33,4923.08,4960.62,4924.49,4961.14,4928.43,4966.33,2145.47,2158.04,2145.50,2082.33
11,4795.68,4825.34,4795.38,4714.76,4793.84,4820.47,4794.20,4820.75,4792.71,4819.76,4794.32,4821.21,4794.99,4822.64,4793.77,4820.62,4789.35,4825.79,4790.77,4826.41,4794.66,4831.65,2089.11,2101.37,2089.13,2068.12
12,4814.95,4844.80,4814.59,4676.65,4813.10,4839.76,4813.41,4840.03,4811.95,4839.05,4813.56,4840.50,4814.22,4841.97,4813.04,4839.90,4808.60,4845.25,4809.92,4845.74,4813.85,4851.00,2092.82,2105.12,2092.81,2048.99
13,4833.88,4863.83,4833.52,4695.65,4831.99,4858.83,4832.19,4859.01,4830.79,4858.04,4832.42,4859.50,4833.06,4861.07,4831.99,4859.08,4827.58,4864.43,4828.91,4864.83,4832.79,4870.14,2108.19,2120.59,2108.18,2064.99
14,4834.00,4863.97,4833.63,4695.78,4832.13,4858.77,4832.32,4859.04,4830.93,4858.04,4832.54,4859.46,4833.14,4860.98,4832.13,4859.01,4827.64,4864.43,4828.91,4864.81,4832.86,4870.18,2101.30,2113.66,2101.29,2057.55
15,4853.16,4883.29,4852.74,4715.00,4851.22,4878.00,4851.32,4878.25,4849.98,4877.20,4851.62,4878.68,4852.16,4880.25,4851.26,4878.31,4846.81,4883.79,4848.03,4884.09,4851.95,4889.44,2111.88,2124.34,2111.84,2068.25
16,4872.79,4903.06,4872.35,4715.06,4870.75,4897.53,4870.85,4897.90,4869.53,4896.77,4871.15,4898.23,4871.59,4899.78,4870.82,4897.93,4866.35,4903.42,4867.54,4903.67,4871.52,4909.11,2120.42,2132.94,2120.37,2068.28
17,4853.30,4883.56,4852.76,4734.76,4851.16,4877.83,4851.25,4878.29,4849.95,4877.10,4851.58,4878.55,4851.92,4880.08,4851.24,4878.27,4846.79,4883.72,4847.91,4883.89,4851.94,4889.39,2111.95,2124.47,2111.85,2076.87
18,4853.82,4884.05,4853.30,4696.05,4851.63,4878.25,4851.64,4878.74,4850.42,4877.53,4852.04,4878.97,4852.30,4880.48,4851.71,4878.70,4847.30,4884.20,4848.34,4884.26,4852.45,4889.88,2112.07,2124.58,2111.98,2059.84
19,4872.90,4903.24,4872.37,4734.81,4870.67,4897.28,4870.60,4897.79,4869.45,4896.58,4871.05,4897.98,4871.24,4899.52,4870.77,4897.81,4866.29,4903.28,4867.29,4903.29,4871.50,4909.03,2120.48,2133.04,2120.38,2076.90
20,4853.28,4883.53,4852.74,4715.64,4850.99,4877.34,4850.84,4877.92,4849.78,4876.74,4851.35,4878.05,4851.46,4879.58,4851.10,4877.89,4846.57,4883.33,4847.52,4883.25,4851.86,4889.22,2110.72,2123.23,2110.63,2066.27
21,4853.18,4883.45,4852.62,4715.02,4850.83,4877.27,4850.63,4877.88,4849.62,4876.65,4851.19,4877.93,4851.21,4879.53,4850.94,4877.89,4846.51,4883.35,4847.40,4883.15,4851.77,4889.19,2117.61,2130.18,2117.49,2074.49
22,4891.63,4922.15,4891.03,4734.32,4889.29,4915.75,4889.00,4916.38,4888.04,4915.11,4889.64,4916.47,4889.57,4917.98,4889.44,4916.42,4884.88,4921.95,4885.69,4921.71,4890.16,4927.77,2124.36,2136.99,2124.23,2077.70
23,4834.34,4864.59,4833.69,4734.49,4831.96,4858.19,4831.70,4858.99,4830.77,4857.62,4832.31,4858.90,4832.11,4860.36,4832.06,4858.86,4827.68,4864.41,4828.43,4864.01,4832.85,4870.11,2103.57,2116.10,2103.41,2071.75
24,4834.31,4864.55,4833.66,4696.11,4831.87,4857.90,4831.62,4858.86,4830.72,4857.44,4832.22,4858.63,4831.91,4859.96,4831.98,4858.64,4827.50,4864.12,4828.27,4863.69,4832.79,4869.92,2101.45,2113.95,2101.30,2057.70
25,4834.30,4864.49,4833.65,4696.10,4831.84,4857.79,4831.57,4858.85,4830.72,4857.40,4832.18,4858.57,4831.76,4859.76,4831.94,4858.59,4827.47,4864.06,4828.23,4863.59,4832.77,4869.83,2101.45,2113.95,2101.29,2057.70
26,4834.36,4864.61,4833.70,4696.15,4831.86,4857.92,4831.56,4858.98,4830.75,4857.49,4832.23,4858.72,4831.66,4859.75,4832.01,4858.83,4827.59,4864.29,4828.35,4863.80,4832.81,4869.91,2102.89,2115.43,2102.71,2059.18
27,4834.39,4864.64,4833.71,4696.17,4831.83,4857.81,4831.52,4858.96,4830.76,4857.44,4832.21,4858.65,4831.52,4859.52,4831.96,4858.78,4827.56,4864.29,4828.33,4863.71,4832.81,4869.83,2102.91,2115.46,2102.72,2059.20
28,4853.47,4883.87,4852.76,4715.30,4850.82,4876.85,4850.56,4878.16,4849.81,4876.54,4851.20,4877.71,4850.44,4878.48,4850.93,4877.84,4846.54,4883.39,4847.32,4882.76,4851.86,4888.92,2112.05,2124.66,2111.85,2068.41
29,4815.05,4845.22,4814.35,4696.04,4812.31,4838.17,4812.13,4839.67,4811.38,4837.94,4812.70,4839.03,4811.84,4839.64,4812.38,4839.21,4808.09,4844.59,4808.85,4843.97,4813.47,4850.21,2104.91,2117.48,2104.72,2065.20
30,4834.28,4864.58,4833.54,4696.08,4831.54,4857.43,4831.35,4858.99,4830.64,4857.22,4831.92,4858.29,4831.00,4858.76,4831.62,4858.49,4827.29,4863.92,4828.10,4863.31,4832.66,4869.47,2108.40,2120.99,2108.19,2065.21
31,4872.58,4903.13,4871.83,4696.11,4869.81,4895.86,4869.59,4897.36,4868.93,4895.65,4870.17,4896.70,4869.24,4897.15,4869.90,4896.91,4865.56,4902.49,4866.36,4901.81,4870.93,4907.92,2121.31,2133.98,2121.10,2065.21
32,4853.91,4884.37,4853.16,4754.18,4851.11,4877.16,4850.92,4878.69,4850.29,4877.00,4851.48,4877.97,4850.50,4878.38,4851.15,4878.19,4846.90,4883.69,4847.73,4883.10,4852.27,4889.12,2116.95,2129.60,2116.74,2086.31
33,4873.53,4904.07,4872.78,4735.45,4870.69,4896.78,4870.56,4898.40,4869.92,4896.70,4871.04,4897.56,4870.10,4898.04,4870.72,4897.79,4866.50,4903.38,4867.36,4902.84,4871.85,4908.81,2125.65,2138.35,2125.44,2082.56
34,4893.15,4923.82,4892.39,4755.12,4890.27,4916.46,4890.21,4918.17,4889.57,4916.45,4890.61,4917.20,4889.70,4917.75,4890.30,4917.44,4886.11,4923.12,4887.01,4922.61,4891.45,4928.51,2134.49,2147.24,2134.28,2091.46
35,4854.80,4885.22,4854.08,4716.65,4851.84,4877.85,4851.85,4879.59,4851.28,4878.00,4852.19,4878.55,4851.31,4879.22,4851.88,4878.77,4847.71,4884.32,4848.74,4883.92,4853.13,4889.85,2120.58,2133.22,2120.40,2077.88
36,4893.69,4924.40,4892.93,4755.70,4890.76,4917.07,4890.85,4918.96,4890.22,4917.19,4891.08,4917.71,4890.26,4918.42,4890.80,4917.97,4886.72,4923.79,4887.69,4923.32,4891.98,4929.03,2135.16,2147.92,2134.95,2092.15
37,4912.70,4943.48,4911.96,4774.76,4909.79,4936.16,4909.95,4938.15,4909.32,4936.38,4910.11,4936.78,4909.29,4937.54,4909.86,4937.09,4905.71,4942.91,4906.69,4942.41,4911.02,4948.16,2143.45,2156.24,2143.25,2100.49
38,4912.65,4943.39,4911.93,4774.70,4909.75,4936.15,4910.00,4938.23,4909.38,4936.44,4910.07,4936.71,4909.28,4937.56,4909.82,4937.04,4905.68,4942.86,4906.66,4942.34,4911.02,4948.11,2143.43,2156.21,2143.23,2100.47
39,4931.84,4962.70,4931.11,4774.67,4928.94,4955.44,4929.27,4957.61,4928.67,4955.82,4929.25,4955.95,4928.51,4956.91,4929.05,4956.30,4924.85,4962.18,4925.82,4961.61,4930.22,4967.44,2147.02,2159.82,2146.81,2100.46
40,4951.07,4982.07,4950.30,4813.23,4948.15,4974.72,4948.54,4976.93,4947.96,4975.16,4948.46,4975.19,4947.76,4976.23,4948.31,4975.55,4944.02,4981.49,4945.05,4980.93,4949.42,4986.77,2150.77,2163.62,2150.56,2106.95
41,4912.64,4943.42,4911.88,4813.23,4909.66,4936.15,4910.17,4938.50,4909.58,4936.67,4909.98,4936.55,4909.29,4937.68,4909.78,4936.95,4905.63,4942.77,4906.61,4942.18,4911.02,4948.11,2151.06,2163.90,2150.86,2106.95
42,4912.60,4943.51,4911.85,4774.66,4909.63,4936.30,4910.21,4938.73,4909.65,4936.91,4909.95,4936.64,4909.29,4937.86,4909.77,4937.11,4905.62,4942.86,4906.62,4942.33,4911.02,4948.23,2158.99,2171.85,2158.79,2108.28
43,4912.58,4943.35,4911.82,4774.63,4909.61,4936.19,4910.26,4938.69,4909.73,4936.88,4909.93,4936.47,4909.31,4937.80,4909.77,4936.99,4905.63,4942.71,4906.66,4942.25,4911.02,4948.15,2167.22,2180.12,2167.03,2116.43
44,4912.57,4943.38,4911.81,4774.63,4909.59,4936.22,4910.27,4938.75,4909.77,4936.95,4909.91,4936.47,4909.30,4937.86,4909.75,4937.02,4905.64,4942.72,4906.69,4942.36,4911.00,4948.18,2175.77,2188.71,2175.59,2124.89
45,4912.58,4943.45,4911.80,4774.63,4909.56,4936.28,4910.31,4938.86,4909.85,4937.10,4909.89,4936.47,4909.32,4937.96,4909.76,4937.10,4905.66,4942.75,4906.74,4942.51,4911.00,4948.22,2184.63,2197.62,2184.45,2133.67
46,4912.64,4943.52,4911.79,4774.70,4909.57,4936.29,4910.37,4938.94,4909.97,4937.22,4909.90,4936.43,4909.36,4938.05,4909.78,4937.13,4905.70,4942.73,4906.81,4942.55,4911.02,4948.23,2193.78,2206.83,2193.61,2142.76
47,4912.65,4943.60,4911.79,4774.73,4909.50,4936.27,4910.36,4938.97,4910.02,4937.28,4909.85,4936.35,4909.34,4938.08,4909.75,4937.11,4905.68,4942.68,4906.82,4942.56,4910.99,4948.23,2203.24,2216.34,2203.06,2152.17
48,4912.76,4943.74,4911.90,4774.85,4909.68,4936.47,4910.56,4939.19,4910.28,4937.54,4910.01,4936.51,4909.59,4938.39,4909.95,4937.27,4905.90,4942.97,4907.00,4942.81,4911.14,4948.41,2208.40,2221.52,2208.23,2156.81
49,4931.84,4962.85,4930.96,4793.99,4928.71,4955.51,4929.63,4958.26,4929.42,4956.69,4929.06,4955.50,4928.65,4957.49,4929.04,4956.37,4924.92,4962.03,4926.01,4961.88,4930.19,4967.53,2226.43,2239.64,2226.28,2174.89
50,4893.39,4924.12,4892.57,4774.71,4890.13,4916.81,4891.12,4919.63,4890.97,4918.09,4890.51,4916.74,4890.08,4918.79,4890.47,4917.70,4886.50,4923.27,4887.60,4923.13,4891.80,4928.84,2229.98,2243.18,2229.86,2182.10
51,4912.66,4943.66,4911.79,4755.46,4909.35,4936.23,4910.38,4939.09,4910.32,4937.62,4909.74,4936.11,4909.37,4938.32,4909.77,4937.15,4905.69,4942.70,4906.82,4942.58,4911.03,4948.28,2240.93,2254.21,2240.81,2189.81
52,4931.91,4963.04,4931.01,4794.06,4928.55,4955.48,4929.59,4958.33,4929.63,4956.94,4928.95,4955.32,4928.64,4957.67,4929.05,4956.39,4924.87,4961.99,4926.03,4961.92,4930.25,4967.60,2252.31,2265.65,2252.18,2203.54
53,4912.74,4943.82,4911.82,4794.11,4909.27,4936.19,4910.32,4939.03,4910.41,4937.68,4909.69,4935.98,4909.37,4938.38,4909.78,4937.10,4905.67,4942.69,4906.81,4942.60,4911.07,4948.32,2257.15,2270.52,2257.03,2211.69
54,4931.91,4962.98,4931.02,4794.11,4928.48,4955.36,4929.53,4958.19,4929.73,4956.92,4928.92,4955.09,4928.67,4957.68,4929.03,4956.23,4924.87,4961.97,4925.97,4961.84,4930.26,4967.57,2269.07,2282.50,2268.96,2220.12
55,4931.84,4962.91,4930.98,4794.03,4928.43,4955.35,4929.50,4958.20,4929.80,4957.01,4928.88,4955.02,4928.67,4957.77,4929.01,4956.21,4924.85,4962.01,4925.97,4961.89,4930.25,4967.60,2277.86,2291.32,2277.76,2228.84
56,4931.27,4962.34,4930.42,4793.98,4927.86,4954.82,4928.96,4957.68,4929.36,4956.58,4928.33,4954.44,4928.16,4957.33,4928.46,4955.63,4924.33,4961.51,4925.46,4961.42,4929.73,4967.10,2286.47,2299.97,2286.38,2237.84
57,4930.71,4961.76,4929.85,4793.42,4927.26,4954.21,4928.38,4957.07,4928.90,4956.08,4927.76,4953.79,4927.63,4956.83,4927.89,4954.98,4923.79,4960.93,4924.94,4960.90,4929.18,4966.55,2295.71,2309.25,2295.62,2246.68
58,4929.99,4961.02,4929.14,4773.58,4926.40,4953.37,4927.52,4956.20,4928.12,4955.29,4926.96,4952.95,4926.81,4956.03,4927.05,4954.13,4923.06,4960.15,4924.25,4960.14,4928.49,4965.84,2310.52,2324.13,2310.45,2253.20
59,4891.31,4922.12,4890.43,4772.95,4887.71,4914.42,4888.78,4917.11,4889.54,4916.47,4888.28,4913.92,4888.18,4917.24,4888.37,4915.11,4884.40,4921.13,4885.58,4921.18,4889.80,4926.86,2290.16,2303.64,2290.10,2248.93
60,4929.27,4960.37,4928.34,4772.68,4925.73,4952.66,4926.81,4955.38,4927.66,4954.75,4926.30,4952.10,4926.29,4955.60,4926.46,4953.34,4922.46,4959.59,4923.54,4959.59,4927.72,4965.11,2299.34,2312.90,2299.25,2245.50
61,4947.91,4979.11,4947.00,4810.56,4944.34,4971.31,4945.38,4973.96,4946.35,4973.50,4944.93,4970.74,4944.94,4974.37,4945.13,4972.03,4941.06,4978.29,4942.15,4978.34,4946.35,4983.85,2293.08,2306.62,2292.98,2256.94
62,4928.29,4959.34,4927.37,4810.14,4924.64,4951.52,4925.65,4954.10,4926.71,4953.77,4925.26,4950.93,4925.27,4954.66,4925.46,4952.25,4921.47,4958.52,4922.53,4958.54,4926.75,4964.08,2274.99,2288.43,2274.89,2241.73
63,4927.88,4959.01,4926.94,4790.45,4924.18,4951.11,4925.16,4953.61,4926.33,4953.45,4924.82,4950.51,4924.87,4954.39,4925.06,4951.88,4921.06,4958.20,4922.06,4958.16,4926.33,4963.70,2261.15,2274.51,2261.04,2223.61
64,4908.23,4939.23,4907.31,4770.77,4904.40,4931.19,4905.35,4933.61,4906.62,4933.62,4905.08,4930.59,4905.12,4934.58,4905.35,4932.01,4901.40,4938.35,4902.29,4938.26,4906.69,4943.88,2243.81,2257.07,2243.68,2205.85
65,4907.92,4938.98,4906.93,4770.41,4904.01,4930.77,4904.93,4933.09,4906.27,4933.30,4904.68,4930.13,4904.76,4934.29,4905.00,4931.64,4901.05,4938.03,4901.87,4937.89,4906.32,4943.51,2230.96,2244.17,2230.82,2192.02
66,4926.69,4957.81,4925.72,4789.29,4922.81,4949.49,4923.70,4951.72,4925.14,4952.16,4923.46,4948.82,4923.64,4953.22,4923.85,4950.42,4919.83,4956.91,4920.60,4956.74,4925.08,4962.33,2223.15,2236.33,2222.99,2182.66
67,4906.68,4937.66,4905.71,4769.16,4902.83,4929.45,4903.71,4931.66,4905.17,4932.14,4903.51,4928.81,4903.63,4933.16,4903.88,4930.39,4899.85,4936.82,4900.59,4936.57,4905.05,4942.18,2205.05,2218.12,2204.90,2163.41
68,4925.85,4956.90,4924.90,4788.41,4921.99,4948.66,4922.91,4950.92,4924.35,4951.42,4922.70,4948.05,4922.77,4952.34,4923.09,4949.62,4919.04,4956.10,4919.78,4955.89,4924.22,4961.47,2200.78,2213.81,2200.63,2158.34
69,4905.78,4936.71,4904.85,4768.28,4902.00,4928.63,4902.91,4930.86,4904.36,4931.38,4902.72,4928.03,4902.77,4932.30,4903.09,4929.57,4899.02,4936.01,4899.79,4935.75,4904.19,4941.35,2184.19,2197.11,2184.05,2140.62
70,4905.36,4936.36,4904.44,4767.88,4901.60,4928.29,4902.50,4930.52,4903.95,4931.04,4902.32,4927.69,4902.35,4931.92,4902.68,4929.23,4898.59,4935.65,4899.40,4935.43,4903.75,4940.97,2174.72,2187.59,2174.59,2130.20
71,4943.61,4975.00,4942.69,4787.17,4939.83,4966.89,4940.76,4969.15,4942.18,4969.67,4940.56,4966.30,4940.55,4970.45,4940.91,4967.80,4936.80,4974.27,4937.71,4974.21,4942.00,4979.59,2181.74,2194.64,2181.62,2126.62
72,4904.99,4935.95,4904.09,4767.50,4901.29,4928.05,4902.26,4930.34,4903.61,4930.81,4902.03,4927.48,4901.99,4931.51,4902.32,4928.78,4898.23,4935.28,4899.24,4935.34,4903.44,4940.62,2154.43,2167.14,2154.34,2108.11
73,4923.69,4954.77,4922.75,4805.35,4920.03,4946.88,4920.97,4949.15,4922.37,4949.66,4920.76,4946.27,4920.72,4950.39,4921.11,4947.73,4916.94,4954.21,4918.07,4954.44,4922.12,4959.49,2155.86,2168.60,2155.75,2118.38
74,4904.18,4935.17,4903.27,4766.71,4900.59,4927.42,4901.51,4929.67,4902.89,4930.14,4901.29,4926.78,4901.28,4930.90,4901.65,4928.22,4897.47,4934.65,4898.76,4935.14,4902.66,4939.94,2138.16,2150.79,2138.06,2089.95
75,4903.78,4934.75,4902.84,4766.27,4900.19,4927.01,4901.12,4929.25,4902.49,4929.74,4900.90,4926.37,4900.87,4930.46,4901.24,4927.76,4897.04,4934.23,4898.46,4934.92,4902.26,4939.54,2131.78,2144.36,2131.68,2082.65
76,4922.37,4966.97,4935.03,4798.08,4918.75,4959.12,4919.69,4961.39,4921.08,4961.93,4919.48,4958.50,4919.39,4962.55,4919.79,4959.82,4915.55,4966.39,4917.07,4967.21,4920.83,4971.80,2136.82,2155.31,2142.57,2092.67
77,4922.01,4966.64,4934.62,4797.70,4918.34,4958.72,4919.30,4961.01,4920.67,4961.55,4919.09,4958.13,4918.96,4962.11,4919.38,4959.38,4915.11,4965.94,4916.75,4966.98,4920.42,4971.39,2131.84,2150.30,2137.56,2086.81
78,4921.58,4966.19,4934.20,4797.29,4917.94,4958.32,4918.91,4960.63,4920.27,4961.16,4918.70,4957.75,4918.54,4961.66,4918.97,4958.96,4914.68,4965.48,4916.44,4966.74,4920.01,4970.97,2127.53,2145.94,2133.25,2081.64
79,4921.45,4966.09,4934.06,4796.89,4917.82,4958.22,4918.79,4960.53,4920.14,4961.05,4918.59,4957.66,4918.39,4961.51,4918.84,4958.82,4914.52,4965.30,4916.40,4966.77,4919.87,4970.83,2116.95,2135.27,2122.64,2077.19
80,4921.35,4966.01,4933.94,4796.79,4917.68,4958.09,4918.67,4960.43,4920.01,4960.93,4918.47,4957.54,4918.24,4961.32,4918.72,4958.66,4914.37,4965.11,4916.35,4966.79,4919.74,4970.70,2107.02,2125.25,2112.69,2066.77
81,4940.30,4985.14,4952.93,4796.72,4936.60,4977.18,4937.60,4979.53,4938.93,4980.02,4937.41,4976.65,4937.13,4980.34,4937.63,4977.72,4933.23,4984.09,4935.32,4985.98,4938.64,4989.75,2108.80,2127.02,2114.49,2057.04
82,4997.43,5042.72,5010.27,4815.75,4993.64,5034.60,4994.66,5036.97,4995.99,5037.47,4994.49,5034.14,4994.14,5037.67,4994.65,5035.05,4990.20,5041.46,4992.39,5043.49,4995.78,5047.31,2123.88,2142.21,2129.63,2059.25
83,4959.13,5004.20,4971.78,4873.20,4955.36,4996.09,4956.40,4998.49,4957.72,4998.99,4956.19,4995.60,4955.83,4999.09,4956.37,4996.49,4951.94,5002.91,4954.16,5005.01,4957.42,5008.66,2097.79,2115.93,2103.44,2074.16
84,4959.11,5004.15,4971.75,4834.64,4955.34,4996.06,4956.40,4998.50,4957.70,4998.99,4956.19,4995.61,4955.81,4999.02,4956.35,4996.45,4951.92,5002.89,4954.20,5005.09,4957.41,5008.66,2089.15,2107.20,2094.78,2048.38
85,4939.78,4984.66,4952.39,4815.47,4936.08,4976.70,4937.12,4979.13,4938.41,4979.57,4936.91,4976.22,4936.53,4979.62,4937.06,4977.01,4932.65,4983.44,4934.98,4985.70,4938.09,4989.18,2072.46,2090.37,2078.05,2028.60
86,4939.70,4984.59,4952.27,4834.38,4935.96,4976.57,4937.02,4979.02,4938.32,4979.48,4936.82,4976.11,4936.41,4979.47,4936.95,4976.86,4932.53,4983.33,4934.89,4985.64,4937.96,4989.06,2069.50,2087.37,2075.07,2034.65
87,4958.71,5003.76,4971.37,4815.11,4954.96,4995.68,4956.01,4998.14,4957.34,4998.61,4955.83,4995.26,4955.41,4998.56,4955.94,4995.93,4951.52,5002.47,4953.90,5004.79,4957.00,5008.24,2071.33,2089.21,2076.93,2021.08
88,4958.46,5003.52,4971.11,4834.27,4954.72,4995.45,4955.78,4997.92,4957.12,4998.40,4955.59,4995.04,4955.17,4998.29,4955.69,4995.67,4951.26,5002.19,4953.62,5004.52,4956.72,5007.98,2069.35,2087.21,2074.95,2023.02
89,4920.27,4965.08,4932.74,4814.87,4916.52,4957.03,4917.57,4959.47,4918.91,4959.93,4917.40,4956.63,4916.98,4959.85,4917.48,4957.21,4913.08,4963.69,4915.43,4966.03,4918.49,4969.42,2048.66,2066.38,2054.16,2014.63
90,4919.78,4964.56,4932.30,4795.25,4916.11,4956.64,4917.16,4959.08,4918.51,4959.53,4916.99,4956.26,4916.58,4959.42,4917.05,4956.78,4912.66,4963.26,4914.99,4965.60,4918.07,4969.01,2050.88,2068.62,2056.40,2006.52
91,4976.76,5021.94,4989.51,4813.97,4973.06,5013.97,4974.12,5016.42,4975.49,5016.87,4973.93,5013.63,4973.52,5016.68,4973.97,5014.04,4969.60,5020.69,4971.88,5022.95,4975.08,5026.55,2067.85,2085.71,2073.44,2015.96
92,4957.58,5002.61,4970.27,4852.12,4953.91,4994.70,4954.97,4997.16,4956.34,4997.58,4954.77,4994.35,4954.39,4997.37,4954.81,4994.75,4950.47,5001.44,4952.66,5003.59,4955.89,5007.24,2059.18,2076.97,2064.74,2026.20
93,4957.54,5002.54,4970.26,4832.82,4953.90,4994.68,4954.99,4997.18,4956.35,4997.55,4954.77,4994.36,4954.37,4997.30,4954.77,4994.70,4950.43,5001.41,4952.58,5003.50,4955.89,5007.21,2059.76,2077.54,2065.34,2017.97
94,4957.50,5002.60,4970.14,4832.89,4953.77,4994.56,4954.86,4997.08,4956.22,4997.41,4954.64,4994.27,4954.25,4997.15,4954.62,4994.56,4950.28,5001.27,4952.35,5003.26,4955.75,5007.09,2059.44,2077.26,2064.98,2018.63
95,4957.33,5002.51,4969.92,4832.87,4953.53,4994.33,4954.63,4996.86,4955.97,4997.16,4954.40,4994.06,4954.01,4996.86,4954.34,4994.26,4950.01,5000.98,4951.99,5002.82,4955.48,5006.83,2058.87,2076.74,2064.37,2018.67
96,4937.74,4982.78,4950.26,4832.63,4933.91,4974.61,4935.02,4977.15,4936.35,4977.40,4934.79,4974.37,4934.39,4977.08,4934.67,4974.48,4930.41,4981.18,4932.29,4982.83,4935.87,4987.05,2056.89,2074.76,2062.36,2018.43
97,4918.56,4963.46,4931.02,4812.88,4914.76,4955.34,4915.87,4957.88,4917.19,4958.10,4915.64,4955.12,4915.25,4957.78,4915.51,4955.20,4911.27,4961.91,4913.04,4963.37,4916.69,4967.72,2052.35,2070.21,2057.80,2016.91
98,4918.15,4963.04,4930.65,4793.33,4914.35,4954.93,4915.46,4957.49,4916.78,4957.68,4915.24,4954.76,4914.86,4957.36,4915.08,4954.79,4910.85,4961.50,4912.53,4962.74,4916.28,4967.31,2058.94,2076.86,2064.42,2017.35
99,4917.80,4962.71,4930.28,4792.97,4913.94,4954.52,4915.06,4957.08,4916.37,4957.24,4914.85,4954.39,4914.47,4956.93,4914.65,4954.35,4910.42,4961.08,4912.03,4962.09,4915.87,4966.90,2066.25,2084.25,2071.74,2024.53
100,4918.24,4963.29,4930.62,4754.37,4914.21,4954.81,4915.30,4957.33,4916.64,4957.52,4915.14,4954.74,4914.78,4957.27,4914.93,4954.64,4910.60,4961.23,4912.20,4962.16,4916.13,4967.15,2072.34,2090.46,2077.79,2022.16
101,4898.75,4943.73,4911.00,4793.13,4894.58,4935.07,4895.67,4937.58,4896.99,4937.73,4895.54,4935.04,4895.15,4937.49,4895.27,4934.86,4890.96,4941.41,4892.51,4942.18,4896.52,4947.36,2073.64,2091.82,2079.04,2039.07
102,4898.69,4943.73,4910.91,4792.62,4894.48,4934.97,4895.57,4937.51,4896.87,4937.61,4895.44,4934.99,4895.08,4937.40,4895.16,4934.76,4890.82,4941.33,4892.34,4941.96,4896.40,4947.27,2073.98,2092.22,2079.35,2045.58
103,4898.48,4943.48,4910.78,4754.12,4894.30,4934.81,4895.38,4937.32,4896.68,4937.40,4895.28,4934.90,4894.95,4937.28,4894.97,4934.56,4890.62,4941.14,4892.07,4941.62,4896.26,4947.14,2082.69,2101.01,2088.10,2036.74
104,4917.09,4962.20,4929.50,4791.99,4912.93,4953.56,4914.02,4956.10,4915.30,4956.12,4913.93,4953.72,4913.61,4956.05,4913.59,4953.30,4909.21,4959.93,4910.64,4960.33,4914.90,4965.97,2097.57,2116.01,2103.03,2059.27
105,4916.80,4961.89,4929.23,4791.60,4912.64,4953.27,4913.73,4955.82,4915.00,4955.83,4913.67,4953.48,4913.34,4955.76,4913.28,4953.00,4908.86,4959.57,4910.30,4960.00,4914.62,4965.68,2108.70,2127.25,2114.20,2070.47
106,4954.51,4999.89,4967.08,4791.34,4950.29,4991.18,4951.38,4993.73,4952.64,4993.72,4951.35,4991.46,4951.01,4993.69,4950.91,4990.89,4946.43,4997.44,4947.86,4997.80,4952.31,5003.68,2135.39,2154.18,2140.96,2082.45
107,4955.02,5000.50,4967.52,4849.41,4950.82,4991.72,4951.89,4994.24,4953.17,4994.28,4951.87,4992.02,4951.58,4994.26,4951.46,4991.44,4946.85,4997.96,4948.22,4998.23,4952.72,5004.16,2139.02,2157.89,2144.56,2103.61
108,4878.54,4923.40,4890.80,4811.09,4874.35,4914.78,4875.42,4917.28,4876.63,4917.26,4875.37,4915.08,4875.12,4917.30,4874.93,4914.45,4870.50,4921.00,4871.86,4921.14,4876.28,4927.04,2109.65,2128.32,2115.08,2095.10
109,4878.65,4923.50,4890.92,4753.32,4874.49,4914.91,4875.52,4917.38,4876.76,4917.37,4875.56,4915.29,4875.29,4917.50,4875.11,4914.62,4870.56,4921.06,4871.95,4921.18,4876.42,4927.17,2119.26,2138.02,2124.71,2081.61
110,4897.80,4942.78,4910.17,4772.58,4893.68,4934.23,4894.71,4936.70,4895.93,4936.67,4894.76,4934.66,4894.49,4936.83,4894.31,4933.95,4889.70,4940.39,4891.13,4940.46,4895.62,4946.55,2127.41,2146.23,2132.89,2089.84
111,4897.79,4942.75,4910.16,4752.94,4893.66,4934.22,4894.66,4936.65,4895.89,4936.66,4894.73,4934.67,4894.47,4936.82,4894.29,4933.96,4889.67,4940.35,4891.19,4940.40,4895.64,4946.54,2132.73,2151.61,2138.22,2092.21
112,4974.53,5020.10,4987.15,4792.13,4970.36,5011.38,4971.34,5013.78,4972.61,5013.83,4971.47,5011.95,4971.25,5014.09,4971.06,5011.09,4966.23,5017.52,4967.69,5017.53,4972.40,5023.96,2167.94,2187.11,2173.53,2104.40
113,4878.71,4923.49,4891.02,4830.53,4874.64,4915.08,4875.60,4917.45,4876.82,4917.44,4875.74,4915.64,4875.53,4917.79,4875.30,4914.81,4870.53,4920.93,4872.09,4921.03,4876.63,4927.32,2133.63,2152.51,2139.10,2126.02
114,4897.84,4942.73,4910.25,4753.32,4893.78,4934.34,4894.71,4936.68,4895.92,4936.69,4894.87,4934.95,4894.68,4937.07,4894.44,4934.07,4889.62,4940.11,4891.23,4940.29,4895.83,4946.64,2140.66,2159.57,2146.18,2094.79
115,4917.20,4962.27,4929.65,4811.35,4913.24,4953.92,4914.16,4956.23,4915.36,4956.27,4914.29,4954.53,4914.18,4956.71,4913.91,4953.62,4908.99,4959.67,4910.64,4959.87,4915.18,4966.21,2138.62,2157.52,2144.13,2109.49
116,4936.25,4981.45,4948.76,4792.05,4932.24,4973.04,4933.14,4975.33,4934.33,4975.34,4933.31,4973.73,4933.22,4975.89,4932.93,4972.73,4928.02,4978.83,4929.65,4979.04,4934.25,4985.43,2147.77,2166.72,2153.31,2100.82
117,4954.90,5000.26,4967.47,4849.59,4950.85,4991.74,4951.77,4994.04,4952.91,4994.04,4951.90,4992.45,4951.79,4994.53,4951.55,4991.42,4946.66,4997.64,4948.25,4997.82,4952.93,5004.31,2150.28,2169.24,2155.84,2116.11
118,4916.79,4961.85,4929.24,4810.79,4912.77,4953.45,4913.65,4955.69,4914.75,4955.69,4913.79,4954.18,4913.74,4956.29,4913.43,4953.14,4908.59,4959.14,4910.22,4959.42,4914.82,4965.80,2137.95,2156.82,2143.47,2109.75
119,4878.23,4922.93,4890.59,4752.84,4874.16,4914.64,4874.98,4916.80,4876.05,4916.81,4875.16,4915.42,4875.13,4917.49,4874.78,4914.36,4870.08,4920.18,4871.65,4920.48,4876.30,4926.87,2131.38,2150.19,2136.88,2094.46
120,4935.82,4981.02,4948.35,4810.81,4931.85,4972.65,4932.68,4974.81,4933.74,4974.87,4932.79,4973.40,4932.86,4975.53,4932.51,4972.33,4927.65,4978.38,4929.26,4978.65,4933.92,4985.08,2141.13,2160.00,2146.68,2103.62
121,4936.64,4981.81,4949.18,4792.02,4932.81,4973.65,4933.54,4975.67,4934.63,4975.82,4933.66,4974.40,4933.92,4976.68,4933.42,4973.28,4928.51,4979.23,4930.13,4979.54,4934.74,4985.84,2142.49,2161.38,2148.03,2100.81
122,4916.70,4961.63,4929.24,4811.18,4912.82,4953.52,4913.55,4955.56,4914.56,4955.63,4913.67,4954.32,4913.90,4956.50,4913.40,4953.17,4908.64,4959.16,4910.21,4959.39,4914.87,4965.79,2137.92,2156.74,2143.48,2103.75
123,4975.18,5020.67,4987.83,4811.17,4971.39,5012.47,4972.05,5014.37,4973.09,5014.63,4972.07,5013.15,4972.49,5015.48,4971.99,5012.08,4967.01,5018.19,4968.58,5018.36,4973.28,5024.77,2149.55,2168.49,2155.12,2103.74
124,4917.13,4962.11,4929.65,4831.21,4913.33,4954.04,4914.00,4955.98,4914.89,4956.04,4914.02,4954.77,4914.45,4957.10,4913.88,4953.68,4909.05,4959.62,4910.63,4959.82,4915.28,4966.22,2138.60,2157.44,2144.14,2107.88
125,4916.22,4961.09,4928.80,4791.51,4912.34,4953.04,4913.02,4955.01,4913.79,4954.94,4913.00,4953.80,4913.47,4956.14,4912.87,4952.70,4908.15,4958.62,4909.72,4958.79,4914.42,4965.33,2143.01,2161.85,2148.61,2100.45
126,4935.73,4980.79,4948.35,4829.84,4931.98,4972.76,4932.65,4974.73,4933.34,4974.61,4932.55,4973.48,4933.12,4975.91,4932.48,4972.40,4927.67,4978.44,4929.25,4978.65,4933.93,4985.06,2141.10,2159.93,2146.68,2112.27
127,4916.62,4961.46,4929.21,4772.30,4912.86,4953.57,4913.47,4955.42,4914.07,4955.30,4913.34,4954.28,4914.03,4956.79,4913.30,4953.21,4908.59,4959.10,4910.19,4959.35,4914.84,4965.74,2144.03,2162.88,2149.61,2097.50
128,4916.65,4961.51,4929.24,4810.66,4912.94,4953.63,4913.55,4955.50,4914.07,4955.33,4913.34,4954.31,4914.11,4956.87,4913.35,4953.27,4908.61,4959.14,4910.24,4959.53,4914.86,4965.76,2137.91,2156.71,2143.48,2109.71
129,4897.20,4941.89,4909.73,4791.53,4893.45,4934.01,4894.06,4935.87,4894.46,4935.61,4893.79,4934.69,4894.63,4937.28,4893.81,4933.64,4889.14,4939.39,4888.21,4937.24,4895.39,4946.06,2134.39,2153.17,2139.95,2100.48
130,4935.35,4980.37,4947.97,4771.53,4931.50,4972.28,4932.15,4974.25,4932.39,4973.81,4931.79,4972.95,4932.68,4975.60,4931.85,4971.96,4927.16,4977.72,4929.95,4979.43,4933.50,4984.50,2140.98,2159.80,2146.54,2097.62
131,4897.30,4942.04,4909.75,4810.75,4893.47,4934.02,4894.10,4935.96,4894.23,4935.43,4893.69,4934.69,4894.69,4937.43,4893.77,4933.70,4889.10,4939.23,4826.87,4875.48,4895.39,4946.01,2134.43,2153.22,2139.95,2103.62
132,4878.52,4923.13,4890.91,4733.54,4874.77,4915.25,4875.40,4917.16,4875.41,4916.54,4874.88,4915.89,4876.05,4918.75,4875.01,4914.86,4870.37,4920.25,4807.77,4856.17,4876.61,4927.05,2126.47,2145.22,2131.96,2085.92
133,4897.31,4942.04,4909.76,4791.65,4893.48,4934.04,4894.20,4936.13,4894.03,4935.23,4893.62,4934.74,4894.77,4937.60,4893.74,4933.74,4897.45,4947.52,4794.44,4842.65,4895.39,4946.00,2134.44,2153.24,2139.96,2100.53
134,4858.65,4903.04,4871.00,4733.14,4854.77,4895.11,4855.58,4897.33,4855.18,4896.12,4854.89,4895.86,4856.11,4898.73,4854.97,4894.77,4868.29,4918.05,4716.01,4763.41,4856.74,4906.97,2122.61,2141.32,2128.10,2085.98
135,4916.88,4961.88,4929.33,4772.12,4913.00,4953.71,4913.83,4955.97,4913.37,4954.69,4913.06,4954.47,4914.38,4957.44,4913.27,4953.36,4917.61,4967.83,4725.56,4772.88,4914.87,4965.66,2138.00,2156.87,2143.51,2097.47
136,4916.64,4961.67,4929.07,4791.80,4912.57,4953.29,4913.50,4955.72,4912.82,4954.11,4912.66,4954.13,4913.97,4957.05,4912.84,4952.99,4879.91,4929.72,4697.39,4744.31,4914.57,4965.30,2143.09,2162.00,2148.61,2100.58
137,4897.31,4942.24,4909.63,4791.80,4893.32,4933.93,4894.24,4936.39,4893.52,4934.68,4893.37,4934.86,4894.86,4937.91,4893.52,4933.55,4806.86,4856.07,4645.41,4691.72,4895.23,4945.81,2134.71,2153.57,2140.17,2100.58
138,4897.49,4942.43,4909.81,4791.37,4893.49,4934.13,4894.48,4936.70,4893.60,4934.72,4893.55,4935.12,4895.06,4938.17,4893.71,4933.75,4778.40,4827.35,4617.76,4663.57,4895.38,4945.97,2134.50,2153.37,2139.97,2106.22
139,4897.49,4942.42,4909.84,4753.06,4893.48,4934.12,4894.48,4936.67,4893.53,4934.60,4893.49,4935.04,4895.08,4938.19,4893.71,4933.76,4756.95,4805.68,4656.49,4702.36,4895.36,4945.95,2135.19,2154.05,2140.67,2088.90
140,4917.01,4962.13,4929.39,4811.02,4913.04,4953.82,4914.04,4956.31,4913.07,4954.28,4912.95,4954.63,4914.66,4957.87,4913.29,4953.46,4747.03,4795.76,4624.50,4670.01,4914.85,4965.62,2138.04,2156.93,2143.53,2109.84
141,4897.09,4941.99,4909.45,4791.42,4893.03,4933.66,4894.12,4936.27,4893.02,4934.04,4893.01,4934.51,4894.65,4937.70,4893.29,4933.37,4703.34,4751.61,4673.85,4719.41,4894.97,4945.54,2134.35,2153.19,2139.85,2100.62
142,4878.45,4923.19,4890.74,4733.41,4874.40,4914.97,4875.49,4917.57,4874.39,4915.35,4874.30,4915.73,4875.98,4918.93,4874.70,4914.75,4628.04,4675.61,4451.47,4494.10,4876.31,4926.67,2131.47,2150.30,2136.95,2091.61
143,4878.20,4922.87,4890.57,4753.24,4874.21,4914.71,4875.35,4917.27,4874.23,4915.13,4874.08,4915.36,4875.80,4918.55,4874.49,4914.38,4580.80,4627.77,4433.74,4475.15,4876.14,4926.47,2118.76,2137.44,2124.25,2081.41
144,4898.11,4942.97,4910.49,4772.35,4894.29,4934.89,4895.43,4937.39,4894.37,4935.39,4894.08,4935.47,4895.92,4938.76,4894.61,4934.54,4593.50,4640.58,4651.97,4694.93,4896.02,4946.60,2122.83,2141.54,2128.30,2084.55
145,4897.83,4929.10,4896.74,4778.98,4893.96,4921.09,4895.21,4923.75,4894.01,4921.50,4893.80,4921.70,4895.58,4925.00,4894.38,4920.90,4612.03,4646.59,4638.78,4667.69,4895.74,4932.81,2128.97,2141.88,2128.63,2088.98
146,4878.31,4909.43,4877.25,4759.40,4874.39,4901.53,4875.73,4904.26,4874.44,4901.87,4874.27,4902.12,4876.01,4905.38,4874.85,4901.38,4605.13,4639.67,4958.70,4987.62,4876.25,4913.20,2125.41,2138.28,2125.09,2085.69
147,4897.39,4928.66,4896.31,4758.95,4893.42,4920.66,4894.82,4923.43,4893.47,4920.98,4893.30,4921.26,4895.07,4924.52,4893.92,4920.55,4627.82,4662.52,5071.23,5097.92,4895.26,4932.36,2134.45,2147.38,2134.12,2091.68
148,4878.36,4909.53,4877.26,4739.85,4874.33,4901.51,4875.80,4904.31,4874.39,4901.80,4874.22,4902.07,4875.99,4905.31,4874.92,4901.43,4615.86,4650.44,5401.57,5430.02,4876.18,4913.13,2131.42,2144.33,2131.08,2088.74
149,4916.43,4947.77,4915.37,4758.94,4912.37,4939.68,4913.89,4942.50,4912.47,4939.98,4912.26,4940.22,4914.08,4943.51,4913.01,4939.62,4583.10,4617.29,6196.81,6229.61,4914.22,4951.44,2143.08,2156.04,2142.77,2091.67
150,4916.87,4948.23,4915.79,4817.18,4912.89,4940.19,4914.44,4942.98,4913.00,4940.48,4912.75,4940.69,4914.62,4944.02,4913.57,4940.13,4667.31,4702.17,6514.45,6549.32,4914.64,4951.90,2137.96,2150.90,2137.64,2106.69
151,4936.35,4967.82,4935.27,4759.36,4932.39,4959.71,4933.97,4962.47,4932.53,4960.00,4932.23,4960.18,4934.16,4963.59,4933.13,4959.66,4734.26,4769.79,7140.28,7178.62,4934.07,4971.46,2142.35,2155.31,2142.03,2086.18
152,4897.82,4929.06,4896.74,4798.08,4893.80,4920.99,4895.44,4923.76,4893.92,4921.21,4893.66,4921.43,4895.57,4924.79,4894.58,4920.98,4774.82,4810.79,7458.13,7498.65,4895.52,4932.65,2129.47,2142.37,2129.15,2098.73
153,4916.94,4948.34,4915.83,4778.57,4912.82,4940.06,4914.49,4942.83,4912.93,4940.27,4912.68,4940.49,4914.57,4943.83,4913.63,4940.05,4800.59,4836.74,7930.03,7973.45,4914.56,4951.81,2138.00,2150.95,2137.67,2094.79
154,4955.49,4987.12,4954.38,4798.14,4951.39,4978.73,4953.06,4981.42,4951.52,4978.94,4951.22,4979.14,4953.13,4982.49,4952.22,4978.72,4855.36,4891.98,8401.95,8448.33,4953.06,4990.56,2152.19,2165.23,2151.86,2098.05
155,4897.61,4928.89,4896.50,4778.40,4893.49,4920.62,4895.20,4923.34,4893.60,4920.76,4893.37,4921.06,4895.20,4924.31,4894.36,4920.67,4932.90,4970.50,8556.50,8604.35,4895.21,4932.37,2131.83,2144.76,2131.50,2096.94
156,4898.04,4929.35,4896.92,4778.71,4894.00,4921.10,4895.76,4923.79,4894.16,4921.27,4893.88,4921.56,4895.69,4924.75,4894.90,4921.13,4969.38,5007.27,8874.33,8924.54,4895.62,4932.86,2124.97,2137.86,2124.63,2091.89
157,4898.16,4929.43,4897.06,4759.73,4894.10,4921.15,4895.92,4923.85,4894.29,4921.31,4894.01,4921.60,4895.69,4924.69,4895.06,4921.24,5061.19,5099.53,9192.20,9244.75,4895.73,4933.00,2124.21,2137.08,2123.89,2080.42
158,4879.06,4910.18,4877.98,4740.56,4875.03,4901.96,4876.89,4904.64,4875.24,4902.09,4874.98,4902.44,4876.58,4905.43,4876.02,4902.11,5153.00,5191.76,9510.08,9564.97,4876.65,4913.82,2115.63,2128.43,2115.32,2071.78
159,4917.13,4948.44,4916.08,4778.77,4913.06,4940.07,4914.94,4942.72,4913.34,4940.28,4913.07,4940.67,4914.56,4943.50,4914.08,4940.24,5294.75,5334.31,9827.99,9885.27,4914.75,4952.19,2133.20,2146.09,2132.91,2089.49
160,4917.10,4948.40,4916.06,4778.71,4913.00,4939.98,4914.92,4942.56,4913.36,4940.24,4913.03,4940.62,4914.46,4943.34,4914.09,4940.21,5436.54,5476.93,9991.78,10050.79,4914.75,4952.20,2133.18,2146.06,2132.90,2089.46
161,4917.06,4948.33,4916.05,4759.57,4912.92,4939.84,4914.83,4942.30,4913.39,4940.21,4912.96,4940.51,4914.31,4943.08,4914.06,4940.16,5531.05,5571.91,10310.15,10372.08,4914.74,4952.16,2138.79,2151.67,2138.51,2086.49
162,4897.86,4929.02,4896.85,4778.52,4893.74,4920.54,4895.68,4923.00,4894.28,4920.98,4893.82,4921.29,4895.09,4923.76,4894.90,4920.90,5627.48,5669.11,10628.39,10692.88,4895.56,4932.91,2124.86,2137.67,2124.58,2089.83
163,4917.00,4948.22,4916.02,4759.51,4912.82,4939.62,4914.80,4942.05,4913.49,4940.14,4912.99,4940.45,4914.08,4942.73,4914.08,4940.07,5722.86,5764.99,11100.69,11168.47,4914.72,4952.17,2133.82,2146.66,2133.56,2080.83
164,4916.84,4948.03,4915.88,4778.44,4912.64,4939.41,4914.62,4941.78,4913.41,4940.04,4912.85,4940.30,4913.83,4942.44,4913.93,4939.88,5818.36,5861.10,11264.95,11334.65,4914.60,4952.07,2134.03,2146.86,2133.78,2090.33
165,4974.26,5005.76,4973.32,4816.81,4969.97,4996.83,4971.98,4999.16,4970.82,4997.54,4970.29,4997.84,4971.06,4999.76,4971.34,4997.38,5860.55,5903.39,11575.06,11648.17,4972.03,5009.78,2155.19,2168.11,2154.96,2101.74
166,4898.02,4929.08,4897.06,4778.60,4893.73,4920.30,4895.76,4922.56,4894.68,4921.09,4894.04,4921.30,4894.71,4923.04,4895.16,4920.92,5811.72,5854.24,11421.57,11494.36,4895.81,4933.07,2129.48,2142.26,2129.23,2096.46
167,4916.97,4948.16,4916.01,4797.76,4912.67,4939.23,4914.69,4941.40,4913.68,4940.09,4912.99,4940.27,4913.59,4941.88,4914.12,4939.83,5716.50,5758.49,11731.77,11807.94,4914.75,4952.15,2133.08,2145.88,2132.84,2097.82
168,4897.82,4928.83,4896.91,4759.35,4893.52,4919.87,4895.54,4921.91,4894.63,4920.86,4893.83,4920.84,4894.32,4922.23,4894.97,4920.41,5715.78,5757.77,11887.49,11965.81,4895.66,4932.88,2122.61,2135.31,2122.41,2078.76
169,4897.80,4928.79,4896.90,4759.33,4893.48,4919.76,4895.49,4921.75,4894.65,4920.86,4893.78,4920.71,4894.19,4921.95,4894.97,4920.36,5715.06,5757.07,12043.28,12123.73,4895.66,4932.88,2122.60,2135.29,2122.40,2078.74
170,4897.84,4928.85,4896.92,4759.37,4893.50,4919.80,4895.51,4921.83,4894.72,4920.97,4893.78,4920.73,4894.15,4921.95,4895.06,4920.55,5716.14,5758.30,12199.09,12281.68,4895.70,4933.00,2123.99,2136.70,2123.78,2080.18
171,4917.31,4948.46,4916.38,4759.34,4912.95,4939.25,4914.94,4941.28,4914.22,4940.59,4913.21,4940.15,4913.52,4941.24,4914.55,4940.07,5620.89,5662.50,12509.56,12595.47,4915.18,4952.62,2127.89,2140.62,2127.68,2080.16
172,4936.32,4967.54,4935.42,4797.96,4931.95,4958.26,4933.93,4960.28,4933.26,4959.71,4932.20,4959.12,4932.46,4960.11,4933.57,4959.14,5528.83,5569.71,12665.42,12753.51,4934.22,4971.81,2136.89,2149.66,2136.69,2092.71
173,4916.77,4947.83,4915.91,4797.90,4912.43,4938.61,4914.43,4940.65,4913.75,4940.09,4912.66,4939.34,4912.85,4940.25,4914.05,4939.49,5436.77,5476.94,12666.65,12755.78,4914.75,4952.23,2132.97,2145.70,2132.79,2092.68
174,4916.74,4947.76,4915.90,4778.31,4912.39,4938.50,4914.39,4940.57,4913.75,4940.09,4912.61,4939.16,4912.71,4939.95,4914.01,4939.43,5294.84,5333.99,12822.35,12913.63,4914.75,4952.25,2132.96,2145.67,2132.79,2089.22
175,4935.79,4966.91,4934.97,4778.31,4931.36,4957.51,4933.34,4959.57,4932.81,4959.24,4931.60,4958.14,4931.65,4958.95,4933.00,4958.45,5152.90,5191.02,12978.01,13071.41,4933.80,4971.43,2142.13,2154.88,2141.96,2089.21
176,4916.76,4947.80,4915.93,4778.34,4912.29,4938.32,4914.24,4940.40,4913.77,4940.17,4912.56,4938.96,4912.55,4939.76,4913.94,4939.30,4963.62,5000.40,12979.07,13073.48,4914.73,4952.24,2133.65,2146.37,2133.48,2089.93
177,4916.80,4947.87,4915.94,4797.48,4912.32,4938.31,4914.22,4940.34,4913.76,4940.17,4912.57,4938.95,4912.56,4939.80,4913.93,4939.26,4868.97,4905.08,13134.60,13231.09,4914.75,4952.26,2132.97,2145.70,2132.80,2098.47
178,4935.94,4967.16,4935.03,4797.56,4931.40,4957.39,4933.26,4959.42,4932.80,4959.27,4931.64,4958.02,4931.64,4958.93,4932.99,4958.33,4825.12,4861.07,13290.14,13388.65,4933.82,4971.46,2136.20,2148.95,2136.02,2092.37
179,4897.81,4928.82,4896.91,4759.31,4893.21,4919.07,4894.99,4921.02,4894.64,4921.04,4893.44,4919.70,4893.40,4920.63,4894.79,4920.07,4636.79,4671.33,13440.44,13541.21,4895.69,4933.03,2129.97,2142.70,2129.77,2086.30
180,4916.91,4948.05,4916.00,4778.49,4912.28,4938.15,4914.03,4940.09,4913.66,4940.12,4912.50,4938.77,4912.48,4939.78,4913.84,4939.14,4592.93,4627.37,13597.74,13700.49,4914.75,4952.22,2133.02,2145.77,2132.82,2089.27
181,4897.88,4928.92,4896.95,4759.39,4893.22,4918.97,4894.90,4920.86,4894.55,4920.97,4893.40,4919.57,4893.40,4920.64,4894.78,4920.00,4498.43,4532.42,13755.02,13859.61,4895.71,4933.07,2123.99,2136.70,2123.78,2080.16
182,4897.45,4928.47,4896.55,4758.98,4892.73,4918.45,4894.39,4920.36,4894.01,4920.44,4892.91,4919.04,4892.92,4920.18,4894.21,4919.50,4549.86,4584.14,13756.05,13861.22,4895.28,4932.61,2129.32,2142.06,2129.12,2086.03
183,4917.04,4948.26,4916.07,4759.03,4912.24,4937.98,4913.84,4939.89,4913.49,4940.05,4912.40,4938.57,4912.43,4939.81,4913.73,4939.05,4551.48,4585.79,13913.25,14020.28,4914.76,4952.20,2133.08,2145.87,2132.85,2086.05
184,4956.07,4987.58,4955.05,4798.19,4951.24,4977.09,4952.80,4979.02,4952.47,4979.23,4951.39,4977.68,4951.47,4979.06,4952.77,4978.20,4601.32,4636.06,13914.13,14021.68,4953.71,4991.38,2148.53,2161.43,2148.29,2092.79
185,4917.09,4948.35,4916.09,4817.79,4912.21,4937.87,4913.72,4939.76,4913.37,4939.99,4912.34,4938.47,4912.42,4939.83,4913.67,4939.02,4499.82,4533.76,13602.46,13708.09,4914.76,4952.20,2148.41,2161.30,2148.19,2104.12
186,4897.87,4929.00,4896.88,4759.39,4893.01,4918.58,4894.49,4920.47,4894.14,4920.74,4893.16,4919.20,4893.27,4920.63,4894.44,4919.72,4499.80,4533.91,13603.58,13709.93,4895.59,4932.91,2148.32,2161.19,2148.10,2096.78
187,4917.02,4948.24,4916.05,4778.61,4912.18,4937.77,4913.61,4939.66,4913.25,4939.96,4912.31,4938.41,4912.44,4939.87,4913.63,4938.97,4593.66,4628.68,13604.75,13711.89,4914.77,4952.22,2164.93,2177.88,2164.74,2113.40
188,4916.93,4948.08,4916.02,4759.40,4912.10,4937.65,4913.50,4939.54,4913.19,4939.95,4912.26,4938.35,4912.38,4939.79,4913.60,4938.91,4687.50,4723.40,13605.95,13713.95,4914.74,4952.20,2174.31,2187.28,2174.15,2113.58
189,4916.95,4948.10,4916.01,4797.64,4912.13,4937.66,4913.49,4939.53,4913.15,4939.96,4912.29,4938.40,4912.45,4939.89,4913.61,4938.92,4733.10,4769.40,13607.22,13716.00,4914.75,4952.25,2182.67,2195.68,2182.51,2140.06
190,4897.45,4928.47,4896.53,4758.94,4892.56,4918.00,4893.91,4919.87,4893.53,4920.30,4892.73,4918.76,4892.93,4920.28,4894.05,4919.31,4778.67,4815.35,13295.33,13402.03,4895.28,4932.65,2188.38,2201.40,2188.23,2137.06
191,4897.47,4928.50,4896.53,4758.96,4892.54,4917.96,4893.86,4919.80,4893.47,4920.28,4892.73,4918.76,4892.97,4920.30,4894.05,4919.31,4824.21,4861.23,13139.78,13245.89,4895.28,4932.65,2198.01,2211.09,2197.87,2146.65
192,4936.44,4967.75,4935.48,4778.52,4931.62,4957.13,4932.89,4958.99,4932.56,4959.59,4931.83,4958.01,4932.11,4959.61,4933.15,4958.47,4965.91,5003.77,13296.99,13405.26,4934.22,4971.88,2215.27,2228.45,2215.13,2159.69
193,4917.36,4948.55,4916.41,4778.95,4912.57,4937.99,4913.79,4939.80,4913.45,4940.46,4912.78,4938.91,4913.11,4940.52,4914.12,4939.38,5057.71,5096.00,12984.76,13090.83,4915.18,4952.71,2216.75,2229.92,2216.63,2164.39
194,4916.88,4948.02,4915.97,4798.03,4912.04,4937.44,4913.28,4939.29,4912.87,4939.90,4912.30,4938.42,4912.68,4940.06,4913.58,4938.86,5103.11,5141.61,12672.26,12775.75,4914.76,4952.25,2232.12,2245.34,2232.02,2183.56
195,4897.34,4928.32,4896.45,4758.86,4892.49,4917.81,4893.72,4919.65,4893.28,4920.29,4892.79,4918.85,4893.19,4920.44,4894.02,4919.25,5148.55,5187.24,12359.94,12461.18,4895.29,4932.62,2236.20,2249.43,2236.13,2187.83
196,4916.86,4948.00,4915.93,4758.84,4911.95,4937.33,4913.19,4939.20,4912.71,4939.86,4912.28,4938.44,4912.78,4940.09,4913.58,4938.82,5343.70,5383.75,11890.73,11988.21,4914.76,4952.19,2247.70,2260.99,2247.62,2195.68
197,4916.42,4947.53,4915.51,4778.45,4911.41,4936.77,4912.63,4938.64,4912.16,4939.38,4911.76,4937.94,4912.24,4939.47,4913.04,4938.28,5436.37,5476.86,11412.58,11506.70,4914.34,4951.72,2260.62,2273.96,2260.56,2206.95
198,4916.90,4948.08,4915.94,4797.58,4911.93,4937.26,4913.14,4939.15,4912.67,4939.95,4912.33,4938.52,4912.89,4940.11,4913.58,4938.78,5484.60,5525.52,11091.36,11183.62,4914.76,4952.21,2264.50,2277.89,2264.43,2223.64
199,4936.00,4967.29,4935.02,4778.50,4930.91,4956.29,4932.12,4958.18,4931.64,4959.04,4931.36,4957.63,4931.99,4959.25,4932.61,4957.82,5579.86,5621.26,10456.50,10543.74,4933.81,4971.40,2282.75,2296.25,2282.68,2224.19
200,4898.02,4929.12,4897.03,4778.52,4892.96,4918.18,4894.17,4920.09,4893.62,4920.92,4893.47,4919.61,4894.18,4921.21,4894.71,4919.76,5624.67,5666.32,9665.05,9745.71,4895.83,4933.16,2274.62,2288.09,2274.55,2234.74
201,4917.25,4948.50,4916.23,4778.66,4912.12,4937.42,4913.33,4939.31,4912.76,4940.18,4912.68,4938.92,4913.47,4940.57,4913.89,4938.98,5669.41,5711.20,9030.63,9106.88,4915.02,4952.52,2292.10,2305.68,2292.02,2242.54
202,4917.38,4948.61,4916.34,4778.78,4912.22,4937.50,4913.43,4939.38,4912.85,4940.33,4912.83,4939.08,4913.65,4940.68,4914.04,4939.08,5622.13,5663.50,8395.85,8467.46,4915.16,4952.67,2290.94,2304.50,2290.85,2240.84
203,4898.01,4929.13,4896.99,4759.34,4892.77,4917.99,4893.98,4919.88,4893.38,4920.86,4893.42,4919.64,4894.23,4921.12,4894.61,4919.60,5524.96,5565.57,7760.97,7827.91,4895.83,4933.23,2286.95,2300.48,2286.87,2236.75
204,4917.63,4948.87,4916.60,4779.06,4912.43,4937.71,4913.63,4939.58,4913.03,4940.63,4913.13,4939.43,4914.01,4940.97,4914.31,4939.31,5527.78,5568.50,6969.48,7030.17,4915.44,4952.98,2290.52,2304.06,2290.44,2239.43
205,4937.65,4969.02,4936.60,4779.30,4932.51,4957.82,4933.65,4959.59,4933.08,4960.77,4933.23,4959.62,4934.19,4961.27,4934.45,4959.46,5527.25,5568.09,6187.14,6241.76,4935.47,4973.14,2278.49,2291.98,2278.39,2238.34
206,4937.55,4968.86,4936.56,4818.36,4932.39,4957.71,4933.53,4959.44,4932.95,4960.68,4933.16,4959.57,4934.11,4961.19,4934.32,4959.37,5428.65,5469.02,5551.47,5600.57,4935.47,4973.10,2270.77,2284.20,2270.69,2236.92
207,4937.95,4969.27,4936.95,4799.18,4932.78,4958.08,4933.88,4959.73,4933.33,4961.07,4933.57,4960.00,4934.57,4961.69,4934.72,4959.75,5331.77,5371.58,4759.46,4802.10,4935.90,4973.51,2257.42,2270.79,2257.33,2219.17
208,4938.35,4969.66,4937.35,4799.55,4933.17,4958.47,4934.24,4960.04,4933.71,4961.48,4934.00,4960.45,4935.03,4962.19,4935.11,4960.17,5238.12,5277.26,4124.27,4161.85,4936.32,4973.93,2244.64,2257.94,2244.55,2205.38
209,4919.25,4950.44,4918.27,4780.39,4914.00,4939.25,4915.05,4940.74,4914.52,4942.24,4914.85,4941.27,4915.85,4942.98,4915.96,4940.99,5094.52,5132.61,3489.10,3521.48,4917.27,4954.75,2228.05,2241.24,2227.95,2188.37
210,4939.21,4970.58,4938.19,4800.45,4933.99,4959.27,4934.98,4960.66,4934.50,4962.28,4934.88,4961.39,4935.91,4963.18,4935.92,4960.98,5001.03,5038.60,2853.98,2881.07,4937.15,4974.76,2220.90,2234.09,2220.77,2179.65
211,4939.67,4971.06,4938.63,4800.91,4934.41,4959.71,4935.40,4961.11,4934.93,4962.74,4935.31,4961.86,4936.33,4963.62,4936.33,4961.40,4857.55,4894.14,2375.46,2398.82,4937.57,4975.18,2209.94,2223.08,2209.80,2167.71
212,4940.11,4971.50,4939.06,4782.22,4934.81,4960.10,4935.76,4961.48,4935.36,4963.17,4935.69,4962.27,4936.72,4964.05,4936.73,4961.79,4666.72,4702.01,1896.89,1916.42,4937.95,4975.54,2194.77,2207.83,2194.62,2150.10
213,4940.58,4972.03,4939.50,4820.94,4935.25,4960.57,4936.23,4961.97,4935.79,4963.65,4936.17,4962.78,4937.14,4964.44,4937.13,4962.23,4570.50,4605.11,1418.32,1433.98,4938.38,4975.98,2189.85,2202.91,2189.70,2147.01
214,4960.08,4991.66,4959.02,4802.28,4954.69,4980.10,4955.67,4981.47,4955.24,4983.20,4955.63,4982.35,4956.54,4983.90,4956.53,4981.72,4523.25,4557.47,939.81,951.57,4957.81,4995.53,2190.72,2203.78,2190.57,2135.61
215,4941.35,4972.86,4940.24,4802.58,4935.95,4961.30,4936.90,4962.64,4936.50,4964.42,4936.91,4963.58,4937.76,4965.04,4937.70,4962.86,4383.17,4416.56,626.78,635.74,4939.03,4976.65,2173.01,2185.99,2172.84,2126.93
216,4903.67,4935.00,4902.52,4783.89,4898.26,4923.45,4899.22,4924.76,4898.85,4926.60,4899.21,4925.70,4900.05,4927.14,4899.95,4924.89,4196.40,4228.51,313.79,319.98,4901.32,4938.68,2145.65,2158.48,2145.46,2108.13
217,4904.23,4935.57,4903.08,4765.36,4898.78,4923.99,4899.72,4925.18,4899.38,4927.16,4899.75,4926.28,4900.55,4927.58,4900.50,4925.44,4146.62,4178.43,1.50,5.70,4901.85,4939.23,2137.19,2149.97,2136.99,2088.96
218,4923.74,4955.21,4922.57,4784.93,4918.28,4943.61,4919.20,4944.76,4918.85,4946.78,4919.27,4945.95,4920.02,4947.19,4920.00,4945.15,4196.57,4228.83,1.48,5.51,4921.34,4958.90,2140.16,2152.96,2139.95,2091.11
219,4943.26,4974.88,4942.06,4804.49,4937.75,4963.16,4938.69,4964.37,4938.32,4966.36,4938.75,4965.53,4939.49,4966.75,4939.43,4964.68,4247.90,4280.36,1.45,5.30,4940.80,4978.49,2154.33,2167.24,2154.11,2104.63
220,4943.68,4975.30,4942.47,4804.89,4938.16,4963.59,4939.10,4964.77,4938.75,4966.81,4939.18,4965.98,4939.88,4967.14,4939.81,4965.09,4251.07,4283.44,1.43,5.12,4941.21,4978.90,2149.00,2161.88,2148.78,2098.41
221,4963.30,4995.07,4962.08,4805.34,4957.73,4983.23,4958.66,4984.39,4958.35,4986.51,4958.74,4985.62,4959.40,4986.71,4959.35,4984.70,4204.22,4235.85,1.41,4.93,4960.78,4998.58,2153.77,2166.68,2153.56,2092.90
222,4925.04,4956.59,4923.82,4824.98,4919.59,4944.98,4920.54,4946.13,4920.21,4948.27,4920.59,4947.36,4921.25,4948.42,4921.17,4946.45,4207.36,4238.84,1.38,4.74,4922.56,4960.16,2133.49,2146.27,2133.26,2097.61
223,4963.48,4995.17,4962.32,4786.60,4958.01,4983.55,4958.97,4984.69,4958.71,4986.94,4959.00,4985.92,4959.63,4986.94,4959.57,4984.99,4345.81,4378.02,1.37,4.59,4961.05,4998.87,2135.71,2148.46,2135.52,2077.34
224,4925.52,4957.04,4924.33,4825.20,4920.14,4945.55,4921.12,4946.71,4920.83,4948.96,4921.13,4947.93,4921.74,4948.91,4921.65,4946.99,4391.53,4424.08,1.35,4.44,4923.09,4960.69,2113.18,2125.81,2112.98,2080.01
225,4944.83,4976.43,4943.65,4787.13,4939.43,4964.92,4940.42,4966.08,4940.16,4968.40,4940.40,4967.26,4941.01,4968.24,4940.93,4966.35,4491.00,4523.95,1.33,4.23,4942.40,4980.08,2115.02,2127.63,2114.84,2057.43
226,4983.68,5015.43,4982.56,4806.44,4978.25,5003.87,4979.28,5005.08,4979.07,5007.47,4979.24,5006.23,4979.86,5007.24,4979.72,5005.29,4587.12,4620.48,1.31,4.06,4981.30,5019.16,2123.07,2135.68,2122.92,2059.67
227,4907.19,4938.53,4906.04,4826.27,4901.87,4927.21,4902.94,4928.45,4902.71,4930.83,4902.84,4929.51,4903.46,4930.51,4903.25,4928.48,4540.77,4573.92,1.28,3.93,4904.81,4942.22,2079.44,2091.82,2079.29,2059.63
228,4926.54,4958.01,4925.40,4787.88,4921.21,4946.66,4922.31,4947.97,4922.06,4950.31,4922.20,4948.99,4922.87,4950.07,4922.60,4948.02,4686.78,4720.69,1.28,3.84,4924.16,4961.74,2080.49,2092.87,2080.34,2032.65
229,4907.77,4939.14,4906.62,4769.04,4902.41,4927.81,4903.53,4929.10,4903.29,4931.49,4903.42,4930.13,4904.10,4931.22,4903.77,4929.15,4782.90,4817.24,1.27,3.73,4905.38,4942.81,2062.96,2075.24,2062.81,2014.58
230,4908.07,4939.44,4906.89,4769.35,4902.67,4928.05,4903.84,4929.44,4903.58,4931.78,4903.67,4930.36,4904.40,4931.54,4903.96,4929.35,4829.33,4863.91,1.26,3.64,4905.66,4943.05,2057.16,2069.40,2057.00,2008.41
231,4927.44,4958.98,4926.26,4788.78,4921.99,4947.45,4923.25,4949.00,4922.91,4951.21,4923.03,4949.77,4923.81,4951.08,4923.21,4948.69,4925.68,4960.89,1.25,3.57,4924.97,4962.50,2063.18,2075.47,2063.03,2014.26
232,4927.85,4959.37,4926.67,4769.95,4922.35,4947.78,4923.66,4949.43,4923.29,4951.59,4923.43,4950.15,4924.27,4951.56,4923.49,4948.99,5021.96,5057.76,1.24,3.52,4925.35,4962.84,2061.23,2073.49,2061.09,2002.10
233,4928.16,4959.71,4926.96,4789.47,4922.62,4948.05,4923.99,4949.79,4923.57,4951.87,4923.74,4950.44,4924.62,4951.93,4923.68,4949.21,5118.37,5154.92,1.25,3.51,4925.61,4963.12,2057.75,2070.00,2057.60,2008.27
234,4928.47,4960.06,4927.26,4809.05,4922.95,4948.41,4924.39,4950.24,4923.88,4952.22,4924.09,4950.81,4925.00,4952.33,4923.92,4949.53,5219.04,5256.52,1.25,3.51,4925.89,4963.41,2057.42,2069.69,2057.25,2017.29
235,4947.84,4979.56,4946.62,4790.26,4942.24,4967.77,4943.76,4969.69,4943.21,4971.64,4943.44,4970.22,4944.39,4971.81,4943.12,4968.85,5312.03,5350.23,1.26,3.48,4945.20,4982.85,2060.46,2072.76,2060.29,2009.87
236,4948.13,4979.85,4946.90,4809.68,4942.52,4968.07,4944.11,4970.09,4943.49,4971.95,4943.76,4970.53,4944.76,4972.22,4943.31,4969.12,5404.28,5443.34,1.27,3.45,4945.47,4983.14,2058.93,2071.21,2058.76,2013.36
237,4967.83,4999.62,4966.61,4809.93,4962.19,4987.79,4963.85,4989.93,4963.15,4991.68,4963.46,4990.28,4964.54,4992.09,4962.92,4988.85,5454.14,5493.59,1.28,3.41,4965.19,5002.89,2070.88,2083.21,2070.73,2012.13
238,4948.64,4980.34,4947.41,4829.65,4943.07,4968.61,4944.78,4970.83,4944.03,4972.49,4944.34,4971.09,4945.49,4973.01,4943.72,4969.63,5357.16,5396.23,1.29,3.38,4946.00,4983.63,2063.28,2075.57,2063.12,2024.22
239,4948.87,4980.55,4947.68,4810.36,4943.36,4968.91,4945.13,4971.23,4944.31,4972.79,4944.68,4971.44,4945.85,4973.39,4943.91,4969.83,5309.92,5348.88,1.31,3.39,4946.25,4983.90,2058.75,2071.00,2058.60,2017.11
240,4949.07,4980.70,4947.92,4810.61,4943.64,4969.20,4945.47,4971.61,4944.60,4973.09,4944.98,4971.76,4946.21,4973.80,4944.13,4970.08,5259.34,5298.21,1.32,3.38,4946.51,4984.18,2059.69,2071.93,2059.55,2012.63
241,4930.26,4961.76,4929.10,4810.84,4924.88,4950.37,4926.78,4952.86,4925.85,4954.26,4926.23,4952.93,4927.56,4955.11,4925.33,4951.20,5208.73,5247.50,1.32,3.36,4927.73,4965.30,2055.38,2067.60,2055.23,2013.97
242,4911.56,4942.95,4910.42,4772.98,4906.23,4931.65,4908.16,4934.14,4907.22,4935.55,4907.60,4934.24,4908.96,4936.44,4906.64,4932.40,5162.43,5201.22,1.32,3.33,4909.06,4946.52,2050.92,2063.11,2050.78,2003.19
243,4931.03,4962.53,4929.89,4792.51,4925.70,4951.17,4927.71,4953.82,4926.69,4955.09,4927.07,4953.79,4928.52,4956.13,4926.05,4951.81,5069.50,5107.82,1.33,3.32,4928.51,4966.10,2069.43,2081.74,2069.28,2021.70
244,4950.45,4982.01,4949.35,4792.88,4945.12,4970.65,4947.18,4973.36,4946.15,4974.60,4946.49,4973.29,4948.02,4975.73,4945.44,4971.20,4971.46,5008.95,1.32,3.30,4947.94,4985.65,2082.77,2095.14,2082.63,2029.62
245,4950.70,4982.27,4949.60,4812.37,4945.40,4970.93,4947.52,4973.71,4946.48,4974.94,4946.74,4973.56,4948.34,4976.08,4945.71,4971.47,4873.43,4910.08,1.32,3.27,4948.19,4985.93,2087.07,2099.49,2086.92,2043.31
246,4950.83,4982.41,4949.73,4812.63,4945.54,4971.08,4947.71,4973.92,4946.63,4975.07,4946.85,4973.68,4948.56,4976.36,4945.86,4971.61,4725.60,4761.13,1.31,3.25,4948.34,4986.08,2093.51,2105.98,2093.35,2047.89
247,4951.12,4982.70,4950.00,4812.78,4945.81,4971.32,4948.05,4974.24,4946.93,4975.33,4947.12,4973.97,4948.92,4976.77,4946.13,4971.88,4577.76,4612.11,1.29,3.21,4948.60,4986.41,2095.56,2108.06,2095.37,2054.67
248,4932.46,4963.93,4931.35,4794.08,4927.17,4952.60,4929.44,4955.55,4928.31,4956.57,4928.44,4955.25,4930.39,4958.26,4927.52,4953.20,4386.71,4419.53,1.27,3.15,4929.94,4967.60,2105.64,2118.21,2105.45,2061.11
249,4971.42,5003.12,4970.29,4832.77,4966.10,4991.65,4968.46,4994.73,4967.22,4995.60,4967.33,4994.29,4969.37,4997.38,4966.46,4992.23,4336.93,4369.36,1.27,3.17,4968.87,5006.77,2121.22,2133.88,2121.03,2076.63
250,4952.34,4983.91,4951.22,4814.41,4947.07,4972.58,4949.38,4975.62,4948.17,4976.44,4948.23,4975.19,4950.36,4978.40,4947.43,4973.18,4192.48,4223.78,1.29,3.21,4949.80,4987.59,2131.21,2143.94,2131.01,2084.02
251,4933.26,4964.71,4932.15,4795.14,4928.02,4953.47,4930.30,4956.47,4929.11,4957.27,4929.13,4956.07,4931.35,4959.39,4928.38,4954.12,4048.84,4079.01,1.31,3.17,4930.72,4968.39,2131.09,2143.84,2130.88,2085.70
252,4914.41,4945.82,4913.23,4814.29,4909.25,4934.62,4911.58,4937.70,4910.31,4938.35,4910.29,4937.22,4912.59,4940.61,4909.60,4935.26,3998.26,4028.10,1.30,3.09,4911.84,4949.46,2117.69,2130.39,2117.45,2093.76
253,4914.77,4946.16,4913.63,4757.10,4909.63,4935.00,4911.95,4937.99,4910.71,4938.68,4910.62,4937.61,4912.99,4941.02,4909.97,4935.60,3897.97,3927.19,1.28,3.04,4912.22,4949.83,2119.57,2132.28,2119.34,2066.30
254,4914.98,4946.40,4913.79,4795.75,4909.84,4935.18,4912.18,4938.26,4910.88,4938.79,4910.75,4937.80,4913.23,4941.34,4910.18,4935.83,3993.38,4022.91,1.20,2.87,4912.39,4950.02,2125.75,2138.53,2125.48,2090.61
255,4895.57,4926.92,4894.36,4776.55,4890.46,4915.72,4892.78,4918.79,4891.50,4919.25,4891.27,4918.30,4893.85,4921.95,4890.80,4916.39,4039.00,4068.53,3.26,15.80,4892.94,4930.47,2122.56,2135.36,2122.28,2087.06
256,4934.07,4965.62,4932.90,4757.01,4928.90,4954.28,4931.25,4957.36,4929.97,4957.80,4929.67,4956.91,4932.32,4960.61,4929.22,4954.95,4131.34,4161.47,3.38,16.11,4931.44,4969.22,2145.22,2158.15,2144.95,2084.30
257,4895.57,4926.91,4894.37,4795.67,4890.51,4915.79,4892.82,4918.87,4891.50,4919.16,4891.19,4918.41,4893.94,4922.26,4890.87,4916.60,4131.42,4161.45,3.53,16.97,4892.96,4930.56,2133.90,2146.77,2133.60,2107.70
258,4895.49,4926.78,4894.34,4756.99,4890.52,4915.79,4892.84,4918.88,4891.48,4919.07,4891.14,4918.40,4893.94,4922.32,4890.88,4916.62,4177.37,4207.82,3.77,18.20,4892.96,4930.53,2132.16,2145.00,2131.89,2088.52
259,4914.50,4945.86,4913.38,4776.06,4909.59,4934.93,4911.94,4938.04,4910.53,4938.15,4910.14,4937.55,4912.98,4941.49,4909.95,4935.80,4273.06,4304.27,3.00,16.64,4912.01,4949.66,2135.17,2148.01,2134.92,2091.45
260,4933.53,4964.96,4932.44,4776.01,4928.59,4953.98,4931.00,4957.13,4929.58,4957.22,4929.09,4956.60,4932.00,4960.67,4928.94,4954.87,4368.73,4400.68,1.51,12.11,4931.04,4968.78,2144.33,2157.21,2144.09,2091.43
261,4952.55,4984.05,4951.51,4795.11,4947.62,4973.07,4950.04,4976.23,4948.57,4976.23,4948.05,4975.68,4950.99,4979.81,4947.98,4973.99,4468.39,4500.89,,,4950.09,4987.87,2154.95,2167.88,2154.73,2100.67
262,4914.43,4945.76,4913.37,4814.20,4909.58,4934.89,4912.01,4938.07,4910.48,4937.95,4909.93,4937.48,4912.94,4941.70,4909.95,4935.87,4468.60,4501.26,,,4912.00,4949.48,2135.14,2147.96,2134.91,2111.41
263,4914.44,4945.77,4913.37,4775.97,4909.58,4934.89,4912.03,4938.08,4910.44,4937.87,4909.85,4937.46,4912.91,4941.74,4909.95,4935.90,4518.55,4551.55,,,4911.99,4949.43,2135.14,2147.96,2134.91,2091.40
264,4914.44,4945.77,4913.36,4775.98,4909.59,4934.92,4912.04,4938.07,4910.42,4937.82,4909.80,4937.48,4912.85,4941.75,4909.96,4935.94,4664.71,4698.63,,,4911.99,4949.41,2135.14,2147.95,2134.91,2091.41
265,4914.43,4945.75,4913.36,4775.98,4909.60,4934.92,4912.05,4938.04,4910.39,4937.75,4909.74,4937.48,4912.78,4941.75,4909.95,4935.97,4765.13,4799.59,,,4911.99,4949.38,2135.13,2147.94,2134.90,2091.40
266,4895.34,4926.52,4894.28,4756.82,4890.55,4915.82,4892.98,4918.81,4891.31,4918.56,4890.62,4918.35,4893.63,4922.56,4890.89,4916.83,4865.54,4900.56,,,4892.94,4930.20,2126.08,2138.82,2125.86,2082.27
267,4933.79,4965.23,4932.70,4775.96,4928.98,4954.44,4931.41,4957.44,4929.67,4957.08,4928.94,4956.92,4931.98,4961.20,4929.34,4955.49,5011.71,5047.64,,,4931.33,4968.83,2138.96,2151.79,2138.73,2091.38
268,4914.46,4945.81,4913.37,4795.42,4909.57,4934.93,4912.04,4937.97,4910.31,4937.64,4909.47,4937.38,4912.55,4941.79,4909.91,4936.02,5157.92,5194.91,,,4912.01,4949.40,2135.13,2147.94,2134.90,2094.79
269,4895.12,4926.35,4894.03,4776.00,4890.14,4915.38,4892.65,4918.45,4890.94,4918.19,4889.98,4917.81,4893.09,4922.35,4890.48,4916.51,5254.40,5292.28,,,4892.66,4929.93,2131.47,2144.26,2131.24,2091.39
270,4895.14,4926.38,4894.03,4756.61,4890.12,4915.39,4892.62,4918.43,4890.90,4918.17,4889.86,4917.76,4892.97,4922.33,4890.47,4916.54,5350.90,5389.71,,,4892.67,4929.93,2131.47,2144.26,2131.24,2088.17
271,4914.23,4945.58,4913.11,4756.63,4899.56,4924.86,4902.01,4927.82,4900.33,4927.61,4899.19,4927.18,4902.33,4931.84,4909.45,4935.60,5448.10,5487.79,,,4911.71,4949.10,2140.67,2153.52,2140.43,2088.18
272,4895.42,4926.67,4894.33,4776.02,4899.69,4924.99,4902.13,4927.92,4900.40,4927.70,4899.15,4927.16,4902.29,4931.95,4890.74,4916.82,5498.11,5538.47,,,4892.92,4930.10,2131.20,2143.99,2130.97,2097.16
273,4933.65,4965.09,4932.59,4776.13,4893.17,4918.42,4895.61,4921.34,4893.88,4921.17,4892.45,4920.46,4895.60,4925.36,4928.92,4955.15,5548.87,5589.83,,,4931.15,4968.57,2150.47,2163.36,2150.26,2096.56
274,4933.89,4965.41,4932.77,4795.12,4865.43,4890.50,4867.89,4893.47,4866.10,4893.15,4864.68,4892.50,4867.86,4897.52,4929.19,4955.40,5460.17,5500.83,,,4931.32,4968.70,2138.08,2150.92,2137.84,2101.81
275,4933.81,4965.28,4932.74,4795.57,4903.90,4929.11,4906.31,4931.99,4904.61,4931.84,4903.12,4931.10,4906.30,4936.18,4928.97,4955.23,5464.54,5505.61,,,4931.29,4968.66,2148.55,2161.43,2148.34,2099.77
276,4876.05,4907.16,4874.97,4756.68,4912.07,4937.41,4914.37,4940.17,4912.71,4940.01,4911.19,4939.37,4914.39,4944.48,4871.22,4897.36,5468.82,5510.24,,,4873.63,4910.61,2128.42,2141.18,2128.20,2094.06
277,4876.26,4907.34,4875.22,4737.67,4950.62,4976.07,4952.94,4978.75,4951.30,4978.73,4949.68,4978.00,4952.90,4983.09,4871.47,4897.55,5426.55,5467.97,,,4873.91,4910.82,2122.09,2134.79,2121.89,2078.71
278,4895.07,4926.18,4894.11,4756.55,4916.65,4941.95,4918.95,4944.66,4917.38,4944.62,4915.72,4943.84,4918.97,4949.07,4890.19,4916.42,5474.12,5516.34,,,4892.84,4929.84,2136.24,2148.98,2136.07,2093.44
279,4930.30,4961.63,4929.35,4752.76,4961.51,4987.09,4963.66,4989.61,4962.16,4989.60,4960.56,4989.01,4963.74,4994.11,4948.36,4974.83,5378.75,5420.61,,,4950.86,4988.18,2135.50,2148.23,2135.35,2084.48
280,4692.77,4722.41,4692.08,4583.05,4959.13,4984.67,4961.33,4987.23,4959.86,4987.30,4958.06,4986.57,4961.30,4991.68,4928.87,4955.25,5329.15,5370.96,,,4931.54,4968.70,2039.33,2051.35,2039.29,1998.26
281,0.94,1.98,0.21,0.89,4872.57,4897.68,4874.87,4900.26,4873.38,4900.50,4871.54,4899.56,4874.59,4904.40,4909.37,4935.72,5229.43,5270.55,,,4912.21,4949.21,0.32,0.72,0.07,0.39
282,1.43,3.37,0.59,1.43,5094.41,5120.60,5096.59,5122.90,5095.18,5123.45,5093.23,5122.55,5096.42,5127.46,4909.31,4935.63,5083.20,5123.33,,,4912.21,4949.17,1.06,2.23,0.35,1.06
283,1.41,3.36,0.53,1.42,5198.71,5225.18,5201.02,5227.71,5199.43,5228.07,5197.49,5227.03,5200.63,5232.00,5115.52,5142.34,5184.35,5224.82,,,5118.62,5156.74,1.03,2.18,0.29,1.04
284,1.42,3.44,0.58,1.42,5404.54,5431.95,5406.87,5434.52,5405.24,5434.93,5403.11,5433.84,5406.55,5439.06,5069.73,5096.30,5094.24,5133.75,,,5072.64,5110.38,1.05,2.35,0.34,1.05
285,1.35,3.26,0.52,1.32,5431.23,5458.65,5433.43,5461.26,5431.78,5461.50,5429.69,5460.49,5433.09,5465.50,5108.46,5135.14,4913.82,4951.78,,,5111.71,5149.52,0.96,2.18,0.28,0.95
286,1.39,3.36,0.54,1.33,5368.10,5395.24,5370.59,5398.13,5369.04,5398.72,5366.61,5397.04,5369.99,5402.08,5109.20,5135.89,4812.23,4849.93,,,5112.47,5150.33,1.04,2.36,0.30,1.01
287,,,,,5832.78,5862.10,5835.33,5864.75,5833.55,5865.59,5830.70,5863.56,5834.65,5869.30,5230.40,5257.23,5024.72,5062.94,,,5234.16,5272.39,,,,
288,,,,,6190.42,6220.60,6193.43,6224.02,6191.31,6224.20,6188.55,6221.99,6192.43,6228.25,6217.17,6247.08,5192.39,5231.56,,,6220.68,6265.18,,,,
